;FLAVOR:Marlin
;TIME:2957
;Filament used: 2.57819m
;Layer height: 0.2
;MINX:89
;MINY:75.9
;MINZ:0.2
;MAXX:131
;MAXY:144.1
;MAXZ:22.2
;TARGET_MACHINE.NAME:Creality Ender-5
;Generated with Cura_SteamEngine 5.12.0
M140 S50
M105
M190 S50
M104 S200
M105
M109 S200
M201 X500.00 Y500.00 Z100.00 E5000.00 ;Setup machine max acceleration
M203 X500.00 Y500.00 Z10.00 E50.00 ;Setup machine max feedrate
M204 P500.00 R1000.00 T500.00 ;Setup Print/Retract/Travel acceleration
M205 X8.00 Y8.00 Z0.40 E5.00 ;Setup Jerk
M220 S100 ;Reset Feedrate
M221 S100 ;Reset Flowrate

G28 ;Home

G92 E0 ;Reset Extruder
G1 Z2.0 F3000 ;Move Z Axis up
G1 X10.1 Y20 Z0.28 F5000.0 ;Move to start position
G1 X10.1 Y200.0 Z0.28 F1500.0 E15 ;Draw the first line
G1 X10.4 Y200.0 Z0.28 F5000.0 ;Move to side a little
G1 X10.4 Y20 Z0.28 F1500.0 E30 ;Draw the second line
G92 E0 ;Reset Extruder
G1 Z2.0 F3000 ;Move Z Axis up

M82 ;absolute extrusion mode
G92 E0
G92 E0
G1 F2700 E-5
;LAYER_COUNT:111
;LAYER:0
M107
G0 F6000 X91.767 Y79.626 Z0.2
;TYPE:SKIRT
G1 F2700 E0
G1 F1200 X92.469 Y78.901 E0.03357
G1 X93.179 Y78.287 E0.06479
G1 X93.998 Y77.697 E0.09836
G1 X94.837 Y77.201 E0.13077
G1 X95.651 Y76.81 E0.16081
G1 X96.628 Y76.442 E0.19553
G1 X97.532 Y76.192 E0.22673
G1 X98.534 Y76.009 E0.26061
G1 X99.705 Y75.913 E0.29969
G1 X100.312 Y75.9 E0.31988
G1 X119.304 Y75.9 E0.95156
G1 X120.184 Y75.913 E0.98083
G1 X121.156 Y75.972 E1.01322
G1 X122.119 Y76.118 E1.04561
G1 X123.066 Y76.349 E1.07803
G1 X123.954 Y76.649 E1.10921
G1 X124.846 Y77.039 E1.14159
G1 X125.729 Y77.526 E1.17513
G1 X126.48 Y78.028 E1.20517
G1 X127.295 Y78.686 E1.24001
G1 X127.993 Y79.364 E1.27238
G1 X128.629 Y80.101 E1.30475
G1 X129.199 Y80.891 E1.33715
G1 X129.661 Y81.667 E1.36719
G1 X130.115 Y82.609 E1.40197
G1 X130.444 Y83.487 E1.43316
G1 X130.713 Y84.459 E1.4667
G1 X130.89 Y85.425 E1.49937
G1 X130.985 Y86.555 E1.53708
G1 X131 Y87.23 E1.55954
G1 X130.999 Y132.516 E3.06576
G1 X130.987 Y133.277 E3.09107
G1 X130.929 Y134.25 E3.12349
G1 X130.783 Y135.213 E3.15589
G1 X130.552 Y136.16 E3.18831
G1 X130.239 Y137.082 E3.22069
G1 X129.847 Y137.973 E3.25307
G1 X129.395 Y138.795 E3.28427
G1 X128.833 Y139.633 E3.31783
G1 X128.243 Y140.363 E3.34905
G1 X127.54 Y141.089 E3.38266
G1 X126.804 Y141.725 E3.41501
G1 X126.014 Y142.295 E3.44741
G1 X125.238 Y142.758 E3.47747
G1 X124.298 Y143.211 E3.51217
G1 X123.385 Y143.553 E3.5446
G1 X122.447 Y143.812 E3.57697
G1 X121.481 Y143.989 E3.60963
G1 X120.345 Y144.085 E3.64755
G1 X119.67 Y144.1 E3.67
G1 X100.549 Y144.099 E4.30597
G1 X99.816 Y144.087 E4.33035
G1 X98.844 Y144.028 E4.36274
G1 X97.881 Y143.882 E4.39514
G1 X96.934 Y143.651 E4.42756
G1 X96.046 Y143.351 E4.45873
G1 X95.154 Y142.961 E4.49111
G1 X94.271 Y142.474 E4.52465
G1 X93.52 Y141.972 E4.5547
G1 X92.705 Y141.314 E4.58954
G1 X92.007 Y140.636 E4.6219
G1 X91.371 Y139.899 E4.65428
G1 X90.801 Y139.109 E4.68668
G1 X90.339 Y138.333 E4.71672
G1 X89.885 Y137.391 E4.7515
G1 X89.556 Y136.513 E4.78268
G1 X89.287 Y135.54 E4.81626
G1 X89.11 Y134.573 E4.84896
G1 X89.014 Y133.408 E4.88784
G1 X89 Y132.758 E4.90946
G1 X89.001 Y87.409 E6.41777
G1 X89.013 Y86.708 E6.44109
G1 X89.073 Y85.735 E6.47352
G1 X89.22 Y84.774 E6.50585
G1 X89.451 Y83.826 E6.5383
G1 X89.753 Y82.937 E6.56953
G1 X90.16 Y82.015 E6.60305
G1 X90.631 Y81.163 E6.63543
G1 X91.176 Y80.354 E6.66788
G1 X91.767 Y79.626 E6.69906
G0 F6000 X92.078 Y79.878
G1 F1200 X92.731 Y79.204 E6.73028
G1 X93.441 Y78.59 E6.7615
G1 X94.202 Y78.041 E6.79271
G1 X95.01 Y77.562 E6.82395
G1 X95.824 Y77.171 E6.85398
G1 X96.735 Y76.828 E6.88636
G1 X97.639 Y76.578 E6.91756
G1 X98.567 Y76.408 E6.94893
G1 X99.714 Y76.313 E6.98721
G1 X100.321 Y76.3 E7.00741
G1 X119.298 Y76.3 E7.63859
G1 X120.16 Y76.312 E7.66726
G1 X121.097 Y76.368 E7.69848
G1 X122.025 Y76.507 E7.72969
G1 X122.938 Y76.728 E7.76093
G1 X123.794 Y77.016 E7.79097
G1 X124.686 Y77.406 E7.82335
G1 X125.507 Y77.859 E7.85454
G1 X126.258 Y78.361 E7.88458
G1 X127.017 Y78.973 E7.91701
G1 X127.691 Y79.626 E7.94822
G1 X128.305 Y80.335 E7.97942
G1 X128.855 Y81.096 E8.01065
G1 X129.317 Y81.872 E8.04069
G1 X129.74 Y82.749 E8.07307
G1 X130.069 Y83.627 E8.10426
G1 X130.32 Y84.532 E8.13549
G1 X130.491 Y85.459 E8.16685
G1 X130.586 Y86.589 E8.20456
G1 X130.6 Y87.23 E8.22589
G1 X130.599 Y132.51 E9.73191
G1 X130.588 Y133.254 E9.75665
G1 X130.533 Y134.191 E9.78787
G1 X130.394 Y135.119 E9.81908
G1 X130.173 Y136.032 E9.85033
G1 X129.873 Y136.921 E9.88153
G1 X129.496 Y137.78 E9.91273
G1 X129.044 Y138.602 E9.94393
G1 X128.521 Y139.382 E9.97517
G1 X127.955 Y140.085 E10.00519
G1 X127.278 Y140.787 E10.03762
G1 X126.57 Y141.401 E10.06879
G1 X125.809 Y141.951 E10.10002
G1 X125.033 Y142.414 E10.13008
G1 X124.157 Y142.837 E10.16243
G1 X123.278 Y143.168 E10.19367
G1 X122.374 Y143.419 E10.22488
G1 X121.447 Y143.59 E10.25623
G1 X120.311 Y143.686 E10.29415
G1 X119.67 Y143.7 E10.31547
G1 X100.555 Y143.699 E10.95124
G1 X99.84 Y143.688 E10.97502
G1 X98.903 Y143.632 E11.00625
G1 X97.975 Y143.493 E11.03745
G1 X97.062 Y143.272 E11.0687
G1 X96.206 Y142.984 E11.09874
G1 X95.314 Y142.594 E11.13112
G1 X94.493 Y142.141 E11.1623
G1 X93.742 Y141.639 E11.19235
G1 X92.983 Y141.027 E11.22478
G1 X92.309 Y140.374 E11.25599
G1 X91.695 Y139.665 E11.28719
G1 X91.145 Y138.904 E11.31842
G1 X90.683 Y138.128 E11.34845
G1 X90.26 Y137.251 E11.38084
G1 X89.931 Y136.373 E11.41202
G1 X89.68 Y135.468 E11.44326
G1 X89.509 Y134.54 E11.47464
G1 X89.413 Y133.375 E11.51352
G1 X89.4 Y132.758 E11.53405
G1 X89.401 Y87.415 E13.04216
G1 X89.412 Y86.732 E13.06488
G1 X89.469 Y85.795 E13.09611
G1 X89.609 Y84.868 E13.12729
G1 X89.83 Y83.955 E13.15853
G1 X90.132 Y83.066 E13.18976
G1 X90.51 Y82.208 E13.22094
G1 X90.963 Y81.386 E13.25216
G1 X91.487 Y80.606 E13.28341
G1 X92.078 Y79.878 E13.3146
G0 F6000 X92.366 Y80.156
G1 F1200 X92.993 Y79.506 E13.34464
G1 X93.675 Y78.914 E13.37468
G1 X94.407 Y78.385 E13.40472
G1 X95.183 Y77.923 E13.43475
G1 X95.997 Y77.532 E13.46479
G1 X96.842 Y77.213 E13.49483
G1 X97.712 Y76.971 E13.52486
G1 X98.6 Y76.807 E13.5549
G1 X99.723 Y76.713 E13.59238
G1 X100.33 Y76.7 E13.61257
G1 X119.293 Y76.7 E14.24329
G1 X120.137 Y76.711 E14.27136
G1 X121.039 Y76.764 E14.30141
G1 X121.932 Y76.896 E14.33144
G1 X122.81 Y77.107 E14.36147
G1 X123.666 Y77.395 E14.39151
G1 X124.493 Y77.757 E14.42153
G1 X125.285 Y78.192 E14.45159
G1 X126.036 Y78.694 E14.48163
G1 X126.739 Y79.261 E14.51167
G1 X127.389 Y79.888 E14.54171
G1 X127.981 Y80.57 E14.57175
G1 X128.511 Y81.301 E14.60178
G1 X128.973 Y82.077 E14.63182
G1 X129.366 Y82.89 E14.66185
G1 X129.684 Y83.735 E14.69188
G1 X129.927 Y84.605 E14.72192
G1 X130.092 Y85.493 E14.75196
G1 X130.187 Y86.623 E14.78968
G1 X130.2 Y87.23 E14.80987
G1 X130.199 Y132.504 E16.31569
G1 X130.189 Y133.231 E16.33988
G1 X130.137 Y134.133 E16.36993
G1 X130.005 Y135.026 E16.39995
G1 X129.794 Y135.905 E16.43002
G1 X129.507 Y136.761 E16.46004
G1 X129.145 Y137.588 E16.49007
G1 X128.711 Y138.38 E16.52011
G1 X128.209 Y139.131 E16.55015
G1 X127.643 Y139.834 E16.58017
G1 X127.016 Y140.485 E16.61023
G1 X126.335 Y141.077 E16.64025
G1 X125.604 Y141.607 E16.67028
G1 X124.828 Y142.07 E16.70033
G1 X124.015 Y142.463 E16.73037
G1 X123.17 Y142.783 E16.76042
G1 X122.301 Y143.026 E16.79043
G1 X121.413 Y143.191 E16.82047
G1 X120.277 Y143.287 E16.85839
G1 X119.67 Y143.3 E16.87858
G1 X100.561 Y143.299 E17.51415
G1 X99.863 Y143.289 E17.53737
G1 X98.961 Y143.236 E17.56742
G1 X98.068 Y143.104 E17.59744
G1 X97.19 Y142.893 E17.62748
G1 X96.334 Y142.605 E17.65752
G1 X95.507 Y142.243 E17.68754
G1 X94.715 Y141.808 E17.7176
G1 X93.964 Y141.306 E17.74764
G1 X93.261 Y140.739 E17.77768
G1 X92.611 Y140.112 E17.80772
G1 X92.019 Y139.43 E17.83776
G1 X91.489 Y138.699 E17.86779
G1 X91.027 Y137.923 E17.89783
G1 X90.634 Y137.11 E17.92786
G1 X90.316 Y136.265 E17.95789
G1 X90.073 Y135.395 E17.98793
G1 X89.908 Y134.507 E18.01797
G1 X89.813 Y133.366 E18.05605
G1 X89.8 Y132.758 E18.07628
G1 X89.801 Y87.421 E19.5842
G1 X89.811 Y86.756 E19.60632
G1 X89.865 Y85.854 E19.63637
G1 X89.998 Y84.961 E19.6664
G1 X90.209 Y84.083 E19.69643
G1 X90.498 Y83.227 E19.72648
G1 X90.861 Y82.4 E19.75652
G1 X91.295 Y81.609 E19.78653
G1 X91.798 Y80.858 E19.81659
G1 X92.366 Y80.156 E19.84663
G1 F2700 E14.84663
;MESH:v1.STL(1)
G0 F6000 X99.335 Y87.324
G0 X100.424 Y87.324
G0 X101.972 Y131.128
G0 X110 Y131.3
;TYPE:WALL-INNER
G1 F2700 E19.84663
G1 F1200 X118.2 Y131.3 E20.11936
G1 X118.2 Y88.7 E21.53624
G1 X101.8 Y88.7 E22.08171
G1 X101.8 Y131.3 E23.49859
G1 X110 Y131.3 E23.77132
G0 F6000 X110 Y131.7
G1 F1200 X118.6 Y131.7 E24.05736
G1 X118.6 Y88.3 E25.50085
G1 X101.4 Y88.3 E26.07293
G1 X101.4 Y131.7 E27.51642
G1 X110 Y131.7 E27.80245
G0 F6000 X110 Y132.1
G1 F1200 X119 Y132.1 E28.10179
G1 X119 Y87.9 E29.57189
G1 X101 Y87.9 E30.17057
G1 X101 Y132.1 E31.64067
G1 X110 Y132.1 E31.94001
G0 F6000 X110 Y132.5
G1 F1200 X119.4 Y132.5 E32.25266
G1 X119.4 Y87.5 E33.74936
G1 X100.6 Y87.5 E34.37466
G1 X100.6 Y132.5 E35.87136
G1 X110 Y132.5 E36.18401
G0 F6000 X110 Y132.9
;TYPE:WALL-OUTER
G1 F1200 X119.8 Y132.9 E36.50996
G1 X119.8 Y87.1 E38.03327
G1 X100.2 Y87.1 E38.68517
G1 X100.2 Y132.9 E40.20848
G1 X110 Y132.9 E40.53443
G0 F6000 X110 Y132.19
G0 X110 Y131.2
G0 X110 Y130.94
;TYPE:SKIN
G1 F1200 X102.16 Y130.94 E40.79519
G1 X102.16 Y89.06 E42.18813
G1 X117.84 Y89.06 E42.70965
G1 X117.84 Y130.94 E44.10258
G1 X110 Y130.94 E44.36334
G0 F6000 X110 Y131.2
G0 X101.972 Y131.128
G0 X101.9 Y130.644
G0 X102.36 Y130.644
G1 F1200 X102.456 Y130.74 E44.36785
G0 F6000 X103.021 Y130.74
G1 F1200 X102.36 Y130.079 E44.39895
G0 F6000 X102.36 Y129.513
G1 F1200 X103.587 Y130.74 E44.45666
G0 F6000 X104.153 Y130.74
G1 F1200 X102.36 Y128.947 E44.541
G0 F6000 X102.36 Y128.382
G1 F1200 X104.718 Y130.74 E44.65191
G0 F6000 X105.284 Y130.74
G1 F1200 X102.36 Y127.816 E44.78945
G0 F6000 X102.36 Y127.25
G1 F1200 X105.85 Y130.74 E44.95361
G0 F6000 X106.415 Y130.74
G1 F1200 X102.36 Y126.685 E45.14434
G0 F6000 X102.36 Y126.119
G1 F1200 X106.981 Y130.74 E45.3617
G0 F6000 X107.547 Y130.74
G1 F1200 X102.36 Y125.553 E45.60568
G0 F6000 X102.36 Y124.987
G1 F1200 X108.112 Y130.74 E45.87626
G0 F6000 X108.678 Y130.74
G1 F1200 X102.36 Y124.422 E46.17344
G0 F6000 X102.36 Y123.856
G1 F1200 X109.244 Y130.74 E46.49724
G0 F6000 X109.809 Y130.74
G1 F1200 X102.36 Y123.29 E46.84764
G0 F6000 X102.36 Y122.725
G1 F1200 X110.375 Y130.74 E47.22464
G0 F6000 X110.941 Y130.74
G1 F1200 X102.36 Y122.159 E47.62827
G0 F6000 X102.36 Y121.593
G1 F1200 X111.506 Y130.74 E48.05849
G0 F6000 X112.072 Y130.74
G1 F1200 X102.36 Y121.028 E48.51531
G0 F6000 X102.36 Y120.462
G1 F1200 X112.638 Y130.74 E48.99876
G0 F6000 X113.204 Y130.74
G1 F1200 X102.36 Y119.896 E49.50883
G0 F6000 X102.36 Y119.331
G1 F1200 X113.769 Y130.74 E50.04547
G0 F6000 X114.335 Y130.74
G1 F1200 X102.36 Y118.765 E50.60874
G0 F6000 X102.36 Y118.199
G1 F1200 X114.901 Y130.74 E51.19863
G0 F6000 X115.466 Y130.74
G1 F1200 X102.36 Y117.634 E51.81509
G0 F6000 X102.36 Y117.068
G1 F1200 X116.032 Y130.74 E52.45818
G0 F6000 X116.598 Y130.74
G1 F1200 X102.36 Y116.502 E53.1279
G0 F6000 X102.36 Y115.937
G1 F1200 X117.163 Y130.74 E53.82418
G0 F6000 X117.64 Y130.651
G1 F1200 X102.36 Y115.371 E54.54291
G0 F6000 X102.36 Y114.805
G1 F1200 X117.64 Y130.085 E55.26163
G0 F6000 X117.64 Y129.519
G1 F1200 X102.36 Y114.239 E55.98036
G0 F6000 X102.36 Y113.674
G1 F1200 X117.64 Y128.954 E56.69908
G0 F6000 X117.64 Y128.388
G1 F1200 X102.36 Y113.108 E57.41781
G0 F6000 X102.36 Y112.542
G1 F1200 X117.64 Y127.822 E58.13653
G0 F6000 X117.64 Y127.257
G1 F1200 X102.36 Y111.977 E58.85525
G0 F6000 X102.36 Y111.411
G1 F1200 X117.64 Y126.691 E59.57398
G0 F6000 X117.64 Y126.125
G1 F1200 X102.36 Y110.845 E60.2927
G0 F6000 X102.36 Y110.28
G1 F1200 X117.64 Y125.56 E61.01143
G0 F6000 X117.64 Y124.994
G1 F1200 X102.36 Y109.714 E61.73015
G0 F6000 X102.36 Y109.148
G1 F1200 X117.64 Y124.428 E62.44888
G0 F6000 X117.64 Y123.862
G1 F1200 X102.36 Y108.583 E63.16758
G0 F6000 X102.36 Y108.017
G1 F1200 X117.64 Y123.297 E63.8863
G0 F6000 X117.64 Y122.731
G1 F1200 X102.36 Y107.451 E64.60503
G0 F6000 X102.36 Y106.886
G1 F1200 X117.64 Y122.165 E65.32373
G0 F6000 X117.64 Y121.6
G1 F1200 X102.36 Y106.32 E66.04245
G0 F6000 X102.36 Y105.754
G1 F1200 X117.64 Y121.034 E66.76117
G0 F6000 X117.64 Y120.468
G1 F1200 X102.36 Y105.188 E67.4799
G0 F6000 X102.36 Y104.623
G1 F1200 X117.64 Y119.903 E68.19862
G0 F6000 X117.64 Y119.337
G1 F1200 X102.36 Y104.057 E68.91735
G0 F6000 X102.36 Y103.491
G1 F1200 X117.64 Y118.771 E69.63607
G0 F6000 X117.64 Y118.206
G1 F1200 X102.36 Y102.926 E70.3548
G0 F6000 X102.36 Y102.36
G1 F1200 X117.64 Y117.64 E71.07352
G0 F6000 X117.64 Y117.074
G1 F1200 X102.36 Y101.794 E71.79225
G0 F6000 X102.36 Y101.229
G1 F1200 X117.64 Y116.509 E72.51097
G0 F6000 X117.64 Y115.943
G1 F1200 X102.36 Y100.663 E73.22969
G0 F6000 X102.36 Y100.097
G1 F1200 X117.64 Y115.377 E73.94842
G0 F6000 X117.64 Y114.812
G1 F1200 X102.36 Y99.532 E74.66714
G0 F6000 X102.36 Y98.966
G1 F1200 X117.64 Y114.246 E75.38587
G0 F6000 X117.64 Y113.68
G1 F1200 X102.36 Y98.4 E76.10459
G0 F6000 X102.36 Y97.835
G1 F1200 X117.64 Y113.114 E76.82329
G0 F6000 X117.64 Y112.549
G1 F1200 X102.36 Y97.269 E77.54202
G0 F6000 X102.36 Y96.703
G1 F1200 X117.64 Y111.983 E78.26074
G0 F6000 X117.64 Y111.417
G1 F1200 X102.36 Y96.138 E78.97944
G0 F6000 X102.36 Y95.572
G1 F1200 X117.64 Y110.852 E79.69817
G0 F6000 X117.64 Y110.286
G1 F1200 X102.36 Y95.006 E80.41689
G0 F6000 X102.36 Y94.44
G1 F1200 X117.64 Y109.72 E81.13561
G0 F6000 X117.64 Y109.155
G1 F1200 X102.36 Y93.875 E81.85434
G0 F6000 X102.36 Y93.309
G1 F1200 X117.64 Y108.589 E82.57306
G0 F6000 X117.64 Y108.023
G1 F1200 X102.36 Y92.743 E83.29179
G0 F6000 X102.36 Y92.178
G1 F1200 X117.64 Y107.458 E84.01051
G0 F6000 X117.64 Y106.892
G1 F1200 X102.36 Y91.612 E84.72924
G0 F6000 X102.36 Y91.046
G1 F1200 X117.64 Y106.326 E85.44796
G0 F6000 X117.64 Y105.761
G1 F1200 X102.36 Y90.481 E86.16669
G0 F6000 X102.36 Y89.915
G1 F1200 X117.64 Y105.195 E86.88541
G0 F6000 X117.64 Y104.629
G1 F1200 X102.36 Y89.349 E87.60413
G0 F6000 X102.837 Y89.26
G1 F1200 X117.64 Y104.063 E88.30042
G0 F6000 X117.64 Y103.498
G1 F1200 X103.402 Y89.26 E88.97013
G0 F6000 X103.968 Y89.26
G1 F1200 X117.64 Y102.932 E89.61322
G0 F6000 X117.64 Y102.366
G1 F1200 X104.534 Y89.26 E90.22969
G0 F6000 X105.099 Y89.26
G1 F1200 X117.64 Y101.801 E90.81958
G0 F6000 X117.64 Y101.235
G1 F1200 X105.665 Y89.26 E91.38285
G0 F6000 X106.231 Y89.26
G1 F1200 X117.64 Y100.669 E91.91949
G0 F6000 X117.64 Y100.104
G1 F1200 X106.796 Y89.26 E92.42956
G0 F6000 X107.362 Y89.26
G1 F1200 X117.64 Y99.538 E92.913
G0 F6000 X117.64 Y98.972
G1 F1200 X107.928 Y89.26 E93.36983
G0 F6000 X108.494 Y89.26
G1 F1200 X117.64 Y98.407 E93.80005
G0 F6000 X117.64 Y97.841
G1 F1200 X109.059 Y89.26 E94.20367
G0 F6000 X109.625 Y89.26
G1 F1200 X117.64 Y97.275 E94.58068
G0 F6000 X117.64 Y96.71
G1 F1200 X110.191 Y89.26 E94.93108
G0 F6000 X110.756 Y89.26
G1 F1200 X117.64 Y96.144 E95.25488
G0 F6000 X117.64 Y95.578
G1 F1200 X111.322 Y89.26 E95.55206
G0 F6000 X111.888 Y89.26
G1 F1200 X117.64 Y95.013 E95.82264
G0 F6000 X117.64 Y94.447
G1 F1200 X112.453 Y89.26 E96.06662
G0 F6000 X113.019 Y89.26
G1 F1200 X117.64 Y93.881 E96.28398
G0 F6000 X117.64 Y93.315
G1 F1200 X113.585 Y89.26 E96.47471
G0 F6000 X114.15 Y89.26
G1 F1200 X117.64 Y92.75 E96.63887
G0 F6000 X117.64 Y92.184
G1 F1200 X114.716 Y89.26 E96.77641
G0 F6000 X115.282 Y89.26
G1 F1200 X117.64 Y91.618 E96.88732
G0 F6000 X117.64 Y91.053
G1 F1200 X115.847 Y89.26 E96.97166
G0 F6000 X116.413 Y89.26
G1 F1200 X117.64 Y90.487 E97.02937
G0 F6000 X117.64 Y89.921
G1 F1200 X116.979 Y89.26 E97.06046
G0 F6000 X117.544 Y89.26
G1 F1200 X117.64 Y89.356 E97.06498
G0 F6000 X118.4 Y89.356
G1 F2700 E92.06498
;MESH:NONMESH
G0 F300 Z0.4
G0 F6000 X118.028 Y88.872
G0 X100.424 Y87.324
G0 X99.335 Y87.324
G0 X92.366 Y80.156
;TIME_ELAPSED:161.062691
;LAYER:1
M106 S85
;TYPE:SKIRT
G1 F2700 E97.06498
G1 F1200 X92.993 Y79.506 E97.09502
G1 X93.675 Y78.914 E97.12505
G1 X94.407 Y78.385 E97.15509
G1 X95.183 Y77.923 E97.18513
G1 X95.997 Y77.532 E97.21516
G1 X96.842 Y77.213 E97.24521
G1 X97.712 Y76.971 E97.27524
G1 X98.6 Y76.807 E97.30527
G1 X99.723 Y76.713 E97.34276
G1 X100.33 Y76.7 E97.36295
G1 X119.293 Y76.7 E97.99366
G1 X120.137 Y76.711 E98.02174
G1 X121.039 Y76.764 E98.05179
G1 X121.932 Y76.896 E98.08181
G1 X122.81 Y77.107 E98.11185
G1 X123.666 Y77.395 E98.14189
G1 X124.493 Y77.757 E98.17191
G1 X125.285 Y78.192 E98.20196
G1 X126.036 Y78.694 E98.23201
G1 X126.739 Y79.261 E98.26205
G1 X127.389 Y79.888 E98.29209
G1 X127.981 Y80.57 E98.32212
G1 X128.511 Y81.301 E98.35216
G1 X128.973 Y82.077 E98.38219
G1 X129.366 Y82.89 E98.41223
G1 X129.684 Y83.735 E98.44226
G1 X129.927 Y84.605 E98.4723
G1 X130.092 Y85.493 E98.50234
G1 X130.187 Y86.623 E98.54006
G1 X130.2 Y87.23 E98.56025
G1 X130.199 Y132.504 E100.06607
G1 X130.189 Y133.231 E100.09025
G1 X130.137 Y134.133 E100.1203
G1 X130.005 Y135.026 E100.15033
G1 X129.794 Y135.905 E100.18039
G1 X129.507 Y136.761 E100.21042
G1 X129.145 Y137.588 E100.24045
G1 X128.711 Y138.38 E100.27049
G1 X128.209 Y139.131 E100.30053
G1 X127.643 Y139.834 E100.33055
G1 X127.016 Y140.485 E100.36061
G1 X126.335 Y141.077 E100.39062
G1 X125.604 Y141.607 E100.42065
G1 X124.828 Y142.07 E100.45071
G1 X124.015 Y142.463 E100.48074
G1 X123.17 Y142.783 E100.5108
G1 X122.301 Y143.026 E100.54081
G1 X121.413 Y143.191 E100.57085
G1 X120.277 Y143.287 E100.60877
G1 X119.67 Y143.3 E100.62896
G1 X100.561 Y143.299 E101.26453
G1 X99.863 Y143.289 E101.28774
G1 X98.961 Y143.236 E101.3178
G1 X98.068 Y143.104 E101.34782
G1 X97.19 Y142.893 E101.37786
G1 X96.334 Y142.605 E101.40789
G1 X95.507 Y142.243 E101.43792
G1 X94.715 Y141.808 E101.46797
G1 X93.964 Y141.306 E101.49802
G1 X93.261 Y140.739 E101.52806
G1 X92.611 Y140.112 E101.5581
G1 X92.019 Y139.43 E101.58813
G1 X91.489 Y138.699 E101.61816
G1 X91.027 Y137.923 E101.6482
G1 X90.634 Y137.11 E101.67824
G1 X90.316 Y136.265 E101.70827
G1 X90.073 Y135.395 E101.73831
G1 X89.908 Y134.507 E101.76835
G1 X89.813 Y133.366 E101.80643
G1 X89.8 Y132.758 E101.82666
G1 X89.801 Y87.421 E103.33457
G1 X89.811 Y86.756 E103.35669
G1 X89.865 Y85.854 E103.38675
G1 X89.998 Y84.961 E103.41678
G1 X90.209 Y84.083 E103.44681
G1 X90.498 Y83.227 E103.47686
G1 X90.861 Y82.4 E103.5069
G1 X91.295 Y81.609 E103.53691
G1 X91.798 Y80.858 E103.56697
G1 X92.366 Y80.156 E103.597
G1 F2700 E98.597
;MESH:v1.STL(1)
G0 F9000 X99.335 Y87.324
G0 X100.424 Y87.324
G0 X101.972 Y131.128
G0 X110 Y131.3
;TYPE:WALL-INNER
G1 F2700 E103.597
G1 F1800 X118.2 Y131.3 E103.86974
G1 X118.2 Y88.7 E105.28662
G1 X101.8 Y88.7 E105.83209
G1 X101.8 Y131.3 E107.24897
G1 X110 Y131.3 E107.5217
G0 F9000 X110 Y131.7
G1 F1800 X118.6 Y131.7 E107.80774
G1 X118.6 Y88.3 E109.25123
G1 X101.4 Y88.3 E109.8233
G1 X101.4 Y131.7 E111.26679
G1 X110 Y131.7 E111.55283
G0 F9000 X110 Y132.1
G1 F1800 X119 Y132.1 E111.85217
G1 X119 Y87.9 E113.32227
G1 X101 Y87.9 E113.92095
G1 X101 Y132.1 E115.39105
G1 X110 Y132.1 E115.69039
G0 F9000 X110 Y132.5
G1 F1800 X119.4 Y132.5 E116.00304
G1 X119.4 Y87.5 E117.49974
G1 X100.6 Y87.5 E118.12503
G1 X100.6 Y132.5 E119.62174
G1 X110 Y132.5 E119.93438
G0 F9000 X110 Y132.9
;TYPE:WALL-OUTER
G1 F1800 X119.8 Y132.9 E120.26033
G1 X119.8 Y87.1 E121.78365
G1 X100.2 Y87.1 E122.43555
G1 X100.2 Y132.9 E123.95886
G1 X110 Y132.9 E124.28481
G0 F9000 X110 Y132.19
G0 X110 Y131.2
G0 X110 Y130.94
;TYPE:SKIN
G1 F1800 X102.16 Y130.94 E124.54557
G1 X102.16 Y89.06 E125.9385
G1 X117.84 Y89.06 E126.46002
G1 X117.84 Y130.94 E127.85296
G1 X110 Y130.94 E128.11372
G0 F9000 X110 Y131.2
G0 X117.03 Y131.2
G0 X117.03 Y130.741
G1 F1800 X117.64 Y130.13 E128.14243
G0 F9000 X117.64 Y129.565
G1 F1800 X116.464 Y130.741 E128.19775
G0 F9000 X115.898 Y130.741
G1 F1800 X117.64 Y128.999 E128.27969
G0 F9000 X117.64 Y128.433
G1 F1800 X115.333 Y130.741 E128.38822
G0 F9000 X114.767 Y130.741
G1 F1800 X117.64 Y127.868 E128.52336
G0 F9000 X117.64 Y127.302
G1 F1800 X114.201 Y130.741 E128.68512
G0 F9000 X113.636 Y130.741
G1 F1800 X117.64 Y126.736 E128.87348
G0 F9000 X117.64 Y126.17
G1 F1800 X113.07 Y130.741 E129.08846
G0 F9000 X112.504 Y130.741
G1 F1800 X117.64 Y125.605 E129.33004
G0 F9000 X117.64 Y125.039
G1 F1800 X111.939 Y130.741 E129.59822
G0 F9000 X111.373 Y130.741
G1 F1800 X117.64 Y124.473 E129.89303
G0 F9000 X117.64 Y123.908
G1 F1800 X110.807 Y130.741 E130.21443
G0 F9000 X110.241 Y130.741
G1 F1800 X117.64 Y123.342 E130.56246
G0 F9000 X117.64 Y122.776
G1 F1800 X109.676 Y130.741 E130.93708
G0 F9000 X109.11 Y130.741
G1 F1800 X117.64 Y122.211 E131.33831
G0 F9000 X117.64 Y121.645
G1 F1800 X108.544 Y130.741 E131.76616
G0 F9000 X107.979 Y130.741
G1 F1800 X117.64 Y121.079 E132.2206
G0 F9000 X117.64 Y120.514
G1 F1800 X107.413 Y130.741 E132.70165
G0 F9000 X106.847 Y130.741
G1 F1800 X117.64 Y119.948 E133.20932
G0 F9000 X117.64 Y119.382
G1 F1800 X106.282 Y130.741 E133.74359
G0 F9000 X105.716 Y130.741
G1 F1800 X117.64 Y118.817 E134.30446
G0 F9000 X117.64 Y118.251
G1 F1800 X105.15 Y130.741 E134.89195
G0 F9000 X104.585 Y130.741
G1 F1800 X117.64 Y117.685 E135.50604
G0 F9000 X117.64 Y117.12
G1 F1800 X104.019 Y130.741 E136.14673
G0 F9000 X103.453 Y130.741
G1 F1800 X117.64 Y116.554 E136.81404
G0 F9000 X117.64 Y115.988
G1 F1800 X102.888 Y130.741 E137.50796
G0 F9000 X102.36 Y130.702
G1 F1800 X117.64 Y115.422 E138.22668
G0 F9000 X117.64 Y114.857
G1 F1800 X102.36 Y130.137 E138.9454
G0 F9000 X102.36 Y129.571
G1 F1800 X117.64 Y114.291 E139.66413
G0 F9000 X117.64 Y113.725
G1 F1800 X102.36 Y129.005 E140.38285
G0 F9000 X102.36 Y128.44
G1 F1800 X117.64 Y113.16 E141.10158
G0 F9000 X117.64 Y112.594
G1 F1800 X102.36 Y127.874 E141.8203
G0 F9000 X102.36 Y127.308
G1 F1800 X117.64 Y112.028 E142.53903
G0 F9000 X117.64 Y111.463
G1 F1800 X102.36 Y126.743 E143.25775
G0 F9000 X102.36 Y126.177
G1 F1800 X117.64 Y110.897 E143.97647
G0 F9000 X117.64 Y110.331
G1 F1800 X102.36 Y125.611 E144.6952
G0 F9000 X102.36 Y125.045
G1 F1800 X117.64 Y109.766 E145.4139
G0 F9000 X117.64 Y109.2
G1 F1800 X102.36 Y124.48 E146.13262
G0 F9000 X102.36 Y123.914
G1 F1800 X117.64 Y108.634 E146.85135
G0 F9000 X117.64 Y108.069
G1 F1800 X102.36 Y123.348 E147.57005
G0 F9000 X102.36 Y122.783
G1 F1800 X117.64 Y107.503 E148.28877
G0 F9000 X117.64 Y106.937
G1 F1800 X102.36 Y122.217 E149.0075
G0 F9000 X102.36 Y121.651
G1 F1800 X117.64 Y106.371 E149.72622
G0 F9000 X117.64 Y105.806
G1 F1800 X102.36 Y121.086 E150.44495
G0 F9000 X102.36 Y120.52
G1 F1800 X117.64 Y105.24 E151.16367
G0 F9000 X117.64 Y104.674
G1 F1800 X102.36 Y119.954 E151.8824
G0 F9000 X102.36 Y119.389
G1 F1800 X117.64 Y104.109 E152.60112
G0 F9000 X117.64 Y103.543
G1 F1800 X102.36 Y118.823 E153.31984
G0 F9000 X102.36 Y118.257
G1 F1800 X117.64 Y102.977 E154.03857
G0 F9000 X117.64 Y102.412
G1 F1800 X102.36 Y117.692 E154.75729
G0 F9000 X102.36 Y117.126
G1 F1800 X117.64 Y101.846 E155.47602
G0 F9000 X117.64 Y101.28
G1 F1800 X102.36 Y116.56 E156.19474
G0 F9000 X102.36 Y115.995
G1 F1800 X117.64 Y100.715 E156.91347
G0 F9000 X117.64 Y100.149
G1 F1800 X102.36 Y115.429 E157.63219
G0 F9000 X102.36 Y114.863
G1 F1800 X117.64 Y99.583 E158.35091
G0 F9000 X117.64 Y99.018
G1 F1800 X102.36 Y114.297 E159.06962
G0 F9000 X102.36 Y113.732
G1 F1800 X117.64 Y98.452 E159.78834
G0 F9000 X117.64 Y97.886
G1 F1800 X102.36 Y113.166 E160.50706
G0 F9000 X102.36 Y112.6
G1 F1800 X117.64 Y97.321 E161.22577
G0 F9000 X117.64 Y96.755
G1 F1800 X102.36 Y112.035 E161.94449
G0 F9000 X102.36 Y111.469
G1 F1800 X117.64 Y96.189 E162.66321
G0 F9000 X117.64 Y95.623
G1 F1800 X102.36 Y110.903 E163.38194
G0 F9000 X102.36 Y110.338
G1 F1800 X117.64 Y95.058 E164.10066
G0 F9000 X117.64 Y94.492
G1 F1800 X102.36 Y109.772 E164.81939
G0 F9000 X102.36 Y109.206
G1 F1800 X117.64 Y93.926 E165.53811
G0 F9000 X117.64 Y93.361
G1 F1800 X102.36 Y108.641 E166.25684
G0 F9000 X102.36 Y108.075
G1 F1800 X117.64 Y92.795 E166.97556
G0 F9000 X117.64 Y92.229
G1 F1800 X102.36 Y107.509 E167.69428
G0 F9000 X102.36 Y106.944
G1 F1800 X117.64 Y91.664 E168.41301
G0 F9000 X117.64 Y91.098
G1 F1800 X102.36 Y106.378 E169.13173
G0 F9000 X102.36 Y105.812
G1 F1800 X117.64 Y90.532 E169.85046
G0 F9000 X117.64 Y89.967
G1 F1800 X102.36 Y105.246 E170.56916
G0 F9000 X102.36 Y104.681
G1 F1800 X117.64 Y89.401 E171.28788
G0 F9000 X117.216 Y89.26
G1 F1800 X102.36 Y104.115 E171.98664
G0 F9000 X102.36 Y103.549
G1 F1800 X116.65 Y89.26 E172.65877
G0 F9000 X116.084 Y89.26
G1 F1800 X102.36 Y102.984 E173.30431
G0 F9000 X102.36 Y102.418
G1 F1800 X115.519 Y89.26 E173.92324
G0 F9000 X114.953 Y89.26
G1 F1800 X102.36 Y101.852 E174.51556
G0 F9000 X102.36 Y101.287
G1 F1800 X114.387 Y89.26 E175.08127
G0 F9000 X113.822 Y89.26
G1 F1800 X102.36 Y100.721 E175.62038
G0 F9000 X102.36 Y100.155
G1 F1800 X113.256 Y89.26 E176.13287
G0 F9000 X112.69 Y89.26
G1 F1800 X102.36 Y99.59 E176.61877
G0 F9000 X102.36 Y99.024
G1 F1800 X112.125 Y89.26 E177.07806
G0 F9000 X111.559 Y89.26
G1 F1800 X102.36 Y98.458 E177.51073
G0 F9000 X102.36 Y97.893
G1 F1800 X110.993 Y89.26 E177.9168
G0 F9000 X110.427 Y89.26
G1 F1800 X102.36 Y97.327 E178.29624
G0 F9000 X102.36 Y96.761
G1 F1800 X109.862 Y89.26 E178.64909
G0 F9000 X109.296 Y89.26
G1 F1800 X102.36 Y96.196 E178.97534
G0 F9000 X102.36 Y95.63
G1 F1800 X108.73 Y89.26 E179.27497
G0 F9000 X108.165 Y89.26
G1 F1800 X102.36 Y95.064 E179.54799
G0 F9000 X102.36 Y94.498
G1 F1800 X107.599 Y89.26 E179.79439
G0 F9000 X107.033 Y89.26
G1 F1800 X102.36 Y93.933 E180.0142
G0 F9000 X102.36 Y93.367
G1 F1800 X106.468 Y89.26 E180.2074
G0 F9000 X105.902 Y89.26
G1 F1800 X102.36 Y92.801 E180.37398
G0 F9000 X102.36 Y92.236
G1 F1800 X105.336 Y89.26 E180.51397
G0 F9000 X104.771 Y89.26
G1 F1800 X102.36 Y91.67 E180.62735
G0 F9000 X102.36 Y91.104
G1 F1800 X104.205 Y89.26 E180.71411
G0 F9000 X103.639 Y89.26
G1 F1800 X102.36 Y90.539 E180.77427
G0 F9000 X102.36 Y89.973
G1 F1800 X103.074 Y89.26 E180.80783
G0 F9000 X102.508 Y89.26
G1 F1800 X102.36 Y89.407 E180.81477
G0 F9000 X101.6 Y89.407
G1 F2700 E175.81477
;MESH:NONMESH
G0 F300 Z0.6
G0 F9000 X100.424 Y87.324
G0 X99.335 Y87.324
G0 X92.366 Y80.156
;TIME_ELAPSED:261.084862
;LAYER:2
M106 S170
;TYPE:SKIRT
G1 F2700 E180.81477
G1 F1200 X92.993 Y79.506 E180.8448
G1 X93.675 Y78.914 E180.87484
G1 X94.407 Y78.385 E180.90488
G1 X95.183 Y77.923 E180.93492
G1 X95.997 Y77.532 E180.96495
G1 X96.842 Y77.213 E180.99499
G1 X97.712 Y76.971 E181.02503
G1 X98.6 Y76.807 E181.05506
G1 X99.723 Y76.713 E181.09255
G1 X100.33 Y76.7 E181.11274
G1 X119.293 Y76.7 E181.74345
G1 X120.137 Y76.711 E181.77152
G1 X121.039 Y76.764 E181.80158
G1 X121.932 Y76.896 E181.8316
G1 X122.81 Y77.107 E181.86164
G1 X123.666 Y77.395 E181.89167
G1 X124.493 Y77.757 E181.9217
G1 X125.285 Y78.192 E181.95175
G1 X126.036 Y78.694 E181.9818
G1 X126.739 Y79.261 E182.01184
G1 X127.389 Y79.888 E182.04188
G1 X127.981 Y80.57 E182.07191
G1 X128.511 Y81.301 E182.10194
G1 X128.973 Y82.077 E182.13198
G1 X129.366 Y82.89 E182.16202
G1 X129.684 Y83.735 E182.19204
G1 X129.927 Y84.605 E182.22209
G1 X130.092 Y85.493 E182.25213
G1 X130.187 Y86.623 E182.28985
G1 X130.2 Y87.23 E182.31004
G1 X130.199 Y132.504 E183.81586
G1 X130.189 Y133.231 E183.84004
G1 X130.137 Y134.133 E183.87009
G1 X130.005 Y135.026 E183.90012
G1 X129.794 Y135.905 E183.93018
G1 X129.507 Y136.761 E183.96021
G1 X129.145 Y137.588 E183.99024
G1 X128.711 Y138.38 E184.02027
G1 X128.209 Y139.131 E184.05032
G1 X127.643 Y139.834 E184.08034
G1 X127.016 Y140.485 E184.1104
G1 X126.335 Y141.077 E184.14041
G1 X125.604 Y141.607 E184.17044
G1 X124.828 Y142.07 E184.2005
G1 X124.015 Y142.463 E184.23053
G1 X123.17 Y142.783 E184.26058
G1 X122.301 Y143.026 E184.2906
G1 X121.413 Y143.191 E184.32064
G1 X120.277 Y143.287 E184.35855
G1 X119.67 Y143.3 E184.37875
G1 X100.561 Y143.299 E185.01432
G1 X99.863 Y143.289 E185.03753
G1 X98.961 Y143.236 E185.06759
G1 X98.068 Y143.104 E185.09761
G1 X97.19 Y142.893 E185.12764
G1 X96.334 Y142.605 E185.15768
G1 X95.507 Y142.243 E185.18771
G1 X94.715 Y141.808 E185.21776
G1 X93.964 Y141.306 E185.24781
G1 X93.261 Y140.739 E185.27785
G1 X92.611 Y140.112 E185.30788
G1 X92.019 Y139.43 E185.33792
G1 X91.489 Y138.699 E185.36795
G1 X91.027 Y137.923 E185.39799
G1 X90.634 Y137.11 E185.42802
G1 X90.316 Y136.265 E185.45805
G1 X90.073 Y135.395 E185.4881
G1 X89.908 Y134.507 E185.51814
G1 X89.813 Y133.366 E185.55622
G1 X89.8 Y132.758 E185.57645
G1 X89.801 Y87.421 E187.08436
G1 X89.811 Y86.756 E187.10648
G1 X89.865 Y85.854 E187.13654
G1 X89.998 Y84.961 E187.16656
G1 X90.209 Y84.083 E187.1966
G1 X90.498 Y83.227 E187.22665
G1 X90.861 Y82.4 E187.25669
G1 X91.295 Y81.609 E187.2867
G1 X91.798 Y80.858 E187.31676
G1 X92.366 Y80.156 E187.34679
G1 F2700 E182.34679
;MESH:v1.STL(1)
G0 F12000 X99.335 Y87.324
G0 X100.424 Y87.324
G0 X101.972 Y131.128
G0 X110 Y131.3
;TYPE:WALL-INNER
G1 F2700 E187.34679
G1 F2400 X118.2 Y131.3 E187.61953
G1 X118.2 Y88.7 E189.03641
G1 X101.8 Y88.7 E189.58187
G1 X101.8 Y131.3 E190.99876
G1 X110 Y131.3 E191.27149
G0 F12000 X110 Y131.7
G1 F2400 X118.6 Y131.7 E191.55753
G1 X118.6 Y88.3 E193.00102
G1 X101.4 Y88.3 E193.57309
G1 X101.4 Y131.7 E195.01658
G1 X110 Y131.7 E195.30262
G0 F12000 X110 Y132.1
G1 F2400 X119 Y132.1 E195.60196
G1 X119 Y87.9 E197.07206
G1 X101 Y87.9 E197.67074
G1 X101 Y132.1 E199.14084
G1 X110 Y132.1 E199.44018
G0 F12000 X110 Y132.5
G1 F2400 X119.4 Y132.5 E199.75282
G1 X119.4 Y87.5 E201.24953
G1 X100.6 Y87.5 E201.87482
G1 X100.6 Y132.5 E203.37153
G1 X110 Y132.5 E203.68417
G0 F12000 X110 Y132.9
;TYPE:WALL-OUTER
G1 F2400 X119.8 Y132.9 E204.01012
G1 X119.8 Y87.1 E205.53344
G1 X100.2 Y87.1 E206.18533
G1 X100.2 Y132.9 E207.70865
G1 X110 Y132.9 E208.0346
G0 F12000 X110 Y132.19
G0 X110 Y131.2
G0 X110 Y130.94
;TYPE:SKIN
G1 F2400 X102.16 Y130.94 E208.29536
G1 X102.16 Y89.06 E209.68829
G1 X117.84 Y89.06 E210.20981
G1 X117.84 Y130.94 E211.60274
G1 X110 Y130.94 E211.8635
G0 F12000 X110 Y131.2
G0 X101.972 Y131.128
G0 X101.9 Y130.644
G0 X102.36 Y130.644
G1 F2400 X102.456 Y130.74 E211.86802
G0 F12000 X103.021 Y130.74
G1 F2400 X102.36 Y130.079 E211.89911
G0 F12000 X102.36 Y129.513
G1 F2400 X103.587 Y130.74 E211.95683
G0 F12000 X104.153 Y130.74
G1 F2400 X102.36 Y128.947 E212.04116
G0 F12000 X102.36 Y128.382
G1 F2400 X104.718 Y130.74 E212.15208
G0 F12000 X105.284 Y130.74
G1 F2400 X102.36 Y127.816 E212.28961
G0 F12000 X102.36 Y127.25
G1 F2400 X105.85 Y130.74 E212.45377
G0 F12000 X106.415 Y130.74
G1 F2400 X102.36 Y126.685 E212.64451
G0 F12000 X102.36 Y126.119
G1 F2400 X106.981 Y130.74 E212.86186
G0 F12000 X107.547 Y130.74
G1 F2400 X102.36 Y125.553 E213.10584
G0 F12000 X102.36 Y124.987
G1 F2400 X108.112 Y130.74 E213.37642
G0 F12000 X108.678 Y130.74
G1 F2400 X102.36 Y124.422 E213.6736
G0 F12000 X102.36 Y123.856
G1 F2400 X109.244 Y130.74 E213.99741
G0 F12000 X109.809 Y130.74
G1 F2400 X102.36 Y123.29 E214.34781
G0 F12000 X102.36 Y122.725
G1 F2400 X110.375 Y130.74 E214.72481
G0 F12000 X110.941 Y130.74
G1 F2400 X102.36 Y122.159 E215.12843
G0 F12000 X102.36 Y121.593
G1 F2400 X111.506 Y130.74 E215.55866
G0 F12000 X112.072 Y130.74
G1 F2400 X102.36 Y121.028 E216.01548
G0 F12000 X102.36 Y120.462
G1 F2400 X112.638 Y130.74 E216.49892
G0 F12000 X113.204 Y130.74
G1 F2400 X102.36 Y119.896 E217.00899
G0 F12000 X102.36 Y119.331
G1 F2400 X113.769 Y130.74 E217.54564
G0 F12000 X114.335 Y130.74
G1 F2400 X102.36 Y118.765 E218.1089
G0 F12000 X102.36 Y118.199
G1 F2400 X114.901 Y130.74 E218.69879
G0 F12000 X115.466 Y130.74
G1 F2400 X102.36 Y117.634 E219.31526
G0 F12000 X102.36 Y117.068
G1 F2400 X116.032 Y130.74 E219.95835
G0 F12000 X116.598 Y130.74
G1 F2400 X102.36 Y116.502 E220.62806
G0 F12000 X102.36 Y115.937
G1 F2400 X117.163 Y130.74 E221.32435
G0 F12000 X117.64 Y130.651
G1 F2400 X102.36 Y115.371 E222.04307
G0 F12000 X102.36 Y114.805
G1 F2400 X117.64 Y130.085 E222.7618
G0 F12000 X117.64 Y129.519
G1 F2400 X102.36 Y114.239 E223.48052
G0 F12000 X102.36 Y113.674
G1 F2400 X117.64 Y128.954 E224.19925
G0 F12000 X117.64 Y128.388
G1 F2400 X102.36 Y113.108 E224.91797
G0 F12000 X102.36 Y112.542
G1 F2400 X117.64 Y127.822 E225.63669
G0 F12000 X117.64 Y127.257
G1 F2400 X102.36 Y111.977 E226.35542
G0 F12000 X102.36 Y111.411
G1 F2400 X117.64 Y126.691 E227.07414
G0 F12000 X117.64 Y126.125
G1 F2400 X102.36 Y110.845 E227.79287
G0 F12000 X102.36 Y110.28
G1 F2400 X117.64 Y125.56 E228.51159
G0 F12000 X117.64 Y124.994
G1 F2400 X102.36 Y109.714 E229.23032
G0 F12000 X102.36 Y109.148
G1 F2400 X117.64 Y124.428 E229.94904
G0 F12000 X117.64 Y123.862
G1 F2400 X102.36 Y108.583 E230.66774
G0 F12000 X102.36 Y108.017
G1 F2400 X117.64 Y123.297 E231.38647
G0 F12000 X117.64 Y122.731
G1 F2400 X102.36 Y107.451 E232.10519
G0 F12000 X102.36 Y106.886
G1 F2400 X117.64 Y122.165 E232.82389
G0 F12000 X117.64 Y121.6
G1 F2400 X102.36 Y106.32 E233.54262
G0 F12000 X102.36 Y105.754
G1 F2400 X117.64 Y121.034 E234.26134
G0 F12000 X117.64 Y120.468
G1 F2400 X102.36 Y105.188 E234.98006
G0 F12000 X102.36 Y104.623
G1 F2400 X117.64 Y119.903 E235.69879
G0 F12000 X117.64 Y119.337
G1 F2400 X102.36 Y104.057 E236.41751
G0 F12000 X102.36 Y103.491
G1 F2400 X117.64 Y118.771 E237.13624
G0 F12000 X117.64 Y118.206
G1 F2400 X102.36 Y102.926 E237.85496
G0 F12000 X102.36 Y102.36
G1 F2400 X117.64 Y117.64 E238.57369
G0 F12000 X117.64 Y117.074
G1 F2400 X102.36 Y101.794 E239.29241
G0 F12000 X102.36 Y101.229
G1 F2400 X117.64 Y116.509 E240.01113
G0 F12000 X117.64 Y115.943
G1 F2400 X102.36 Y100.663 E240.72986
G0 F12000 X102.36 Y100.097
G1 F2400 X117.64 Y115.377 E241.44858
G0 F12000 X117.64 Y114.812
G1 F2400 X102.36 Y99.532 E242.16731
G0 F12000 X102.36 Y98.966
G1 F2400 X117.64 Y114.246 E242.88603
G0 F12000 X117.64 Y113.68
G1 F2400 X102.36 Y98.4 E243.60476
G0 F12000 X102.36 Y97.835
G1 F2400 X117.64 Y113.114 E244.32346
G0 F12000 X117.64 Y112.549
G1 F2400 X102.36 Y97.269 E245.04218
G0 F12000 X102.36 Y96.703
G1 F2400 X117.64 Y111.983 E245.76091
G0 F12000 X117.64 Y111.417
G1 F2400 X102.36 Y96.138 E246.47961
G0 F12000 X102.36 Y95.572
G1 F2400 X117.64 Y110.852 E247.19833
G0 F12000 X117.64 Y110.286
G1 F2400 X102.36 Y95.006 E247.91706
G0 F12000 X102.36 Y94.44
G1 F2400 X117.64 Y109.72 E248.63578
G0 F12000 X117.64 Y109.155
G1 F2400 X102.36 Y93.875 E249.3545
G0 F12000 X102.36 Y93.309
G1 F2400 X117.64 Y108.589 E250.07323
G0 F12000 X117.64 Y108.023
G1 F2400 X102.36 Y92.743 E250.79195
G0 F12000 X102.36 Y92.178
G1 F2400 X117.64 Y107.458 E251.51068
G0 F12000 X117.64 Y106.892
G1 F2400 X102.36 Y91.612 E252.2294
G0 F12000 X102.36 Y91.046
G1 F2400 X117.64 Y106.326 E252.94813
G0 F12000 X117.64 Y105.761
G1 F2400 X102.36 Y90.481 E253.66685
G0 F12000 X102.36 Y89.915
G1 F2400 X117.64 Y105.195 E254.38557
G0 F12000 X117.64 Y104.629
G1 F2400 X102.36 Y89.349 E255.1043
G0 F12000 X102.837 Y89.26
G1 F2400 X117.64 Y104.063 E255.80059
G0 F12000 X117.64 Y103.498
G1 F2400 X103.402 Y89.26 E256.4703
G0 F12000 X103.968 Y89.26
G1 F2400 X117.64 Y102.932 E257.11339
G0 F12000 X117.64 Y102.366
G1 F2400 X104.534 Y89.26 E257.72985
G0 F12000 X105.099 Y89.26
G1 F2400 X117.64 Y101.801 E258.31974
G0 F12000 X117.64 Y101.235
G1 F2400 X105.665 Y89.26 E258.88301
G0 F12000 X106.231 Y89.26
G1 F2400 X117.64 Y100.669 E259.41966
G0 F12000 X117.64 Y100.104
G1 F2400 X106.796 Y89.26 E259.92972
G0 F12000 X107.362 Y89.26
G1 F2400 X117.64 Y99.538 E260.41317
G0 F12000 X117.64 Y98.972
G1 F2400 X107.928 Y89.26 E260.86999
G0 F12000 X108.494 Y89.26
G1 F2400 X117.64 Y98.407 E261.30022
G0 F12000 X117.64 Y97.841
G1 F2400 X109.059 Y89.26 E261.70384
G0 F12000 X109.625 Y89.26
G1 F2400 X117.64 Y97.275 E262.08084
G0 F12000 X117.64 Y96.71
G1 F2400 X110.191 Y89.26 E262.43124
G0 F12000 X110.756 Y89.26
G1 F2400 X117.64 Y96.144 E262.75504
G0 F12000 X117.64 Y95.578
G1 F2400 X111.322 Y89.26 E263.05222
G0 F12000 X111.888 Y89.26
G1 F2400 X117.64 Y95.013 E263.3228
G0 F12000 X117.64 Y94.447
G1 F2400 X112.453 Y89.26 E263.56678
G0 F12000 X113.019 Y89.26
G1 F2400 X117.64 Y93.881 E263.78414
G0 F12000 X117.64 Y93.315
G1 F2400 X113.585 Y89.26 E263.97488
G0 F12000 X114.15 Y89.26
G1 F2400 X117.64 Y92.75 E264.13904
G0 F12000 X117.64 Y92.184
G1 F2400 X114.716 Y89.26 E264.27657
G0 F12000 X115.282 Y89.26
G1 F2400 X117.64 Y91.618 E264.38748
G0 F12000 X117.64 Y91.053
G1 F2400 X115.847 Y89.26 E264.47182
G0 F12000 X116.413 Y89.26
G1 F2400 X117.64 Y90.487 E264.52954
G0 F12000 X117.64 Y89.921
G1 F2400 X116.979 Y89.26 E264.56063
G0 F12000 X117.544 Y89.26
G1 F2400 X117.64 Y89.356 E264.56514
G0 F12000 X118.4 Y89.356
G1 F2700 E259.56514
;MESH:NONMESH
G0 F300 Z0.8
G0 F12000 X118.028 Y131.128
G0 X110 Y131.3
;TIME_ELAPSED:344.678254
;LAYER:3
M106 S255
;TYPE:WALL-INNER
;MESH:v1.STL(1)
G1 F2700 E264.56514
G1 F2400 X118.2 Y131.3 E264.83788
G1 X118.2 Y88.7 E266.25476
G1 X101.8 Y88.7 E266.80022
G1 X101.8 Y131.3 E268.21711
G1 X110 Y131.3 E268.48984
G0 F12000 X110 Y131.7
G1 F2400 X118.6 Y131.7 E268.77588
G1 X118.6 Y88.3 E270.21937
G1 X101.4 Y88.3 E270.79144
G1 X101.4 Y131.7 E272.23493
G1 X110 Y131.7 E272.52097
G0 F12000 X110 Y132.1
G1 F2400 X119 Y132.1 E272.82031
G1 X119 Y87.9 E274.29041
G1 X101 Y87.9 E274.88909
G1 X101 Y132.1 E276.35919
G1 X110 Y132.1 E276.65853
G0 F12000 X110 Y132.5
G1 F2400 X119.4 Y132.5 E276.97117
G1 X119.4 Y87.5 E278.46788
G1 X100.6 Y87.5 E279.09317
G1 X100.6 Y132.5 E280.58988
G1 X110 Y132.5 E280.90252
G0 F12000 X110 Y132.9
;TYPE:WALL-OUTER
G1 F2400 X119.8 Y132.9 E281.22847
G1 X119.8 Y87.1 E282.75179
G1 X100.2 Y87.1 E283.40368
G1 X100.2 Y132.9 E284.927
G1 X110 Y132.9 E285.25295
G0 F12000 X110 Y132.19
G0 X110 Y131.2
G0 X110 Y130.94
;TYPE:SKIN
G1 F2400 X102.16 Y130.94 E285.51371
G1 X102.16 Y89.06 E286.90664
G1 X117.84 Y89.06 E287.42816
G1 X117.84 Y130.94 E288.82109
G1 X110 Y130.94 E289.08185
G0 F12000 X110 Y131.2
G0 X117.03 Y131.2
G0 X117.03 Y130.741
G1 F2400 X117.64 Y130.13 E289.11057
G0 F12000 X117.64 Y129.565
G1 F2400 X116.464 Y130.741 E289.16589
G0 F12000 X115.898 Y130.741
G1 F2400 X117.64 Y128.999 E289.24782
G0 F12000 X117.64 Y128.433
G1 F2400 X115.333 Y130.741 E289.35636
G0 F12000 X114.767 Y130.741
G1 F2400 X117.64 Y127.868 E289.4915
G0 F12000 X117.64 Y127.302
G1 F2400 X114.201 Y130.741 E289.65326
G0 F12000 X113.636 Y130.741
G1 F2400 X117.64 Y126.736 E289.84162
G0 F12000 X117.64 Y126.17
G1 F2400 X113.07 Y130.741 E290.0566
G0 F12000 X112.504 Y130.741
G1 F2400 X117.64 Y125.605 E290.29818
G0 F12000 X117.64 Y125.039
G1 F2400 X111.939 Y130.741 E290.56636
G0 F12000 X111.373 Y130.741
G1 F2400 X117.64 Y124.473 E290.86117
G0 F12000 X117.64 Y123.908
G1 F2400 X110.807 Y130.741 E291.18257
G0 F12000 X110.241 Y130.741
G1 F2400 X117.64 Y123.342 E291.5306
G0 F12000 X117.64 Y122.776
G1 F2400 X109.676 Y130.741 E291.90522
G0 F12000 X109.11 Y130.741
G1 F2400 X117.64 Y122.211 E292.30645
G0 F12000 X117.64 Y121.645
G1 F2400 X108.544 Y130.741 E292.7343
G0 F12000 X107.979 Y130.741
G1 F2400 X117.64 Y121.079 E293.18874
G0 F12000 X117.64 Y120.514
G1 F2400 X107.413 Y130.741 E293.66979
G0 F12000 X106.847 Y130.741
G1 F2400 X117.64 Y119.948 E294.17746
G0 F12000 X117.64 Y119.382
G1 F2400 X106.282 Y130.741 E294.71173
G0 F12000 X105.716 Y130.741
G1 F2400 X117.64 Y118.817 E295.2726
G0 F12000 X117.64 Y118.251
G1 F2400 X105.15 Y130.741 E295.86009
G0 F12000 X104.585 Y130.741
G1 F2400 X117.64 Y117.685 E296.47418
G0 F12000 X117.64 Y117.12
G1 F2400 X104.019 Y130.741 E297.11487
G0 F12000 X103.453 Y130.741
G1 F2400 X117.64 Y116.554 E297.78218
G0 F12000 X117.64 Y115.988
G1 F2400 X102.888 Y130.741 E298.47609
G0 F12000 X102.36 Y130.702
G1 F2400 X117.64 Y115.422 E299.19482
G0 F12000 X117.64 Y114.857
G1 F2400 X102.36 Y130.137 E299.91354
G0 F12000 X102.36 Y129.571
G1 F2400 X117.64 Y114.291 E300.63227
G0 F12000 X117.64 Y113.725
G1 F2400 X102.36 Y129.005 E301.35099
G0 F12000 X102.36 Y128.44
G1 F2400 X117.64 Y113.16 E302.06972
G0 F12000 X117.64 Y112.594
G1 F2400 X102.36 Y127.874 E302.78844
G0 F12000 X102.36 Y127.308
G1 F2400 X117.64 Y112.028 E303.50716
G0 F12000 X117.64 Y111.463
G1 F2400 X102.36 Y126.743 E304.22589
G0 F12000 X102.36 Y126.177
G1 F2400 X117.64 Y110.897 E304.94461
G0 F12000 X117.64 Y110.331
G1 F2400 X102.36 Y125.611 E305.66334
G0 F12000 X102.36 Y125.045
G1 F2400 X117.64 Y109.766 E306.38204
G0 F12000 X117.64 Y109.2
G1 F2400 X102.36 Y124.48 E307.10076
G0 F12000 X102.36 Y123.914
G1 F2400 X117.64 Y108.634 E307.81949
G0 F12000 X117.64 Y108.069
G1 F2400 X102.36 Y123.348 E308.53819
G0 F12000 X102.36 Y122.783
G1 F2400 X117.64 Y107.503 E309.25691
G0 F12000 X117.64 Y106.937
G1 F2400 X102.36 Y122.217 E309.97564
G0 F12000 X102.36 Y121.651
G1 F2400 X117.64 Y106.371 E310.69436
G0 F12000 X117.64 Y105.806
G1 F2400 X102.36 Y121.086 E311.41309
G0 F12000 X102.36 Y120.52
G1 F2400 X117.64 Y105.24 E312.13181
G0 F12000 X117.64 Y104.674
G1 F2400 X102.36 Y119.954 E312.85053
G0 F12000 X102.36 Y119.389
G1 F2400 X117.64 Y104.109 E313.56926
G0 F12000 X117.64 Y103.543
G1 F2400 X102.36 Y118.823 E314.28798
G0 F12000 X102.36 Y118.257
G1 F2400 X117.64 Y102.977 E315.00671
G0 F12000 X117.64 Y102.412
G1 F2400 X102.36 Y117.692 E315.72543
G0 F12000 X102.36 Y117.126
G1 F2400 X117.64 Y101.846 E316.44416
G0 F12000 X117.64 Y101.28
G1 F2400 X102.36 Y116.56 E317.16288
G0 F12000 X102.36 Y115.995
G1 F2400 X117.64 Y100.715 E317.8816
G0 F12000 X117.64 Y100.149
G1 F2400 X102.36 Y115.429 E318.60033
G0 F12000 X102.36 Y114.863
G1 F2400 X117.64 Y99.583 E319.31905
G0 F12000 X117.64 Y99.018
G1 F2400 X102.36 Y114.297 E320.03775
G0 F12000 X102.36 Y113.732
G1 F2400 X117.64 Y98.452 E320.75648
G0 F12000 X117.64 Y97.886
G1 F2400 X102.36 Y113.166 E321.4752
G0 F12000 X102.36 Y112.6
G1 F2400 X117.64 Y97.321 E322.1939
G0 F12000 X117.64 Y96.755
G1 F2400 X102.36 Y112.035 E322.91263
G0 F12000 X102.36 Y111.469
G1 F2400 X117.64 Y96.189 E323.63135
G0 F12000 X117.64 Y95.623
G1 F2400 X102.36 Y110.903 E324.35008
G0 F12000 X102.36 Y110.338
G1 F2400 X117.64 Y95.058 E325.0688
G0 F12000 X117.64 Y94.492
G1 F2400 X102.36 Y109.772 E325.78753
G0 F12000 X102.36 Y109.206
G1 F2400 X117.64 Y93.926 E326.50625
G0 F12000 X117.64 Y93.361
G1 F2400 X102.36 Y108.641 E327.22497
G0 F12000 X102.36 Y108.075
G1 F2400 X117.64 Y92.795 E327.9437
G0 F12000 X117.64 Y92.229
G1 F2400 X102.36 Y107.509 E328.66242
G0 F12000 X102.36 Y106.944
G1 F2400 X117.64 Y91.664 E329.38115
G0 F12000 X117.64 Y91.098
G1 F2400 X102.36 Y106.378 E330.09987
G0 F12000 X102.36 Y105.812
G1 F2400 X117.64 Y90.532 E330.8186
G0 F12000 X117.64 Y89.967
G1 F2400 X102.36 Y105.246 E331.5373
G0 F12000 X102.36 Y104.681
G1 F2400 X117.64 Y89.401 E332.25602
G0 F12000 X117.216 Y89.26
G1 F2400 X102.36 Y104.115 E332.95478
G0 F12000 X102.36 Y103.549
G1 F2400 X116.65 Y89.26 E333.62691
G0 F12000 X116.084 Y89.26
G1 F2400 X102.36 Y102.984 E334.27245
G0 F12000 X102.36 Y102.418
G1 F2400 X115.519 Y89.26 E334.89138
G0 F12000 X114.953 Y89.26
G1 F2400 X102.36 Y101.852 E335.4837
G0 F12000 X102.36 Y101.287
G1 F2400 X114.387 Y89.26 E336.04941
G0 F12000 X113.822 Y89.26
G1 F2400 X102.36 Y100.721 E336.58852
G0 F12000 X102.36 Y100.155
G1 F2400 X113.256 Y89.26 E337.10101
G0 F12000 X112.69 Y89.26
G1 F2400 X102.36 Y99.59 E337.5869
G0 F12000 X102.36 Y99.024
G1 F2400 X112.125 Y89.26 E338.0462
G0 F12000 X111.559 Y89.26
G1 F2400 X102.36 Y98.458 E338.47887
G0 F12000 X102.36 Y97.893
G1 F2400 X110.993 Y89.26 E338.88494
G0 F12000 X110.427 Y89.26
G1 F2400 X102.36 Y97.327 E339.26438
G0 F12000 X102.36 Y96.761
G1 F2400 X109.862 Y89.26 E339.61723
G0 F12000 X109.296 Y89.26
G1 F2400 X102.36 Y96.196 E339.94348
G0 F12000 X102.36 Y95.63
G1 F2400 X108.73 Y89.26 E340.2431
G0 F12000 X108.165 Y89.26
G1 F2400 X102.36 Y95.064 E340.51613
G0 F12000 X102.36 Y94.498
G1 F2400 X107.599 Y89.26 E340.76253
G0 F12000 X107.033 Y89.26
G1 F2400 X102.36 Y93.933 E340.98234
G0 F12000 X102.36 Y93.367
G1 F2400 X106.468 Y89.26 E341.17554
G0 F12000 X105.902 Y89.26
G1 F2400 X102.36 Y92.801 E341.34212
G0 F12000 X102.36 Y92.236
G1 F2400 X105.336 Y89.26 E341.4821
G0 F12000 X104.771 Y89.26
G1 F2400 X102.36 Y91.67 E341.59549
G0 F12000 X102.36 Y91.104
G1 F2400 X104.205 Y89.26 E341.68225
G0 F12000 X103.639 Y89.26
G1 F2400 X102.36 Y90.539 E341.74241
G0 F12000 X102.36 Y89.973
G1 F2400 X103.074 Y89.26 E341.77597
G0 F12000 X102.508 Y89.26
G1 F2400 X102.36 Y89.407 E341.78291
G0 F12000 X101.6 Y89.407
G1 F2700 E336.78291
;MESH:NONMESH
G0 F300 Z1
G0 F12000 X101.972 Y131.128
G0 X110 Y131.3
;TIME_ELAPSED:416.838063
;LAYER:4
;TYPE:WALL-INNER
;MESH:v1.STL(1)
G1 F2700 E341.78291
G1 F2400 X118.2 Y131.3 E342.05564
G1 X118.2 Y88.7 E343.47252
G1 X101.8 Y88.7 E344.01799
G1 X101.8 Y131.3 E345.43487
G1 X110 Y131.3 E345.7076
G0 F12000 X110 Y131.7
G1 F2400 X118.6 Y131.7 E345.99364
G1 X118.6 Y88.3 E347.43713
G1 X101.4 Y88.3 E348.0092
G1 X101.4 Y131.7 E349.45269
G1 X110 Y131.7 E349.73873
G0 F12000 X110 Y132.1
G1 F2400 X119 Y132.1 E350.03807
G1 X119 Y87.9 E351.50817
G1 X101 Y87.9 E352.10685
G1 X101 Y132.1 E353.57695
G1 X110 Y132.1 E353.87629
G0 F12000 X110 Y132.5
G1 F2400 X119.4 Y132.5 E354.18894
G1 X119.4 Y87.5 E355.68564
G1 X100.6 Y87.5 E356.31093
G1 X100.6 Y132.5 E357.80764
G1 X110 Y132.5 E358.12028
G0 F12000 X110 Y132.9
;TYPE:WALL-OUTER
G1 F2400 X119.8 Y132.9 E358.44623
G1 X119.8 Y87.1 E359.96955
G1 X100.2 Y87.1 E360.62145
G1 X100.2 Y132.9 E362.14476
G1 X110 Y132.9 E362.47071
G0 F12000 X110 Y132.19
G0 X109.592 Y131.22
;TYPE:FILL
G1 F4800 X101.88 Y123.508 E362.83346
G0 F12000 X101.88 Y122.113
G1 F4800 X110.812 Y88.779 E363.98126
G0 F12000 X112.407 Y88.78
G1 F4800 X118.12 Y94.493 E364.24999
G0 F12000 X118.12 Y96.132
G1 F4800 X101.88 Y100.483 E364.80918
G0 F12000 X101.88 Y100.88
G1 F4800 X118.12 Y117.12 E365.57306
G0 F12000 X118.12 Y116.838
G1 F4800 X101.88 Y121.189 E366.13225
G0 F12000 X101.88 Y117.851
G1 F4800 X115.249 Y131.22 E366.76109
G0 F12000 X116.004 Y131.22
G1 F4800 X118.119 Y123.327 E367.03287
G0 F12000 X118.12 Y122.777
G1 F4800 X101.88 Y106.537 E367.79675
G1 X101.88 Y106.659
G1 X106.671 Y88.78 E368.41239
G1 X106.75 Y88.78
G1 X118.12 Y100.15 E368.9472
G1 X118.119 Y100.273
G1 X101.88 Y104.624 E369.50637
G0 F12000 X101.88 Y108.766
G1 F4800 X118.119 Y104.414 E370.06554
G0 F12000 X118.12 Y105.807
G1 F4800 X101.88 Y89.566 E370.82944
G0 F12000 X102.53 Y88.779
G1 F4800 X101.88 Y91.205 E370.91297
G0 F12000 X101.881 Y92.201
G1 F4800 X114.648 Y88.78 E371.35259
G0 F12000 X114.953 Y88.779
G1 F4800 X103.581 Y131.22 E372.81398
G0 F12000 X103.936 Y131.22
G1 F4800 X101.88 Y129.164 E372.91068
G0 F12000 X101.88 Y129.471
G1 F4800 X118.119 Y125.12 E373.46985
G0 F12000 X118.12 Y128.434
G1 F4800 X101.88 Y112.194 E374.23373
G0 F12000 X101.881 Y112.906
G1 F4800 X118.119 Y108.555 E374.79286
G0 F12000 X118.12 Y107.871
G1 F4800 X111.863 Y131.221 E375.59688
G0 F12000 X110.809 Y131.22
G1 F4800 X118.119 Y129.261 E375.84859
G0 F12000 X118.119 Y120.979
G1 F4800 X101.88 Y125.33 E376.40775
G0 F12000 X101.881 Y117.048
G1 F4800 X118.12 Y112.696 E376.96692
G0 F12000 X118.12 Y111.463
G1 F4800 X101.88 Y95.223 E377.7308
G0 F12000 X101.881 Y96.342
G1 F4800 X118.12 Y91.991 E378.28997
G0 F12000 X118.12 Y92.416
G1 F4800 X107.722 Y131.22 E379.62613
;MESH:NONMESH
G0 F300 Z1.2
G0 F12000 X110 Y131.3
;TIME_ELAPSED:446.473796
;LAYER:5
;TYPE:WALL-INNER
;MESH:v1.STL(1)
G1 F2400 X118.2 Y131.3 E379.89886
G1 X118.2 Y88.7 E381.31574
G1 X101.8 Y88.7 E381.86121
G1 X101.8 Y131.3 E383.27809
G1 X110 Y131.3 E383.55082
G0 F12000 X110 Y131.7
G1 F2400 X118.6 Y131.7 E383.83686
G1 X118.6 Y88.3 E385.28035
G1 X101.4 Y88.3 E385.85242
G1 X101.4 Y131.7 E387.29591
G1 X110 Y131.7 E387.58195
G0 F12000 X110 Y132.1
G1 F2400 X119 Y132.1 E387.88129
G1 X119 Y87.9 E389.35139
G1 X101 Y87.9 E389.95007
G1 X101 Y132.1 E391.42017
G1 X110 Y132.1 E391.71951
G0 F12000 X110 Y132.5
G1 F2400 X119.4 Y132.5 E392.03216
G1 X119.4 Y87.5 E393.52886
G1 X100.6 Y87.5 E394.15415
G1 X100.6 Y132.5 E395.65086
G1 X110 Y132.5 E395.9635
G0 F12000 X110 Y132.9
;TYPE:WALL-OUTER
G1 F2400 X119.8 Y132.9 E396.28945
G1 X119.8 Y87.1 E397.81277
G1 X100.2 Y87.1 E398.46467
G1 X100.2 Y132.9 E399.98798
G1 X110 Y132.9 E400.31393
G0 F12000 X110 Y132.19
G0 X109.792 Y131.22
;TYPE:FILL
G1 F4800 X101.88 Y123.308 E400.68609
G0 F12000 X101.88 Y121.568
G1 F4800 X110.666 Y88.78 E401.81509
G0 F12000 X112.607 Y88.78
G1 F4800 X118.12 Y94.293 E402.07441
G0 F12000 X118.119 Y96.278
G1 F4800 X101.88 Y100.629 E402.63357
G1 X101.88 Y100.681
G1 X118.12 Y116.921 E403.39745
G1 X118.119 Y116.984
G1 X101.88 Y121.335 E403.95661
G0 F12000 X101.88 Y117.651
G1 F4800 X115.449 Y131.22 E404.59486
G0 F12000 X115.858 Y131.221
G1 F4800 X118.12 Y122.781 E404.88548
G0 F12000 X118.12 Y122.578
G1 F4800 X101.88 Y106.338 E405.64936
G0 F12000 X101.88 Y106.114
G1 F4800 X106.525 Y88.779 E406.24626
G0 F12000 X106.95 Y88.78
G1 F4800 X118.12 Y99.95 E406.77167
G0 F12000 X118.119 Y100.419
G1 F4800 X101.88 Y104.77 E407.33083
G0 F12000 X101.881 Y108.911
G1 F4800 X118.119 Y104.56 E407.88996
G0 F12000 X118.12 Y105.607
G1 F4800 X101.88 Y89.367 E408.65384
G0 F12000 X102.384 Y88.779
G1 F4800 X101.88 Y90.661 E408.71864
G0 F12000 X101.881 Y92.347
G1 F4800 X115.192 Y88.78 E409.17699
G0 F12000 X114.807 Y88.779
G1 F4800 X103.435 Y131.22 E410.63837
G0 F12000 X104.135 Y131.22
G1 F4800 X101.88 Y128.965 E410.74444
G0 F12000 X101.88 Y129.617
G1 F4800 X118.119 Y125.266 E411.30361
G0 F12000 X118.12 Y128.235
G1 F4800 X101.88 Y111.994 E412.06751
G0 F12000 X101.881 Y113.053
G1 F4800 X118.12 Y108.701 E412.62668
G0 F12000 X118.12 Y107.327
G1 F4800 X111.717 Y131.22 E413.44941
G0 F12000 X111.353 Y131.22
G1 F4800 X118.12 Y129.407 E413.68241
G0 F12000 X118.119 Y121.125
G1 F4800 X101.88 Y125.476 E414.24158
G0 F12000 X107.576 Y131.22
G1 F4800 X118.12 Y91.871 E415.5965
G0 F12000 X118.12 Y92.137
G1 F4800 X101.88 Y96.488 E416.1557
G0 F12000 X101.88 Y95.024
G1 F4800 X118.12 Y111.264 E416.91958
G0 F12000 X118.12 Y112.842
G1 F4800 X101.88 Y117.194 E417.47878
;MESH:NONMESH
G0 F300 Z1.4
G0 F12000 X110 Y131.3
;TIME_ELAPSED:476.219458
;LAYER:6
;TYPE:WALL-INNER
;MESH:v1.STL(1)
G1 F2400 X118.2 Y131.3 E417.75151
G1 X118.2 Y88.7 E419.16839
G1 X101.8 Y88.7 E419.71386
G1 X101.8 Y131.3 E421.13074
G1 X110 Y131.3 E421.40348
G0 F12000 X110 Y131.7
G1 F2400 X118.6 Y131.7 E421.68951
G1 X118.6 Y88.3 E423.133
G1 X101.4 Y88.3 E423.70508
G1 X101.4 Y131.7 E425.14857
G1 X110 Y131.7 E425.4346
G0 F12000 X110 Y132.1
G1 F2400 X119 Y132.1 E425.73394
G1 X119 Y87.9 E427.20404
G1 X101 Y87.9 E427.80273
G1 X101 Y132.1 E429.27282
G1 X110 Y132.1 E429.57216
G0 F12000 X110 Y132.5
G1 F2400 X119.4 Y132.5 E429.88481
G1 X119.4 Y87.5 E431.38152
G1 X100.6 Y87.5 E432.00681
G1 X100.6 Y132.5 E433.50351
G1 X110 Y132.5 E433.81616
G0 F12000 X110 Y132.9
;TYPE:WALL-OUTER
G1 F2400 X119.8 Y132.9 E434.14211
G1 X119.8 Y87.1 E435.66542
G1 X100.2 Y87.1 E436.31732
G1 X100.2 Y132.9 E437.84063
G1 X110 Y132.9 E438.16658
G0 F12000 X110 Y132.19
G0 X109.991 Y131.22
;TYPE:FILL
G1 F4800 X101.88 Y123.109 E438.5481
G0 F12000 X101.88 Y121.481
G1 F4800 X118.119 Y117.13 E439.10726
G0 F12000 X118.12 Y116.721
G1 F4800 X101.88 Y100.481 E439.87114
G0 F12000 X101.881 Y100.775
G1 F4800 X118.119 Y96.424 E440.43027
G0 F12000 X118.12 Y94.094
G1 F4800 X112.806 Y88.78 E440.68023
G0 F12000 X114.661 Y88.78
G1 F4800 X103.289 Y131.22 E442.14158
G0 F12000 X104.334 Y131.22
G1 F4800 X101.88 Y128.766 E442.25701
G0 F12000 X101.881 Y129.763
G1 F4800 X118.12 Y125.412 E442.81617
G0 F12000 X118.12 Y128.035
G1 F4800 X101.88 Y111.795 E443.58005
G0 F12000 X101.88 Y113.199
G1 F4800 X118.12 Y108.847 E444.13926
G0 F12000 X118.12 Y106.782
G1 F4800 X111.571 Y131.22 E444.98075
G0 F12000 X111.898 Y131.22
G1 F4800 X118.12 Y129.553 E445.19499
G0 F12000 X115.713 Y131.22
G1 F4800 X118.12 Y122.237 E445.50431
G1 X118.12 Y122.378
G1 X101.88 Y106.138 E446.26819
G0 F12000 X101.88 Y105.57
G1 F4800 X106.379 Y88.779 E446.84636
G0 F12000 X107.149 Y88.78
G1 F4800 X118.12 Y99.751 E447.3624
G0 F12000 X118.119 Y100.565
G1 F4800 X101.881 Y104.916 E447.92153
G0 F12000 X101.881 Y109.057
G1 F4800 X118.12 Y104.706 E448.48069
G0 F12000 X118.12 Y105.408
G1 F4800 X101.88 Y89.168 E449.24457
G0 F12000 X102.238 Y88.779
G1 F4800 X101.88 Y90.116 E449.29061
G0 F12000 X101.88 Y92.493
G1 F4800 X115.737 Y88.78 E449.76775
G0 F12000 X118.12 Y91.327
G1 F4800 X107.43 Y131.22 E451.14141
G0 F12000 X101.88 Y125.622
G1 F4800 X118.119 Y121.271 E451.70057
G0 F12000 X118.119 Y112.988
G1 F4800 X101.88 Y117.34 E452.25974
G1 X101.88 Y117.452
G1 X115.648 Y131.22 E452.90735
G0 F12000 X101.88 Y121.023
G1 F4800 X110.52 Y88.779 E454.01762
G0 F12000 X118.119 Y92.283
G1 F4800 X101.88 Y96.634 E454.57678
G0 F12000 X101.88 Y94.824
G1 F4800 X118.12 Y111.065 E455.34069
;MESH:NONMESH
G0 F300 Z1.6
G0 F12000 X110 Y131.3
;TIME_ELAPSED:506.772548
;LAYER:7
;TYPE:WALL-INNER
;MESH:v1.STL(1)
G1 F2400 X118.2 Y131.3 E455.61342
G1 X118.2 Y88.7 E457.0303
G1 X101.8 Y88.7 E457.57577
G1 X101.8 Y131.3 E458.99265
G1 X110 Y131.3 E459.26538
G0 F12000 X110 Y131.7
G1 F2400 X118.6 Y131.7 E459.55142
G1 X118.6 Y88.3 E460.99491
G1 X101.4 Y88.3 E461.56699
G1 X101.4 Y131.7 E463.01048
G1 X110 Y131.7 E463.29651
G0 F12000 X110 Y132.1
G1 F2400 X119 Y132.1 E463.59585
G1 X119 Y87.9 E465.06595
G1 X101 Y87.9 E465.66463
G1 X101 Y132.1 E467.13473
G1 X110 Y132.1 E467.43407
G0 F12000 X110 Y132.5
G1 F2400 X119.4 Y132.5 E467.74672
G1 X119.4 Y87.5 E469.24342
G1 X100.6 Y87.5 E469.86872
G1 X100.6 Y132.5 E471.36542
G1 X110 Y132.5 E471.67807
G0 F12000 X110 Y132.9
;TYPE:WALL-OUTER
G1 F2400 X119.8 Y132.9 E472.00402
G1 X119.8 Y87.1 E473.52733
G1 X100.2 Y87.1 E474.17923
G1 X100.2 Y132.9 E475.70254
G1 X110 Y132.9 E476.02849
G0 F12000 X110 Y132.19
G0 X110.192 Y131.22
;TYPE:FILL
G1 F4800 X101.88 Y122.908 E476.41946
G0 F12000 X101.88 Y121.628
G1 F4800 X118.119 Y117.277 E476.97863
G0 F12000 X118.12 Y116.521
G1 F4800 X101.88 Y100.28 E477.74253
G0 F12000 X101.881 Y100.922
G1 F4800 X118.119 Y96.571 E478.30166
G0 F12000 X118.12 Y93.893
G1 F4800 X113.007 Y88.78 E478.54216
G0 F12000 X114.514 Y88.78
G1 F4800 X103.142 Y131.22 E480.00352
G0 F12000 X104.535 Y131.22
G1 F4800 X101.88 Y128.565 E480.1284
G0 F12000 X101.88 Y129.91
G1 F4800 X118.12 Y125.559 E480.68759
G0 F12000 X118.12 Y127.834
G1 F4800 X101.88 Y111.594 E481.45147
G0 F12000 X101.88 Y113.346
G1 F4800 X118.12 Y108.994 E482.01068
G0 F12000 X118.12 Y110.864
G1 F4800 X101.88 Y94.624 E482.77456
G0 F12000 X101.88 Y92.64
G1 F4800 X116.285 Y88.78 E483.27057
G0 F12000 X118.12 Y90.778
G1 F4800 X107.283 Y131.22 E484.66313
G0 F12000 X111.424 Y131.22
G1 F4800 X118.12 Y106.233 E485.52353
G0 F12000 X118.12 Y105.207
G1 F4800 X101.88 Y88.967 E486.28741
G0 F12000 X102.091 Y88.779
G1 F4800 X101.88 Y89.567 E486.31454
G0 F12000 X106.232 Y88.779
G1 F4800 X101.88 Y105.021 E486.87381
G1 X101.881 Y105.063
G1 X118.119 Y100.712 E487.43294
G0 F12000 X118.12 Y99.55
G1 F4800 X107.35 Y88.78 E487.93953
G0 F12000 X110.373 Y88.779
G1 F4800 X101.88 Y120.475 E489.03093
G0 F12000 X101.88 Y117.487
G1 F4800 X118.119 Y113.135 E489.5901
G0 F12000 X118.12 Y104.853
G1 F4800 X101.881 Y109.204 E490.14926
G0 F12000 X101.88 Y105.937
G1 F4800 X118.12 Y122.177 E490.91314
G0 F12000 X118.12 Y121.688
G1 F4800 X115.565 Y131.221 E491.2414
G0 F12000 X115.849 Y131.22
G1 F4800 X101.88 Y117.251 E491.89846
G0 F12000 X101.88 Y125.769
G1 F4800 X118.119 Y121.418 E492.45762
G0 F12000 X118.12 Y129.7
G1 F4800 X112.447 Y131.22 E492.65296
G1 F2700 E487.65296
G0 F12000 X101.88 Y96.781
G1 F2700 E492.65296
G1 F4800 X118.119 Y92.43 E493.21212
G1 F2700 E488.21212
;MESH:NONMESH
G0 F300 Z1.8
G0 F12000 X110 Y131.3
;TIME_ELAPSED:538.491725
;LAYER:8
;TYPE:WALL-INNER
;MESH:v1.STL(1)
G1 F2700 E493.21212
G1 F2400 X118.2 Y131.3 E493.48486
G1 X118.2 Y88.7 E494.90174
G1 X101.8 Y88.7 E495.44721
G1 X101.8 Y131.3 E496.86409
G1 X110 Y131.3 E497.13682
G0 F12000 X110 Y131.7
G1 F2400 X118.6 Y131.7 E497.42286
G1 X118.6 Y88.3 E498.86635
G1 X101.4 Y88.3 E499.43842
G1 X101.4 Y131.7 E500.88191
G1 X110 Y131.7 E501.16795
G0 F12000 X110 Y132.1
G1 F2400 X119 Y132.1 E501.46729
G1 X119 Y87.9 E502.93739
G1 X101 Y87.9 E503.53607
G1 X101 Y132.1 E505.00617
G1 X110 Y132.1 E505.30551
G0 F12000 X110 Y132.5
G1 F2400 X119.4 Y132.5 E505.61815
G1 X119.4 Y87.5 E507.11486
G1 X100.6 Y87.5 E507.74015
G1 X100.6 Y132.5 E509.23686
G1 X110 Y132.5 E509.5495
G0 F12000 X110 Y132.9
;TYPE:WALL-OUTER
G1 F2400 X119.8 Y132.9 E509.87545
G1 X119.8 Y87.1 E511.39877
G1 X100.2 Y87.1 E512.05066
G1 X100.2 Y132.9 E513.57398
G1 X110 Y132.9 E513.89993
G0 F12000 X110 Y132.19
G0 X110.391 Y131.22
;TYPE:FILL
G1 F4800 X101.88 Y122.708 E514.30028
G0 F12000 X101.88 Y121.774
G1 F4800 X118.119 Y117.423 E514.85945
G0 F12000 X118.12 Y116.321
G1 F4800 X101.88 Y100.081 E515.62333
G0 F12000 X101.881 Y101.068
G1 F4800 X118.119 Y96.717 E516.18246
G0 F12000 X118.12 Y99.351
G1 F4800 X107.55 Y88.78 E516.67966
G0 F12000 X106.086 Y88.779
G1 F4800 X101.88 Y104.476 E517.22016
G0 F12000 X101.881 Y105.209
G1 F4800 X118.12 Y100.858 E517.77932
G0 F12000 X118.12 Y104.999
G1 F4800 X101.88 Y109.35 E518.33852
G0 F12000 X101.88 Y111.395
G1 F4800 X118.12 Y127.635 E519.1024
G0 F12000 X118.12 Y125.705
G1 F4800 X101.88 Y130.056 E519.66159
G0 F12000 X102.996 Y131.221
G1 F4800 X114.368 Y88.779 E521.12301
G0 F12000 X113.206 Y88.78
G1 F4800 X118.12 Y93.694 E521.35415
G0 F12000 X118.119 Y92.576
G1 F4800 X101.881 Y96.927 E521.91328
G0 F12000 X101.88 Y94.424
G1 F4800 X118.12 Y110.664 E522.67716
G0 F12000 X118.119 Y109.14
G1 F4800 X101.88 Y113.492 E523.23633
G0 F12000 X101.88 Y117.052
G1 F4800 X116.048 Y131.22 E523.90275
G0 F12000 X115.42 Y131.22
G1 F4800 X118.12 Y121.143 E524.24974
G0 F12000 X118.12 Y121.564
G1 F4800 X101.881 Y125.915 E524.8089
G0 F12000 X101.88 Y128.365
G1 F4800 X104.735 Y131.22 E524.94319
G0 F12000 X107.137 Y131.22
G1 F4800 X118.12 Y90.233 E526.35452
G0 F12000 X116.83 Y88.78
G1 F4800 X101.88 Y92.786 E526.8693
G0 F12000 X101.88 Y89.023
G1 F4800 X101.945 Y88.779 E526.8777
G1 X101.893 Y88.78
G1 X118.12 Y105.007 E527.64097
G0 F12000 X118.12 Y105.688
G1 F4800 X111.278 Y131.22 E528.52013
G0 F12000 X112.992 Y131.22
G1 F4800 X118.119 Y129.846 E528.69667
G0 F12000 X118.12 Y121.978
G1 F4800 X101.88 Y105.738 E529.46055
G0 F12000 X101.88 Y117.633
G1 F4800 X118.119 Y113.281 E530.01972
G0 F12000 X101.88 Y119.93
G1 F4800 X110.227 Y88.779 E531.09236
G1 F2700 E526.09236
;MESH:NONMESH
G0 F300 Z2
G0 F12000 X110 Y131.3
;TIME_ELAPSED:569.712951
;LAYER:9
;TYPE:WALL-INNER
;MESH:v1.STL(1)
G1 F2700 E531.09236
G1 F2400 X118.2 Y131.3 E531.36509
G1 X118.2 Y88.7 E532.78197
G1 X101.8 Y88.7 E533.32744
G1 X101.8 Y131.3 E534.74432
G1 X110 Y131.3 E535.01705
G0 F12000 X110 Y131.7
G1 F2400 X118.6 Y131.7 E535.30309
G1 X118.6 Y88.3 E536.74658
G1 X101.4 Y88.3 E537.31865
G1 X101.4 Y131.7 E538.76214
G1 X110 Y131.7 E539.04818
G0 F12000 X110 Y132.1
G1 F2400 X119 Y132.1 E539.34752
G1 X119 Y87.9 E540.81762
G1 X101 Y87.9 E541.4163
G1 X101 Y132.1 E542.8864
G1 X110 Y132.1 E543.18574
G0 F12000 X110 Y132.5
G1 F2400 X119.4 Y132.5 E543.49839
G1 X119.4 Y87.5 E544.99509
G1 X100.6 Y87.5 E545.62038
G1 X100.6 Y132.5 E547.11709
G1 X110 Y132.5 E547.42973
G0 F12000 X110 Y132.9
;TYPE:WALL-OUTER
G1 F2400 X119.8 Y132.9 E547.75568
G1 X119.8 Y87.1 E549.279
G1 X100.2 Y87.1 E549.9309
G1 X100.2 Y132.9 E551.45421
G1 X110 Y132.9 E551.78016
G0 F12000 X110 Y132.19
G0 X110.592 Y131.22
;TYPE:FILL
G1 F4800 X101.88 Y122.508 E552.18995
G0 F12000 X101.88 Y121.921
G1 F4800 X118.119 Y117.57 E552.74911
G0 F12000 X118.12 Y116.12
G1 F4800 X101.88 Y99.88 E553.51299
G0 F12000 X101.881 Y101.215
G1 F4800 X118.119 Y96.864 E554.07212
G0 F12000 X118.12 Y99.15
G1 F4800 X107.75 Y88.78 E554.55989
G0 F12000 X105.939 Y88.779
G1 F4800 X101.88 Y103.928 E555.08152
G0 F12000 X101.881 Y105.356
G1 F4800 X118.12 Y101.005 E555.64068
G0 F12000 X118.12 Y104.807
G1 F4800 X102.093 Y88.78 E556.39455
G0 F12000 X101.88 Y92.933
G1 F4800 X117.379 Y88.78 E556.92823
G0 F12000 X118.12 Y89.685
G1 F4800 X106.99 Y131.22 E558.35843
G0 F12000 X104.935 Y131.22
G1 F4800 X101.88 Y128.165 E558.50213
G0 F12000 X101.88 Y130.203
G1 F4800 X118.12 Y125.852 E559.06132
G0 F12000 X118.12 Y127.434
G1 F4800 X101.88 Y111.194 E559.8252
G0 F12000 X101.881 Y109.497
G1 F4800 X118.12 Y105.146 E560.38436
G1 X118.12 Y105.139
G1 X111.131 Y131.22 E561.28243
G0 F12000 X113.541 Y131.22
G1 F4800 X118.119 Y129.993 E561.44007
G0 F12000 X116.249 Y131.22
G1 F4800 X101.88 Y116.851 E562.11594
G0 F12000 X101.88 Y117.78
G1 F4800 X118.119 Y113.428 E562.67511
G0 F12000 X118.12 Y110.464
G1 F4800 X101.88 Y94.223 E563.43901
G0 F12000 X101.881 Y97.074
G1 F4800 X118.119 Y92.723 E563.99814
G0 F12000 X118.12 Y93.493
G1 F4800 X113.407 Y88.78 E564.21983
G0 F12000 X114.221 Y88.78
G1 F4800 X102.849 Y131.221 E565.68122
G0 F12000 X101.881 Y126.062
G1 F4800 X118.12 Y121.711 E566.24038
G1 X118.12 Y121.777
G1 X101.88 Y105.537 E567.00426
G0 F12000 X101.88 Y113.639
G1 F4800 X118.119 Y109.287 E567.56343
G0 F12000 X118.12 Y120.595
G1 F4800 X115.273 Y131.22 E567.92929
G0 F12000 X101.88 Y119.381
G1 F4800 X110.08 Y88.779 E568.98302
G1 F2700 E563.98302
;MESH:NONMESH
G0 F300 Z2.2
G0 F12000 X110 Y131.3
;TIME_ELAPSED:600.960462
;LAYER:10
;TYPE:WALL-INNER
;MESH:v1.STL(1)
G1 F2700 E568.98302
G1 F2400 X118.2 Y131.3 E569.25575
G1 X118.2 Y88.7 E570.67264
G1 X101.8 Y88.7 E571.2181
G1 X101.8 Y131.3 E572.63498
G1 X110 Y131.3 E572.90772
G0 F12000 X110 Y131.7
G1 F2400 X118.6 Y131.7 E573.19375
G1 X118.6 Y88.3 E574.63724
G1 X101.4 Y88.3 E575.20932
G1 X101.4 Y131.7 E576.65281
G1 X110 Y131.7 E576.93884
G0 F12000 X110 Y132.1
G1 F2400 X119 Y132.1 E577.23819
G1 X119 Y87.9 E578.70828
G1 X101 Y87.9 E579.30697
G1 X101 Y132.1 E580.77706
G1 X110 Y132.1 E581.07641
G0 F12000 X110 Y132.5
G1 F2400 X119.4 Y132.5 E581.38905
G1 X119.4 Y87.5 E582.88576
G1 X100.6 Y87.5 E583.51105
G1 X100.6 Y132.5 E585.00775
G1 X110 Y132.5 E585.3204
G0 F12000 X110 Y132.9
;TYPE:WALL-OUTER
G1 F2400 X119.8 Y132.9 E585.64635
G1 X119.8 Y87.1 E587.16966
G1 X100.2 Y87.1 E587.82156
G1 X100.2 Y132.9 E589.34487
G1 X110 Y132.9 E589.67082
G0 F12000 X110 Y132.19
G0 X110.792 Y131.22
;TYPE:FILL
G1 F4800 X101.88 Y122.308 E590.09002
G0 F12000 X101.881 Y122.067
G1 F4800 X118.12 Y117.715 E590.64919
G0 F12000 X118.12 Y115.921
G1 F4800 X101.88 Y99.681 E591.41307
G0 F12000 X101.881 Y101.361
G1 F4800 X118.12 Y97.01 E591.97223
G0 F12000 X118.12 Y98.95
G1 F4800 X107.95 Y88.78 E592.4506
G0 F12000 X109.934 Y88.779
G1 F4800 X101.88 Y118.837 E593.4856
G0 F12000 X101.88 Y117.926
G1 F4800 X118.119 Y113.574 E594.04477
G0 F12000 X118.12 Y110.264
G1 F4800 X101.88 Y94.024 E594.80865
G0 F12000 X101.881 Y93.079
G1 F4800 X117.923 Y88.78 E595.36103
G0 F12000 X118.12 Y89.14
G1 F4800 X106.844 Y131.221 E596.81003
G0 F12000 X105.135 Y131.22
G1 F4800 X101.88 Y127.965 E596.96313
G0 F12000 X101.88 Y126.208
G1 F4800 X118.12 Y121.857 E597.52233
G0 F12000 X118.12 Y121.578
G1 F4800 X101.88 Y105.338 E598.28621
G1 X101.88 Y105.502
G1 X118.12 Y101.151 E598.8454
G0 F12000 X118.12 Y104.595
G1 F4800 X110.985 Y131.22 E599.7622
G0 F12000 X114.086 Y131.22
G1 F4800 X118.119 Y130.139 E599.90107
G0 F12000 X116.448 Y131.22
G1 F4800 X101.88 Y116.651 E600.58633
G0 F12000 X101.88 Y113.785
G1 F4800 X118.119 Y109.433 E601.1455
G0 F12000 X118.119 Y105.292
G1 F4800 X101.88 Y109.643 E601.70467
G0 F12000 X101.88 Y110.995
G1 F4800 X118.12 Y127.235 E602.46854
G0 F12000 X118.119 Y125.998
G1 F4800 X101.88 Y130.349 E603.02771
G0 F12000 X102.703 Y131.22
G1 F4800 X114.075 Y88.779 E604.4891
G0 F12000 X113.607 Y88.78
G1 F4800 X118.12 Y93.294 E604.7014
G0 F12000 X118.119 Y92.869
G1 F4800 X101.881 Y97.22 E605.26053
G0 F12000 X101.88 Y103.383
G1 F4800 X105.793 Y88.779 E605.76339
G0 F12000 X102.471 Y88.78
G1 F4800 X101.881 Y88.938 E605.78371
G0 F12000 X102.293 Y88.78
G1 F4800 X118.12 Y104.607 E606.52816
G0 F12000 X118.12 Y120.05
G1 F4800 X115.127 Y131.22 E606.91278
;MESH:NONMESH
G0 F300 Z2.4
G0 F12000 X110 Y131.3
;TIME_ELAPSED:631.288700
;LAYER:11
;TYPE:WALL-INNER
;MESH:v1.STL(1)
G1 F2400 X118.2 Y131.3 E607.18552
G1 X118.2 Y88.7 E608.6024
G1 X101.8 Y88.7 E609.14786
G1 X101.8 Y131.3 E610.56475
G1 X110 Y131.3 E610.83748
G0 F12000 X110 Y131.7
G1 F2400 X118.6 Y131.7 E611.12352
G1 X118.6 Y88.3 E612.56701
G1 X101.4 Y88.3 E613.13908
G1 X101.4 Y131.7 E614.58257
G1 X110 Y131.7 E614.86861
G0 F12000 X110 Y132.1
G1 F2400 X119 Y132.1 E615.16795
G1 X119 Y87.9 E616.63805
G1 X101 Y87.9 E617.23673
G1 X101 Y132.1 E618.70683
G1 X110 Y132.1 E619.00617
G0 F12000 X110 Y132.5
G1 F2400 X119.4 Y132.5 E619.31881
G1 X119.4 Y87.5 E620.81552
G1 X100.6 Y87.5 E621.44081
G1 X100.6 Y132.5 E622.93752
G1 X110 Y132.5 E623.25016
G0 F12000 X110 Y132.9
;TYPE:WALL-OUTER
G1 F2400 X119.8 Y132.9 E623.57611
G1 X119.8 Y87.1 E625.09942
G1 X100.2 Y87.1 E625.75132
G1 X100.2 Y132.9 E627.27464
G1 X110 Y132.9 E627.60059
G0 F12000 X110 Y132.19
G0 X110.838 Y131.22
;TYPE:FILL
G1 F4800 X118.12 Y104.046 E628.53629
G0 F12000 X118.12 Y104.406
G1 F4800 X102.494 Y88.78 E629.27129
G0 F12000 X103.02 Y88.78
G1 F4800 X101.88 Y89.085 E629.31054
G0 F12000 X105.646 Y88.779
G1 F4800 X101.88 Y102.834 E629.7945
G0 F12000 X101.881 Y101.508
G1 F4800 X118.12 Y97.157 E630.35366
G0 F12000 X118.12 Y98.75
G1 F4800 X108.151 Y88.78 E630.82259
G0 F12000 X109.787 Y88.779
G1 F4800 X101.88 Y118.288 E631.83869
G0 F12000 X101.88 Y118.073
G1 F4800 X118.119 Y113.721 E632.39786
G0 F12000 X118.12 Y115.72
G1 F4800 X101.88 Y99.48 E633.16174
G0 F12000 X101.881 Y97.367
G1 F4800 X118.119 Y93.016 E633.72087
G1 X118.12 Y93.093
G1 X113.807 Y88.78 E633.92374
G1 X113.928 Y88.779
G1 X102.556 Y131.221 E635.38516
G0 F12000 X101.88 Y130.496
G1 F4800 X118.119 Y126.145 E635.94433
G0 F12000 X118.12 Y127.034
G1 F4800 X101.88 Y110.794 E636.70821
G0 F12000 X101.88 Y109.79
G1 F4800 X118.119 Y105.439 E637.26737
G0 F12000 X118.119 Y109.58
G1 F4800 X101.88 Y113.932 E637.82654
G0 F12000 X101.88 Y116.451
G1 F4800 X116.649 Y131.22 E638.52123
G0 F12000 X114.98 Y131.22
G1 F4800 X118.12 Y119.502 E638.92472
G0 F12000 X118.12 Y117.862
G1 F4800 X101.881 Y122.214 E639.48389
G1 X101.88 Y122.107
G1 X110.992 Y131.22 E639.91252
G0 F12000 X114.634 Y131.22
G1 F4800 X118.119 Y130.286 E640.03252
G0 F12000 X118.12 Y122.004
G1 F4800 X101.881 Y126.355 E640.59168
G0 F12000 X101.88 Y127.764
G1 F4800 X105.336 Y131.22 E640.75424
G0 F12000 X106.697 Y131.221
G1 F4800 X118.069 Y88.78 E642.21563
G1 X118.119 Y88.875
G1 X101.881 Y93.226 E642.77476
G0 F12000 X101.88 Y93.823
G1 F4800 X118.12 Y110.063 E643.53864
G0 F12000 X118.12 Y101.298
G1 F4800 X101.881 Y105.649 E644.0978
G0 F12000 X101.88 Y105.137
G1 F4800 X118.12 Y121.377 E644.86168
;MESH:NONMESH
G0 F300 Z2.6
G0 F12000 X110 Y131.3
;TIME_ELAPSED:661.299812
;LAYER:12
;TYPE:WALL-INNER
;MESH:v1.STL(1)
G1 F2400 X118.2 Y131.3 E645.13441
G1 X118.2 Y88.7 E646.5513
G1 X101.8 Y88.7 E647.09676
G1 X101.8 Y131.3 E648.51364
G1 X110 Y131.3 E648.78638
G0 F12000 X110 Y131.7
G1 F2400 X118.6 Y131.7 E649.07241
G1 X118.6 Y88.3 E650.5159
G1 X101.4 Y88.3 E651.08798
G1 X101.4 Y131.7 E652.53147
G1 X110 Y131.7 E652.81751
G0 F12000 X110 Y132.1
G1 F2400 X119 Y132.1 E653.11685
G1 X119 Y87.9 E654.58694
G1 X101 Y87.9 E655.18563
G1 X101 Y132.1 E656.65572
G1 X110 Y132.1 E656.95507
G0 F12000 X110 Y132.5
G1 F2400 X119.4 Y132.5 E657.26771
G1 X119.4 Y87.5 E658.76442
G1 X100.6 Y87.5 E659.38971
G1 X100.6 Y132.5 E660.88641
G1 X110 Y132.5 E661.19906
G0 F12000 X110 Y132.9
;TYPE:WALL-OUTER
G1 F2400 X119.8 Y132.9 E661.52501
G1 X119.8 Y87.1 E663.04832
G1 X100.2 Y87.1 E663.70022
G1 X100.2 Y132.9 E665.22354
G1 X110 Y132.9 E665.54948
G0 F12000 X110 Y132.19
G0 X110.692 Y131.221
;TYPE:FILL
G1 F4800 X118.12 Y103.501 E666.50398
G0 F12000 X118.12 Y104.207
G1 F4800 X102.693 Y88.78 E667.22962
G0 F12000 X103.565 Y88.78
G1 F4800 X101.881 Y89.231 E667.28761
G0 F12000 X105.5 Y88.779
G1 F4800 X101.88 Y102.29 E667.75283
G0 F12000 X101.881 Y101.654
G1 F4800 X118.12 Y97.303 E668.312
G0 F12000 X118.12 Y98.55
G1 F4800 X108.35 Y88.78 E668.77155
G0 F12000 X109.641 Y88.779
G1 F4800 X101.88 Y117.744 E669.76891
G0 F12000 X101.881 Y118.219
G1 F4800 X118.12 Y113.867 E670.32808
G0 F12000 X118.12 Y115.521
G1 F4800 X101.88 Y99.281 E671.09196
G0 F12000 X101.881 Y97.513
G1 F4800 X118.12 Y93.162 E671.65112
G0 F12000 X118.12 Y92.893
G1 F4800 X114.007 Y88.78 E671.84459
G0 F12000 X113.782 Y88.779
G1 F4800 X102.41 Y131.22 E673.30597
G0 F12000 X101.88 Y130.642
G1 F4800 X118.119 Y126.291 E673.86514
G0 F12000 X118.12 Y126.834
G1 F4800 X101.88 Y110.594 E674.62902
G0 F12000 X101.88 Y109.936
G1 F4800 X118.119 Y105.585 E675.18818
G0 F12000 X118.119 Y101.444
G1 F4800 X101.88 Y105.795 E675.74734
G0 F12000 X101.88 Y104.937
G1 F4800 X118.12 Y121.178 E676.51125
G0 F12000 X118.119 Y122.15
G1 F4800 X101.88 Y126.501 E677.07041
G0 F12000 X101.88 Y127.565
G1 F4800 X105.535 Y131.22 E677.24233
G0 F12000 X106.551 Y131.221
G1 F4800 X117.923 Y88.779 E678.70375
G0 F12000 X118.119 Y89.021
G1 F4800 X101.881 Y93.372 E679.26288
G0 F12000 X101.88 Y93.624
G1 F4800 X118.12 Y109.864 E680.02676
G1 X118.119 Y109.726
G1 X101.88 Y114.078 E680.58593
G0 F12000 X101.88 Y116.251
G1 F4800 X116.849 Y131.22 E681.29003
G0 F12000 X118.119 Y130.432
G1 F4800 X115.179 Y131.22 E681.39126
G0 F12000 X114.834 Y131.22
G1 F4800 X118.12 Y118.957 E681.81352
G0 F12000 X118.12 Y118.008
G1 F4800 X101.881 Y122.36 E682.37269
G0 F12000 X101.88 Y121.908
G1 F4800 X111.192 Y131.22 E682.8107
;MESH:NONMESH
G0 F300 Z2.8
G0 F12000 X110 Y131.3
;TIME_ELAPSED:690.474032
;LAYER:13
;TYPE:WALL-INNER
;MESH:v1.STL(1)
G1 F2400 X118.2 Y131.3 E683.08343
G1 X118.2 Y88.7 E684.50031
G1 X101.8 Y88.7 E685.04578
G1 X101.8 Y131.3 E686.46266
G1 X110 Y131.3 E686.7354
G0 F12000 X110 Y131.7
G1 F2400 X118.6 Y131.7 E687.02143
G1 X118.6 Y88.3 E688.46492
G1 X101.4 Y88.3 E689.037
G1 X101.4 Y131.7 E690.48049
G1 X110 Y131.7 E690.76652
G0 F12000 X110 Y132.1
G1 F2400 X119 Y132.1 E691.06586
G1 X119 Y87.9 E692.53596
G1 X101 Y87.9 E693.13465
G1 X101 Y132.1 E694.60474
G1 X110 Y132.1 E694.90408
G0 F12000 X110 Y132.5
G1 F2400 X119.4 Y132.5 E695.21673
G1 X119.4 Y87.5 E696.71344
G1 X100.6 Y87.5 E697.33873
G1 X100.6 Y132.5 E698.83543
G1 X110 Y132.5 E699.14808
G0 F12000 X110 Y132.9
;TYPE:WALL-OUTER
G1 F2400 X119.8 Y132.9 E699.47403
G1 X119.8 Y87.1 E700.99734
G1 X100.2 Y87.1 E701.64924
G1 X100.2 Y132.9 E703.17255
G1 X110 Y132.9 E703.4985
G0 F12000 X110 Y132.19
G0 X110.546 Y131.221
;TYPE:FILL
G1 F4800 X118.12 Y102.957 E704.47174
G0 F12000 X118.12 Y104.008
G1 F4800 X102.893 Y88.78 E705.18799
G0 F12000 X101.881 Y89.377
G1 F4800 X104.109 Y88.78 E705.26471
G0 F12000 X105.354 Y88.779
G1 F4800 X101.88 Y101.744 E705.71114
G1 X101.88 Y101.8
G1 X118.119 Y97.449 E706.2703
G0 F12000 X118.12 Y98.351
G1 F4800 X108.549 Y88.78 E706.72049
G0 F12000 X109.495 Y88.78
G1 F4800 X101.88 Y117.199 E707.69906
G0 F12000 X101.88 Y116.052
G1 F4800 X117.048 Y131.22 E708.41251
G0 F12000 X118.12 Y130.578
G1 F4800 X115.723 Y131.22 E708.49505
G0 F12000 X114.688 Y131.221
G1 F4800 X118.12 Y118.411 E708.93613
G0 F12000 X118.119 Y118.154
G1 F4800 X101.88 Y122.506 E709.49531
G0 F12000 X101.88 Y121.709
G1 F4800 X111.391 Y131.22 E709.94267
G0 F12000 X106.405 Y131.22
G1 F4800 X117.777 Y88.779 E711.40406
G0 F12000 X118.12 Y89.167
G1 F4800 X101.881 Y93.518 E711.96323
G1 X101.88 Y93.424
G1 X118.12 Y109.664 E712.72711
G0 F12000 X118.12 Y109.872
G1 F4800 X101.881 Y114.223 E713.28627
G0 F12000 X101.88 Y110.395
G1 F4800 X118.12 Y126.635 E714.05015
G1 X118.119 Y126.437
G1 X101.88 Y130.788 E714.60931
G0 F12000 X102.264 Y131.22
G1 F4800 X113.636 Y88.779 E716.0707
G0 F12000 X114.206 Y88.78
G1 F4800 X118.12 Y92.694 E716.2548
G0 F12000 X118.12 Y93.308
G1 F4800 X101.881 Y97.659 E716.81396
G0 F12000 X101.88 Y99.081
G1 F4800 X118.12 Y115.321 E717.57784
G0 F12000 X118.12 Y114.013
G1 F4800 X101.88 Y118.365 E718.13705
G0 F12000 X101.88 Y126.647
G1 F4800 X118.119 Y122.296 E718.69621
G0 F12000 X118.12 Y120.978
G1 F4800 X101.88 Y104.738 E719.46009
G0 F12000 X101.88 Y105.941
G1 F4800 X118.119 Y101.59 E720.01925
G0 F12000 X118.119 Y105.731
G1 F4800 X101.881 Y110.082 E720.57838
G0 F12000 X101.88 Y127.365
G1 F4800 X105.734 Y131.22 E720.75969
;MESH:NONMESH
G0 F300 Z3
G0 F12000 X110 Y131.3
;TIME_ELAPSED:720.311836
;LAYER:14
;TYPE:WALL-INNER
;MESH:v1.STL(1)
G1 F2400 X118.2 Y131.3 E721.03242
G1 X118.2 Y88.7 E722.4493
G1 X101.8 Y88.7 E722.99477
G1 X101.8 Y131.3 E724.41165
G1 X110 Y131.3 E724.68438
G0 F12000 X110 Y131.7
G1 F2400 X118.6 Y131.7 E724.97042
G1 X118.6 Y88.3 E726.41391
G1 X101.4 Y88.3 E726.98598
G1 X101.4 Y131.7 E728.42947
G1 X110 Y131.7 E728.71551
G0 F12000 X110 Y132.1
G1 F2400 X119 Y132.1 E729.01485
G1 X119 Y87.9 E730.48495
G1 X101 Y87.9 E731.08363
G1 X101 Y132.1 E732.55373
G1 X110 Y132.1 E732.85307
G0 F12000 X110 Y132.5
G1 F2400 X119.4 Y132.5 E733.16572
G1 X119.4 Y87.5 E734.66242
G1 X100.6 Y87.5 E735.28771
G1 X100.6 Y132.5 E736.78442
G1 X110 Y132.5 E737.09706
G0 F12000 X110 Y132.9
;TYPE:WALL-OUTER
G1 F2400 X119.8 Y132.9 E737.42301
G1 X119.8 Y87.1 E738.94633
G1 X100.2 Y87.1 E739.59823
G1 X100.2 Y132.9 E741.12154
G1 X110 Y132.9 E741.44749
G0 F12000 X110 Y132.19
G0 X110.399 Y131.221
;TYPE:FILL
G1 F4800 X118.12 Y102.408 E742.43962
G0 F12000 X118.119 Y101.737
G1 F4800 X101.88 Y106.088 E742.99879
G0 F12000 X101.88 Y104.537
G1 F4800 X118.12 Y120.777 E743.76267
G0 F12000 X118.119 Y122.443
G1 F4800 X101.88 Y126.794 E744.32183
G0 F12000 X101.88 Y127.165
G1 F4800 X105.935 Y131.22 E744.51256
G0 F12000 X106.258 Y131.22
G1 F4800 X117.63 Y88.779 E745.97395
G0 F12000 X118.12 Y89.314
G1 F4800 X101.881 Y93.665 E746.53312
G0 F12000 X101.88 Y93.224
G1 F4800 X118.12 Y109.464 E747.297
G0 F12000 X118.12 Y110.019
G1 F4800 X101.881 Y114.37 E747.85616
G0 F12000 X101.88 Y115.851
G1 F4800 X117.249 Y131.22 E748.57907
G0 F12000 X116.272 Y131.22
G1 F4800 X118.12 Y130.725 E748.6427
G0 F12000 X114.541 Y131.22
G1 F4800 X118.12 Y117.863 E749.10263
G0 F12000 X118.119 Y118.301
G1 F4800 X101.88 Y122.653 E749.6618
G0 F12000 X101.88 Y121.508
G1 F4800 X111.592 Y131.22 E750.11862
G0 F12000 X118.119 Y126.584
G1 F4800 X101.88 Y130.935 E750.67778
G0 F12000 X102.117 Y131.22
G1 F4800 X113.489 Y88.779 E752.13917
G0 F12000 X114.407 Y88.78
G1 F4800 X118.12 Y92.493 E752.31382
G0 F12000 X118.12 Y93.455
G1 F4800 X101.881 Y97.806 E752.87298
G0 F12000 X101.88 Y98.88
G1 F4800 X118.12 Y115.121 E753.63689
G0 F12000 X118.12 Y114.16
G1 F4800 X101.881 Y118.512 E754.19606
G0 F12000 X101.88 Y116.65
G1 F4800 X109.348 Y88.779 E755.15575
G0 F12000 X108.75 Y88.78
G1 F4800 X118.12 Y98.15 E755.59649
G0 F12000 X118.12 Y97.596
G1 F4800 X101.88 Y101.947 E756.15568
G0 F12000 X101.88 Y101.197
G1 F4800 X105.207 Y88.779 E756.58327
G0 F12000 X104.658 Y88.78
G1 F4800 X101.881 Y89.524 E756.67889
G0 F12000 X103.093 Y88.78
G1 F4800 X118.12 Y103.807 E757.38572
G0 F12000 X118.119 Y105.878
G1 F4800 X101.881 Y110.229 E757.94485
G1 X101.88 Y110.194
G1 X118.12 Y126.434 E758.70873
;MESH:NONMESH
G0 F300 Z3.2
G0 F12000 X110 Y131.3
;TIME_ELAPSED:749.785611
;LAYER:15
;TYPE:WALL-INNER
;MESH:v1.STL(1)
G1 F2400 X118.2 Y131.3 E758.98146
G1 X118.2 Y88.7 E760.39834
G1 X101.8 Y88.7 E760.94381
G1 X101.8 Y131.3 E762.36069
G1 X110 Y131.3 E762.63342
G0 F12000 X110 Y131.7
G1 F2400 X118.6 Y131.7 E762.91946
G1 X118.6 Y88.3 E764.36295
G1 X101.4 Y88.3 E764.93502
G1 X101.4 Y131.7 E766.37851
G1 X110 Y131.7 E766.66455
G0 F12000 X110 Y132.1
G1 F2400 X119 Y132.1 E766.96389
G1 X119 Y87.9 E768.43399
G1 X101 Y87.9 E769.03267
G1 X101 Y132.1 E770.50277
G1 X110 Y132.1 E770.80211
G0 F12000 X110 Y132.5
G1 F2400 X119.4 Y132.5 E771.11476
G1 X119.4 Y87.5 E772.61146
G1 X100.6 Y87.5 E773.23675
G1 X100.6 Y132.5 E774.73346
G1 X110 Y132.5 E775.04611
G0 F12000 X110 Y132.9
;TYPE:WALL-OUTER
G1 F2400 X119.8 Y132.9 E775.37205
G1 X119.8 Y87.1 E776.89537
G1 X100.2 Y87.1 E777.54727
G1 X100.2 Y132.9 E779.07058
G1 X110 Y132.9 E779.39653
G0 F12000 X110 Y132.19
G0 X110.254 Y131.22
;TYPE:FILL
G1 F4800 X118.12 Y101.864 E780.40736
G1 X118.119 Y101.883
G1 X101.881 Y106.234 E780.96649
G0 F12000 X101.88 Y104.338
G1 F4800 X118.12 Y120.578 E781.73037
G0 F12000 X118.119 Y122.589
G1 F4800 X101.88 Y126.94 E782.28953
G1 X101.88 Y126.965
G1 X106.135 Y131.22 E782.48967
G1 X106.112 Y131.22
G1 X117.484 Y88.779 E783.95106
G0 F12000 X118.12 Y89.46
G1 F4800 X101.881 Y93.811 E784.51023
G0 F12000 X101.88 Y93.024
G1 F4800 X118.12 Y109.264 E785.27411
G0 F12000 X118.12 Y110.165
G1 F4800 X101.881 Y114.516 E785.83327
G0 F12000 X101.88 Y115.652
G1 F4800 X117.448 Y131.22 E786.56554
G0 F12000 X116.818 Y131.22
G1 F4800 X118.12 Y130.871 E786.61037
G0 F12000 X114.394 Y131.221
G1 F4800 X118.12 Y117.318 E787.08911
G0 F12000 X118.119 Y118.447
G1 F4800 X101.88 Y122.799 E787.64828
G0 F12000 X101.88 Y121.308
G1 F4800 X111.791 Y131.22 E788.11448
G0 F12000 X118.12 Y126.73
G1 F4800 X101.88 Y131.081 E788.67368
G1 X101.971 Y131.22
G1 X113.343 Y88.779 E790.13507
G0 F12000 X114.606 Y88.78
G1 F4800 X118.12 Y92.294 E790.30035
G0 F12000 X118.119 Y93.601
G1 F4800 X101.88 Y97.952 E790.85952
G0 F12000 X101.88 Y98.681
G1 F4800 X118.12 Y114.921 E791.6234
G0 F12000 X118.119 Y114.306
G1 F4800 X101.88 Y118.658 E792.18257
G0 F12000 X101.88 Y116.106
G1 F4800 X109.202 Y88.779 E793.12353
G0 F12000 X108.95 Y88.78
G1 F4800 X118.12 Y97.951 E793.55488
G0 F12000 X118.119 Y97.742
G1 F4800 X101.88 Y102.093 E794.11404
G0 F12000 X101.88 Y100.651
G1 F4800 X105.061 Y88.779 E794.52284
G1 X105.203 Y88.78
G1 X101.881 Y89.67 E794.63722
G0 F12000 X103.293 Y88.78
G1 F4800 X118.12 Y103.607 E795.33464
G0 F12000 X118.12 Y106.024
G1 F4800 X101.881 Y110.375 E795.8938
G0 F12000 X101.88 Y109.995
G1 F4800 X118.12 Y126.235 E796.65768
;MESH:NONMESH
G0 F300 Z3.4
G0 F12000 X110 Y131.3
;TIME_ELAPSED:779.262713
;LAYER:16
;TYPE:WALL-INNER
;MESH:v1.STL(1)
G1 F2400 X118.2 Y131.3 E796.93041
G1 X118.2 Y88.7 E798.3473
G1 X101.8 Y88.7 E798.89276
G1 X101.8 Y131.3 E800.30964
G1 X110 Y131.3 E800.58238
G0 F12000 X110 Y131.7
G1 F2400 X118.6 Y131.7 E800.86841
G1 X118.6 Y88.3 E802.3119
G1 X101.4 Y88.3 E802.88398
G1 X101.4 Y131.7 E804.32747
G1 X110 Y131.7 E804.61351
G0 F12000 X110 Y132.1
G1 F2400 X119 Y132.1 E804.91285
G1 X119 Y87.9 E806.38294
G1 X101 Y87.9 E806.98163
G1 X101 Y132.1 E808.45173
G1 X110 Y132.1 E808.75107
G0 F12000 X110 Y132.5
G1 F2400 X119.4 Y132.5 E809.06371
G1 X119.4 Y87.5 E810.56042
G1 X100.6 Y87.5 E811.18571
G1 X100.6 Y132.5 E812.68241
G1 X110 Y132.5 E812.99506
G0 F12000 X110 Y132.9
;TYPE:WALL-OUTER
G1 F2400 X119.8 Y132.9 E813.32101
G1 X119.8 Y87.1 E814.84432
G1 X100.2 Y87.1 E815.49622
G1 X100.2 Y132.9 E817.01954
G1 X110 Y132.9 E817.34549
G0 F12000 X110 Y132.19
G0 X110.107 Y131.22
;TYPE:FILL
G1 F4800 X118.12 Y101.315 E818.37522
G0 F12000 X118.119 Y102.03
G1 F4800 X101.881 Y106.381 E818.93435
G0 F12000 X101.88 Y104.137
G1 F4800 X118.12 Y120.377 E819.69823
G0 F12000 X118.119 Y118.594
G1 F4800 X101.88 Y122.946 E820.2574
G0 F12000 X101.88 Y121.108
G1 F4800 X111.992 Y131.22 E820.73304
G0 F12000 X114.247 Y131.221
G1 F4800 X118.12 Y116.769 E821.23067
G0 F12000 X118.12 Y114.72
G1 F4800 X101.88 Y98.48 E821.99455
G0 F12000 X101.88 Y98.099
G1 F4800 X118.12 Y93.748 E822.55375
G0 F12000 X118.12 Y92.093
G1 F4800 X114.807 Y88.78 E822.70958
G0 F12000 X113.196 Y88.779
G1 F4800 X101.88 Y131.011 E824.16377
G0 F12000 X101.91 Y131.22
G1 F4800 X118.12 Y126.877 E824.72193
G0 F12000 X118.12 Y126.034
G1 F4800 X101.88 Y109.794 E825.48581
G0 F12000 X101.881 Y110.522
G1 F4800 X118.12 Y106.171 E826.04498
G0 F12000 X118.12 Y103.407
G1 F4800 X103.494 Y88.78 E826.73296
G0 F12000 X104.914 Y88.779
G1 F4800 X101.88 Y100.102 E827.12285
G0 F12000 X101.88 Y102.24
G1 F4800 X118.119 Y97.889 E827.68201
G1 X118.12 Y97.75
G1 X109.15 Y88.78 E828.10394
G1 X109.055 Y88.779
G1 X101.88 Y115.557 E829.02599
G1 X101.88 Y115.451
G1 X117.649 Y131.22 E829.76772
G0 F12000 X117.366 Y131.22
G1 F4800 X118.12 Y131.018 E829.79368
G0 F12000 X118.119 Y122.736
G1 F4800 X101.88 Y127.087 E830.35284
G0 F12000 X101.88 Y126.764
G1 F4800 X106.335 Y131.22 E830.56242
G0 F12000 X105.965 Y131.22
G1 F4800 X117.337 Y88.779 E832.02381
G0 F12000 X118.12 Y89.607
G1 F4800 X101.881 Y93.958 E832.58297
G0 F12000 X101.88 Y92.823
G1 F4800 X118.12 Y109.063 E833.34685
G0 F12000 X118.12 Y110.312
G1 F4800 X101.881 Y114.663 E833.90601
G0 F12000 X101.88 Y118.805
G1 F4800 X118.12 Y114.453 E834.46521
G0 F12000 X105.751 Y88.78
G1 F4800 X101.881 Y89.817 E834.59847
G1 F2700 E829.59847
;MESH:NONMESH
G0 F300 Z3.6
G0 F12000 X110 Y131.3
;TIME_ELAPSED:809.739571
;LAYER:17
;TYPE:WALL-INNER
;MESH:v1.STL(1)
G1 F2700 E834.59847
G1 F2400 X118.2 Y131.3 E834.8712
G1 X118.2 Y88.7 E836.28809
G1 X101.8 Y88.7 E836.83355
G1 X101.8 Y131.3 E838.25043
G1 X110 Y131.3 E838.52317
G0 F12000 X110 Y131.7
G1 F2400 X118.6 Y131.7 E838.8092
G1 X118.6 Y88.3 E840.25269
G1 X101.4 Y88.3 E840.82477
G1 X101.4 Y131.7 E842.26826
G1 X110 Y131.7 E842.55429
G0 F12000 X110 Y132.1
G1 F2400 X119 Y132.1 E842.85364
G1 X119 Y87.9 E844.32373
G1 X101 Y87.9 E844.92242
G1 X101 Y132.1 E846.39251
G1 X110 Y132.1 E846.69186
G0 F12000 X110 Y132.5
G1 F2400 X119.4 Y132.5 E847.0045
G1 X119.4 Y87.5 E848.50121
G1 X100.6 Y87.5 E849.1265
G1 X100.6 Y132.5 E850.6232
G1 X110 Y132.5 E850.93585
G0 F12000 X110 Y132.9
;TYPE:WALL-OUTER
G1 F2400 X119.8 Y132.9 E851.2618
G1 X119.8 Y87.1 E852.78511
G1 X100.2 Y87.1 E853.43701
G1 X100.2 Y132.9 E854.96033
G1 X110 Y132.9 E855.28627
G0 F12000 X110 Y132.19
G0 X109.961 Y131.22
;TYPE:FILL
G1 F4800 X118.12 Y100.769 E856.3348
G0 F12000 X118.12 Y102.176
G1 F4800 X101.881 Y106.527 E856.89397
G0 F12000 X101.88 Y103.938
G1 F4800 X118.12 Y120.178 E857.65785
G0 F12000 X118.119 Y118.741
G1 F4800 X101.88 Y123.092 E858.21701
G0 F12000 X101.88 Y120.908
G1 F4800 X112.192 Y131.22 E858.70205
G0 F12000 X114.102 Y131.22
G1 F4800 X118.12 Y116.225 E859.21838
G0 F12000 X118.119 Y114.599
G1 F4800 X101.88 Y118.951 E859.77755
G0 F12000 X101.88 Y115.251
G1 F4800 X117.849 Y131.22 E860.52869
G1 X117.911 Y131.22
G1 X118.119 Y131.164 E860.53585
G0 F12000 X118.12 Y127.023
G1 F4800 X102.455 Y131.22 E861.07525
G0 F12000 X101.88 Y130.466
G1 F4800 X113.05 Y88.78 E862.51064
G0 F12000 X115.007 Y88.78
G1 F4800 X118.12 Y91.893 E862.65707
G0 F12000 X118.119 Y93.894
G1 F4800 X101.88 Y98.245 E863.21623
G1 X101.88 Y98.281
G1 X118.12 Y114.521 E863.98011
G0 F12000 X118.12 Y110.458
G1 F4800 X101.88 Y114.809 E864.5393
G0 F12000 X101.88 Y115.012
G1 F4800 X108.909 Y88.779 E865.4426
G0 F12000 X109.35 Y88.78
G1 F4800 X118.12 Y97.55 E865.85511
G0 F12000 X118.119 Y98.035
G1 F4800 X101.881 Y102.386 E866.41424
G0 F12000 X101.88 Y99.558
G1 F4800 X104.768 Y88.779 E866.7854
G0 F12000 X103.693 Y88.78
G1 F4800 X118.12 Y103.207 E867.464
G0 F12000 X118.12 Y106.317
G1 F4800 X101.881 Y110.668 E868.02316
G0 F12000 X101.88 Y109.594
G1 F4800 X118.12 Y125.835 E868.78706
G0 F12000 X118.12 Y122.881
G1 F4800 X101.88 Y127.233 E869.34627
G0 F12000 X101.88 Y126.565
G1 F4800 X106.535 Y131.22 E869.56522
G0 F12000 X105.819 Y131.22
G1 F4800 X117.191 Y88.779 E871.02661
G0 F12000 X118.12 Y89.753
G1 F4800 X101.88 Y94.104 E871.58581
G0 F12000 X101.88 Y92.624
G1 F4800 X118.12 Y108.864 E872.34969
G0 F12000 X106.296 Y88.78
G1 F4800 X101.881 Y89.963 E872.50171
G1 F2700 E867.50171
;MESH:NONMESH
G0 F300 Z3.8
G0 F12000 X110 Y131.3
;TIME_ELAPSED:840.611808
;LAYER:18
;TYPE:WALL-INNER
;MESH:v1.STL(1)
G1 F2700 E872.50171
G1 F2400 X118.2 Y131.3 E872.77444
G1 X118.2 Y88.7 E874.19133
G1 X101.8 Y88.7 E874.73679
G1 X101.8 Y131.3 E876.15367
G1 X110 Y131.3 E876.42641
G0 F12000 X110 Y131.7
G1 F2400 X118.6 Y131.7 E876.71244
G1 X118.6 Y88.3 E878.15593
G1 X101.4 Y88.3 E878.72801
G1 X101.4 Y131.7 E880.1715
G1 X110 Y131.7 E880.45753
G0 F12000 X110 Y132.1
G1 F2400 X119 Y132.1 E880.75688
G1 X119 Y87.9 E882.22697
G1 X101 Y87.9 E882.82566
G1 X101 Y132.1 E884.29575
G1 X110 Y132.1 E884.5951
G0 F12000 X110 Y132.5
G1 F2400 X119.4 Y132.5 E884.90774
G1 X119.4 Y87.5 E886.40445
G1 X100.6 Y87.5 E887.02974
G1 X100.6 Y132.5 E888.52644
G1 X110 Y132.5 E888.83909
G0 F12000 X110 Y132.9
;TYPE:WALL-OUTER
G1 F2400 X119.8 Y132.9 E889.16504
G1 X119.8 Y87.1 E890.68835
G1 X100.2 Y87.1 E891.34025
G1 X100.2 Y132.9 E892.86357
G1 X110 Y132.9 E893.18951
G0 F12000 X110 Y132.19
G0 X109.814 Y131.22
;TYPE:FILL
G1 F4800 X118.12 Y100.221 E894.25692
G0 F12000 X118.119 Y98.182
G1 F4800 X101.881 Y102.533 E894.81605
G0 F12000 X101.88 Y103.737
G1 F4800 X118.12 Y119.977 E895.57993
G0 F12000 X118.119 Y118.888
G1 F4800 X101.88 Y123.239 E896.13909
G0 F12000 X101.88 Y120.707
G1 F4800 X112.393 Y131.22 E896.63359
G0 F12000 X113.955 Y131.22
G1 F4800 X118.12 Y115.676 E897.16882
G0 F12000 X118.119 Y114.746
G1 F4800 X101.88 Y119.098 E897.72799
G0 F12000 X101.88 Y115.051
G1 F4800 X118.049 Y131.22 E898.48853
G1 X118.096 Y131.221
G1 X118.119 Y131.132 E898.49159
G0 F12000 X118.12 Y127.17
G1 F4800 X103.004 Y131.22 E899.01208
G0 F12000 X101.88 Y129.917
G1 F4800 X112.903 Y88.78 E900.42857
G0 F12000 X115.207 Y88.78
G1 F4800 X118.12 Y91.693 E900.56559
G0 F12000 X118.12 Y89.9
G1 F4800 X101.88 Y94.251 E901.12479
G0 F12000 X101.88 Y92.423
G1 F4800 X118.12 Y108.663 E901.88867
G0 F12000 X118.12 Y110.605
G1 F4800 X101.88 Y114.956 E902.44786
G0 F12000 X101.88 Y114.464
G1 F4800 X108.762 Y88.779 E903.33228
G0 F12000 X109.551 Y88.78
G1 F4800 X118.12 Y97.35 E903.73536
G0 F12000 X118.119 Y94.041
G1 F4800 X101.88 Y98.392 E904.29453
G0 F12000 X101.88 Y98.08
G1 F4800 X118.12 Y114.32 E905.05841
G0 F12000 X118.12 Y106.464
G1 F4800 X101.881 Y110.815 E905.61757
G0 F12000 X101.88 Y109.394
G1 F4800 X118.12 Y125.634 E906.38145
G0 F12000 X118.12 Y123.028
G1 F4800 X101.88 Y127.38 E906.94065
G0 F12000 X101.88 Y126.364
G1 F4800 X106.736 Y131.22 E907.16906
G0 F12000 X105.672 Y131.22
G1 F4800 X117.044 Y88.779 E908.63045
G0 F12000 X106.845 Y88.78
G1 F4800 X101.881 Y90.11 E908.80138
G0 F12000 X103.894 Y88.78
G1 F4800 X118.12 Y103.006 E909.47053
G0 F12000 X118.119 Y102.323
G1 F4800 X101.881 Y106.674 E910.02966
G0 F12000 X101.88 Y99.009
G1 F4800 X104.621 Y88.779 E910.38191
G1 F2700 E905.38191
;MESH:NONMESH
G0 F300 Z4
G0 F12000 X110 Y131.3
;TIME_ELAPSED:871.661121
;LAYER:19
;TYPE:WALL-INNER
;MESH:v1.STL(1)
G1 F2700 E910.38191
G1 F2400 X118.2 Y131.3 E910.65464
G1 X118.2 Y88.7 E912.07152
G1 X101.8 Y88.7 E912.61699
G1 X101.8 Y131.3 E914.03387
G1 X110 Y131.3 E914.3066
G0 F12000 X110 Y131.7
G1 F2400 X118.6 Y131.7 E914.59264
G1 X118.6 Y88.3 E916.03613
G1 X101.4 Y88.3 E916.60821
G1 X101.4 Y131.7 E918.0517
G1 X110 Y131.7 E918.33773
G0 F12000 X110 Y132.1
G1 F2400 X119 Y132.1 E918.63707
G1 X119 Y87.9 E920.10717
G1 X101 Y87.9 E920.70585
G1 X101 Y132.1 E922.17595
G1 X110 Y132.1 E922.47529
G0 F12000 X110 Y132.5
G1 F2400 X119.4 Y132.5 E922.78794
G1 X119.4 Y87.5 E924.28464
G1 X100.6 Y87.5 E924.90994
G1 X100.6 Y132.5 E926.40664
G1 X110 Y132.5 E926.71929
G0 F12000 X110 Y132.9
;TYPE:WALL-OUTER
G1 F2400 X119.8 Y132.9 E927.04524
G1 X119.8 Y87.1 E928.56855
G1 X100.2 Y87.1 E929.22045
G1 X100.2 Y132.9 E930.74376
G1 X110 Y132.9 E931.06971
G0 F12000 X110 Y132.19
G0 X109.668 Y131.22
;TYPE:FILL
G1 F4800 X114.826 Y111.97 E931.73256
G0 F12000 X112.939 Y112.139
G1 F4800 X101.881 Y115.102 E932.11332
G0 F12000 X101.88 Y114.851
G1 F4800 X118.12 Y131.091 E932.8772
G0 F12000 X117.95 Y131.22
G1 F4800 X118.12 Y130.586 E932.89903
G0 F12000 X118.12 Y127.316
G1 F4800 X103.549 Y131.22 E933.40076
G0 F12000 X105.526 Y131.22
G1 F4800 X110.685 Y111.968 E934.06368
G0 F12000 X110.498 Y112.156
G1 F4800 X111.712 Y113.369 E934.12075
G0 F12000 X112.569 Y114.227
G1 F4800 X118.12 Y119.778 E934.38186
G0 F12000 X118.119 Y119.034
G1 F4800 X101.881 Y123.385 E934.94099
G0 F12000 X101.88 Y126.165
G1 F4800 X106.935 Y131.22 E935.17876
G0 F12000 X101.88 Y129.373
G1 F4800 X106.544 Y111.967 E935.77811
G0 F12000 X105.599 Y112.913
G1 F4800 X118.12 Y125.434 E936.36706
G0 F12000 X118.12 Y123.174
G1 F4800 X101.881 Y127.526 E936.92623
G0 F12000 X101.88 Y120.508
G1 F4800 X112.592 Y131.22 E937.43009
G0 F12000 X113.809 Y131.22
G1 F4800 X118.12 Y115.131 E937.98409
G0 F12000 X118.119 Y114.892
G1 F4800 X101.881 Y119.243 E938.54322
G0 F12000 X101.88 Y113.92
G1 F4800 X102.402 Y111.971 E938.61033
G0 F12000 X101.881 Y106.82
G1 F4800 X118.12 Y102.469 E939.16949
G0 F12000 X118.12 Y102.807
G1 F4800 X104.093 Y88.78 E939.82928
G0 F12000 X104.475 Y88.779
G1 F4800 X101.88 Y98.464 E940.16276
G1 X101.88 Y98.538
G1 X118.119 Y94.187 E940.72192
G0 F12000 X118.12 Y91.493
G1 F4800 X115.407 Y88.78 E940.84954
G0 F12000 X116.898 Y88.78
G1 F4800 X111.724 Y108.091 E941.51448
G0 F12000 X112.03 Y108.031
G1 F4800 X101.88 Y97.881 E941.9919
G0 F12000 X101.88 Y94.397
G1 F4800 X118.119 Y90.046 E942.55106
G0 F12000 X112.757 Y88.779
G1 F4800 X108.081 Y106.232 E943.15203
G0 F12000 X106.326 Y107.984
G1 F4800 X101.88 Y103.537 E943.36118
G0 F12000 X101.881 Y102.679
G1 F4800 X118.12 Y98.328 E943.92034
G0 F12000 X118.12 Y97.15
G1 F4800 X109.75 Y88.78 E944.31404
G0 F12000 X108.616 Y88.779
G1 F4800 X103.911 Y106.339 E944.91869
G0 F12000 X116.124 Y107.124
G1 F4800 X118.12 Y99.676 E945.17515
G0 F12000 X118.12 Y106.61
G1 F4800 X116.141 Y107.14 E945.24329
G0 F12000 X117.639 Y107.983
G1 F4800 X101.88 Y92.224 E945.98455
G0 F12000 X101.88 Y90.256
G1 F4800 X107.389 Y88.78 E946.17424
G0 F12000 X116.876 Y112.876
G1 F4800 X118.12 Y114.121 E946.23278
G0 F12000 X116.708 Y112.908
G1 F1200 X117.92 Y111.696 E946.26698
G0 F12000 X117.92 Y111.13
G1 F1200 X116.425 Y112.625 E946.30917
G0 F12000 X116.142 Y112.343
G1 F1200 X117.92 Y110.565 E946.35935
G0 F12000 X117.92 Y109.999
G1 F1200 X115.859 Y112.06 E946.41752
G0 F12000 X114.822 Y112.531
G1 F1200 X117.92 Y109.433 E946.50495
G0 F12000 X117.92 Y108.868
G1 F1200 X112.466 Y114.321 E946.65886
G0 F12000 X112.183 Y114.039
G1 F1200 X117.92 Y108.302 E946.82077
G0 F12000 X117.92 Y107.736
G1 F1200 X111.9 Y113.756 E946.99067
G0 F12000 X111.618 Y113.473
G1 F1200 X117.274 Y107.817 E947.15029
G0 F12000 X116.991 Y107.534
G1 F1200 X112.383 Y112.142 E947.28034
G0 F12000 X111.61 Y112.349
G1 F1200 X116.062 Y107.897 E947.40599
G0 F12000 X116.271 Y107.122
G1 F1200 X110.838 Y112.556 E947.55933
G0 F12000 X110.812 Y112.016
G1 F1200 X115.722 Y107.105 E947.69792
G0 F12000 X114.949 Y107.313
G1 F1200 X110.202 Y112.06 E947.83189
G0 F12000 X108.518 Y113.178
G1 F1200 X114.176 Y107.521 E947.99155
G0 F12000 X113.402 Y107.728
G1 F1200 X107.745 Y113.385 E948.15121
G0 F12000 X106.973 Y113.592
G1 F1200 X112.629 Y107.936 E948.31083
G0 F12000 X111.618 Y107.816
G1 F1200 X106.405 Y113.028 E948.45794
G0 F12000 X106.243 Y113.757
G1 F1200 X114.727 Y105.272 E948.69739
G0 F12000 X111.335 Y107.533
G1 F1200 X106.612 Y112.256 E948.83068
G0 F12000 X105.394 Y112.908
G1 F1200 X111.052 Y107.25 E948.99036
G0 F12000 X110.768 Y106.968
G1 F1200 X105.111 Y112.625 E949.15002
G0 F12000 X104.829 Y112.342
G1 F1200 X110.485 Y106.685 E949.30965
G0 F12000 X110.203 Y106.403
G1 F1200 X104.546 Y112.059 E949.46929
G0 F12000 X102.407 Y112.501
G1 F1200 X108.061 Y106.847 E949.62886
G0 F12000 X107.854 Y107.62
G1 F1200 X102.2 Y113.274 E949.78843
G0 F12000 X102.08 Y113.959
G1 F1200 X109.92 Y106.12 E950.00968
G0 F12000 X108.269 Y106.073
G1 F1200 X102.08 Y112.262 E950.18434
G0 F12000 X102.08 Y111.697
G1 F1200 X105.961 Y107.816 E950.29387
G0 F12000 X105.678 Y107.533
G1 F1200 X102.08 Y111.131 E950.39542
G0 F12000 X102.08 Y110.565
G1 F1200 X105.394 Y107.251 E950.48895
G0 F12000 X105.111 Y106.968
G1 F1200 X102.08 Y110 E950.5745
G0 F12000 X102.08 Y109.434
G1 F1200 X103.647 Y107.867 E950.61873
G0 F12000 X103.854 Y107.094
G1 F1200 X102.08 Y108.868 E950.66879
G0 F12000 X102.08 Y108.303
G1 F1200 X104.062 Y106.321 E950.72473
;MESH:NONMESH
G0 F300 Z4.2
G0 F12000 X110 Y131.3
;TIME_ELAPSED:917.545673
;LAYER:20
;TYPE:WALL-INNER
;MESH:v1.STL(1)
G1 F2400 X118.2 Y131.3 E950.99746
G1 X118.2 Y88.7 E952.41434
G1 X101.8 Y88.7 E952.95981
G1 X101.8 Y131.3 E954.37669
G1 X110 Y131.3 E954.64942
G0 F12000 X110 Y131.7
G1 F2400 X118.6 Y131.7 E954.93546
G1 X118.6 Y88.3 E956.37895
G1 X101.4 Y88.3 E956.95103
G1 X101.4 Y131.7 E958.39452
G1 X110 Y131.7 E958.68055
G0 F12000 X110 Y132.1
G1 F2400 X119 Y132.1 E958.97989
G1 X119 Y87.9 E960.44999
G1 X101 Y87.9 E961.04867
G1 X101 Y132.1 E962.51877
G1 X110 Y132.1 E962.81811
G0 F12000 X110 Y132.5
G1 F2400 X119.4 Y132.5 E963.13076
G1 X119.4 Y87.5 E964.62746
G1 X100.6 Y87.5 E965.25276
G1 X100.6 Y132.5 E966.74946
G1 X110 Y132.5 E967.06211
G0 F12000 X110 Y132.9
;TYPE:WALL-OUTER
G1 F2400 X119.8 Y132.9 E967.38806
G1 X119.8 Y87.1 E968.91137
G1 X100.2 Y87.1 E969.56327
G1 X100.2 Y132.9 E971.08658
G1 X110 Y132.9 E971.41253
G0 F12000 X110 Y132.19
G0 X109.521 Y131.22
;TYPE:FILL
G1 F4800 X113.914 Y114.826 E971.97704
G0 F12000 X113.641 Y115.099
G1 F4800 X114.012 Y115.471 E971.99451
G0 F12000 X114.326 Y115.784
G1 F4800 X118.12 Y119.578 E972.17297
G0 F12000 X118.12 Y119.179
G1 F4800 X101.881 Y123.531 E972.73214
G0 F12000 X101.88 Y125.965
G1 F4800 X107.134 Y131.22 E972.97929
G0 F12000 X105.38 Y131.221
G1 F4800 X109.774 Y114.824 E973.5439
G0 F12000 X108.742 Y115.857
G1 F4800 X109.55 Y116.665 E973.58191
G0 F12000 X109.866 Y116.981
G1 F4800 X118.12 Y125.235 E973.97015
G0 F12000 X118.12 Y123.32
G1 F4800 X101.88 Y127.672 E974.52936
G0 F12000 X101.88 Y128.828
G1 F4800 X105.632 Y114.827 E975.01146
G0 F12000 X103.844 Y116.615
G1 F4800 X118.12 Y130.892 E975.68298
G0 F12000 X117.804 Y131.22
G1 F4800 X118.12 Y130.042 E975.72355
G0 F12000 X118.119 Y127.462
G1 F4800 X104.093 Y131.22 E976.20651
G0 F12000 X112.791 Y131.22
G1 F4800 X101.88 Y120.309 E976.71973
G0 F12000 X101.881 Y119.389
G1 F4800 X118.12 Y115.038 E977.27889
G0 F12000 X118.079 Y114.738
G1 F4800 X113.663 Y131.22 E977.84642
G0 F12000 X102.523 Y115.295
G1 F4800 X101.968 Y114.739 E977.87255
G0 F12000 X101.881 Y115.248
G1 F4800 X102.821 Y114.996 E977.90492
G0 F12000 X101.972 Y112.029
G0 X101.972 Y107.971
G0 X103.67 Y105.128
G1 F4800 X101.88 Y103.338 E977.98912
G0 F12000 X101.881 Y102.825
G1 F4800 X118.12 Y98.474 E978.54828
G0 F12000 X118.12 Y99.13
G1 F4800 X117.074 Y103.036 E978.68277
G0 F12000 X118.12 Y102.615
G1 F4800 X112.676 Y104.074 E978.87023
G1 X112.659 Y104.057
G1 X116.753 Y88.779 E979.3963
G0 F12000 X115.606 Y88.78
G1 F4800 X118.12 Y91.294 E979.51456
G0 F12000 X118.119 Y90.192
G1 F4800 X101.881 Y94.543 E980.07369
G0 F12000 X101.88 Y92.024
G1 F4800 X114.981 Y105.126 E980.68994
G0 F12000 X118.12 Y102.608
G1 F4800 X104.293 Y88.78 E981.34034
G1 X104.329 Y88.779
G1 X101.88 Y97.921 E981.65513
G0 F12000 X101.88 Y97.681
G1 F4800 X109.325 Y105.126 E982.00532
G0 F12000 X109.539 Y104.914
G1 F4800 X108.913 Y105.082 E982.02688
G0 F12000 X108.488 Y105.196
G1 F4800 X108.332 Y105.238 E982.03225
G1 X108.197 Y105.253
G1 X108.32 Y104.795 E982.04802
G0 F12000 X108.384 Y104.556
G1 F4800 X112.611 Y88.779 E982.59127
G0 F12000 X109.949 Y88.78
G1 F4800 X118.12 Y96.951 E982.97561
G0 F12000 X118.12 Y94.333
G1 F4800 X101.881 Y98.684 E983.53478
G0 F12000 X104.243 Y104.555
G1 F4800 X108.47 Y88.779 E984.078
G0 F12000 X107.934 Y88.78
G1 F4800 X101.881 Y90.402 E984.28642
G0 F12000 X106.907 Y102.909
G1 F1200 X102.08 Y107.737 E984.42267
G0 F12000 X102.463 Y107.919
G1 F1200 X107.19 Y103.192 E984.55607
G0 F12000 X107.473 Y103.475
G1 F1200 X103.029 Y107.919 E984.68149
G0 F12000 X103.595 Y107.919
G1 F1200 X107.756 Y103.758 E984.79892
G0 F12000 X108.039 Y104.041
G1 F1200 X104.16 Y107.919 E984.90838
G0 F12000 X104.726 Y107.919
G1 F1200 X108.322 Y104.324 E985.00986
G0 F12000 X108.483 Y104.728
G1 F1200 X105.292 Y107.919 E985.09991
G0 F12000 X105.857 Y107.919
G1 F1200 X108.815 Y104.962 E985.18338
G0 F12000 X109.586 Y104.756
G1 F1200 X106.423 Y107.919 E985.27265
G0 F12000 X106.989 Y107.919
G1 F1200 X110.359 Y104.549 E985.36775
G0 F12000 X111.132 Y104.341
G1 F1200 X107.554 Y107.919 E985.46873
G0 F12000 X108.12 Y107.919
G1 F1200 X111.906 Y104.133 E985.57558
G0 F12000 X112.679 Y103.926
G1 F1200 X108.686 Y107.919 E985.68827
G0 F12000 X109.252 Y107.919
G1 F1200 X112.691 Y104.48 E985.78533
G0 F12000 X113.696 Y104.04
G1 F1200 X109.817 Y107.919 E985.8948
G0 F12000 X110.383 Y107.919
G1 F1200 X113.979 Y104.323 E985.99629
G0 F12000 X114.263 Y104.605
G1 F1200 X110.949 Y107.919 E986.08982
G0 F12000 X111.514 Y107.919
G1 F1200 X114.546 Y104.888 E986.17537
G0 F12000 X116.692 Y105.005
G1 F1200 X113.777 Y107.919 E986.25763
G0 F12000 X114.343 Y107.919
G1 F1200 X117.92 Y104.342 E986.35858
G0 F12000 X117.92 Y104.908
G1 F1200 X114.908 Y107.919 E986.44357
G0 F12000 X115.474 Y107.919
G1 F1200 X117.92 Y105.473 E986.5126
G0 F12000 X117.92 Y106.039
G1 F1200 X116.04 Y107.919 E986.56566
G0 F12000 X116.605 Y107.919
G1 F1200 X117.92 Y106.605 E986.60276
G0 F12000 X116.899 Y104.232
G1 F1200 X113.211 Y107.919 E986.70683
G0 F12000 X112.646 Y107.919
G1 F1200 X117.107 Y103.458 E986.83272
G0 F12000 X117.315 Y102.685
G1 F1200 X112.08 Y107.919 E986.98045
G0 F12000 X112.08 Y107.899
G0 X118.028 Y107.971
G0 X118.028 Y112.029
G0 X111.878 Y112.101
G0 X111.878 Y112.081
G1 F1200 X108.322 Y115.637 E987.08081
G0 F12000 X108.04 Y115.354
G1 F1200 X111.313 Y112.081 E987.17318
G0 F12000 X110.747 Y112.081
G1 F1200 X107.757 Y115.071 E987.25757
G0 F12000 X108.605 Y115.92
G1 F1200 X112.444 Y112.081 E987.36591
G0 F12000 X113.01 Y112.081
G1 F1200 X109.793 Y115.297 E987.45669
G0 F12000 X109.585 Y116.071
G1 F1200 X113.575 Y112.081 E987.56929
G0 F12000 X114.141 Y112.081
G1 F1200 X109.454 Y116.767 E987.70156
G0 F12000 X109.737 Y117.05
G1 F1200 X114.707 Y112.081 E987.84181
G0 F12000 X115.273 Y112.081
G1 F1200 X110.389 Y116.964 E987.97963
G0 F12000 X111.163 Y116.756
G1 F1200 X115.838 Y112.081 E988.11157
G0 F12000 X116.404 Y112.081
G1 F1200 X113.414 Y115.071 E988.19595
G0 F12000 X114.001 Y115.049
G1 F1200 X116.97 Y112.081 E988.27973
G0 F12000 X117.535 Y112.081
G1 F1200 X113.979 Y115.637 E988.38009
G0 F12000 X114.262 Y115.92
G1 F1200 X117.92 Y112.262 E988.48333
G0 F12000 X117.92 Y112.827
G1 F1200 X115.026 Y115.721 E988.565
G0 F12000 X115.799 Y115.514
G1 F1200 X117.92 Y113.393 E988.62486
G0 F12000 X117.92 Y113.959
G1 F1200 X116.572 Y115.306 E988.66289
G0 F12000 X117.344 Y115.1
G1 F1200 X117.92 Y114.524 E988.67915
G0 F12000 X110.181 Y112.101
G0 X110.181 Y112.081
G1 F1200 X105.172 Y117.091 E988.82052
G0 F12000 X105.379 Y116.317
G1 F1200 X109.616 Y112.081 E988.94009
G0 F12000 X109.05 Y112.081
G1 F1200 X105.587 Y115.544 E989.03782
G0 F12000 X103.798 Y116.767
G1 F1200 X108.484 Y112.081 E989.17007
G0 F12000 X107.919 Y112.081
G1 F1200 X103.515 Y116.485 E989.29436
G0 F12000 X103.232 Y116.202
G1 F1200 X107.353 Y112.081 E989.41066
G0 F12000 X106.787 Y112.081
G1 F1200 X102.949 Y115.919 E989.51898
G0 F12000 X102.666 Y115.636
G1 F1200 X106.222 Y112.081 E989.61932
G0 F12000 X105.656 Y112.081
G1 F1200 X102.383 Y115.353 E989.71168
G0 F12000 X102.137 Y115.034
G1 F1200 X105.09 Y112.081 E989.79502
G0 F12000 X104.525 Y112.081
G1 F1200 X102.08 Y114.525 E989.86401
G0 F12000 X102.08 Y113.959
G1 F1200 X103.959 Y112.081 E989.91703
G0 F12000 X103.393 Y112.081
G1 F1200 X102.08 Y113.394 E989.95408
G0 F12000 X102.08 Y112.828
G1 F1200 X102.827 Y112.081 E989.97516
G0 F12000 X102.262 Y112.081
G1 F1200 X102.08 Y112.262 E989.98029
G0 F12000 X101.972 Y112.029
G0 X101.972 Y107.971
G0 X102.08 Y107.171
G1 F1200 X104.275 Y104.976 E990.04223
G0 F12000 X104.484 Y104.202
G1 F1200 X102.08 Y106.606 E990.11008
G0 F12000 X102.08 Y106.04
G1 F1200 X103.231 Y104.889 E990.14256
G0 F12000 X102.948 Y104.606
G1 F1200 X102.08 Y105.474 E990.16706
G0 F12000 X101.972 Y107.971
G0 X101.972 Y112.029
G0 X110 Y112.101
G0 X110 Y111.84
;TYPE:SKIN
G1 F2400 X102.16 Y111.84 E990.42782
G1 X102.16 Y108.156 E990.55035
G1 X117.84 Y108.156 E991.07187
G1 X117.84 Y111.84 E991.1944
G1 X110 Y111.84 E991.45516
G0 F12000 X110 Y112.101
G0 X102.588 Y112.101
G0 X102.588 Y111.639
G1 F2400 X102.36 Y111.411 E991.46588
G0 F12000 X102.36 Y110.845
G1 F2400 X103.154 Y111.639 E991.50323
G0 F12000 X103.72 Y111.639
G1 F2400 X102.36 Y110.28 E991.56718
G0 F12000 X102.36 Y109.714
G1 F2400 X104.286 Y111.639 E991.65775
G0 F12000 X104.851 Y111.639
G1 F2400 X102.36 Y109.148 E991.77492
G0 F12000 X102.36 Y108.583
G1 F2400 X105.417 Y111.639 E991.91868
G0 F12000 X105.983 Y111.639
G1 F2400 X102.699 Y108.356 E992.07313
G0 F12000 X103.265 Y108.356
G1 F2400 X106.548 Y111.639 E992.22755
G0 F12000 X107.114 Y111.639
G1 F2400 X103.831 Y108.356 E992.38197
G0 F12000 X104.397 Y108.356
G1 F2400 X107.68 Y111.639 E992.5364
G0 F12000 X108.245 Y111.639
G1 F2400 X104.962 Y108.356 E992.69082
G0 F12000 X105.528 Y108.356
G1 F2400 X108.811 Y111.639 E992.84524
G0 F12000 X109.377 Y111.639
G1 F2400 X106.094 Y108.356 E992.99966
G0 F12000 X106.659 Y108.356
G1 F2400 X109.942 Y111.639 E993.15409
G0 F12000 X110.508 Y111.639
G1 F2400 X107.225 Y108.356 E993.30851
G0 F12000 X107.791 Y108.356
G1 F2400 X111.074 Y111.639 E993.46293
G0 F12000 X111.639 Y111.639
G1 F2400 X108.356 Y108.356 E993.61735
G0 F12000 X108.922 Y108.356
G1 F2400 X112.205 Y111.639 E993.77177
G0 F12000 X112.771 Y111.639
G1 F2400 X109.488 Y108.356 E993.9262
G0 F12000 X110.053 Y108.356
G1 F2400 X113.336 Y111.639 E994.08062
G0 F12000 X113.902 Y111.639
G1 F2400 X110.619 Y108.356 E994.23504
G0 F12000 X111.185 Y108.356
G1 F2400 X114.468 Y111.639 E994.38946
G0 F12000 X115.034 Y111.639
G1 F2400 X111.75 Y108.356 E994.54391
G0 F12000 X112.316 Y108.356
G1 F2400 X115.599 Y111.639 E994.69833
G0 F12000 X116.165 Y111.639
G1 F2400 X112.882 Y108.356 E994.85275
G0 F12000 X113.448 Y108.356
G1 F2400 X116.731 Y111.639 E995.00718
G0 F12000 X117.296 Y111.639
G1 F2400 X114.013 Y108.356 E995.1616
G0 F12000 X114.579 Y108.356
G1 F2400 X117.64 Y111.417 E995.30558
G0 F12000 X117.64 Y110.852
G1 F2400 X115.145 Y108.356 E995.42296
G0 F12000 X115.71 Y108.356
G1 F2400 X117.64 Y110.286 E995.51374
G0 F12000 X117.64 Y109.72
G1 F2400 X116.276 Y108.356 E995.5779
G0 F12000 X116.842 Y108.356
G1 F2400 X117.64 Y109.155 E995.61546
G0 F12000 X117.64 Y108.589
G1 F2400 X117.407 Y108.356 E995.62642
G0 F12000 X117.407 Y107.599
;MESH:NONMESH
G0 F300 Z4.4
G0 F12000 X118.028 Y107.971
G0 X118.028 Y112.029
G0 X110 Y131.3
;TIME_ELAPSED:976.844292
;LAYER:21
;TYPE:WALL-INNER
;MESH:v1.STL(1)
G1 F2400 X118.2 Y131.3 E995.89915
G1 X118.2 Y88.7 E997.31603
G1 X101.8 Y88.7 E997.8615
G1 X101.8 Y131.3 E999.27838
G1 X110 Y131.3 E999.55111
G0 F12000 X110 Y131.7
G1 F2400 X118.6 Y131.7 E999.83715
G1 X118.6 Y88.3 E1001.28064
G1 X101.4 Y88.3 E1001.85271
G1 X101.4 Y131.7 E1003.2962
G1 X110 Y131.7 E1003.58224
G0 F12000 X110 Y132.1
G1 F2400 X119 Y132.1 E1003.88158
G1 X119 Y87.9 E1005.35168
G1 X101 Y87.9 E1005.95036
G1 X101 Y132.1 E1007.42046
G1 X110 Y132.1 E1007.7198
G0 F12000 X110 Y132.5
G1 F2400 X119.4 Y132.5 E1008.03245
G1 X119.4 Y87.5 E1009.52915
G1 X100.6 Y87.5 E1010.15444
G1 X100.6 Y132.5 E1011.65115
G1 X110 Y132.5 E1011.9638
G0 F12000 X110 Y132.9
;TYPE:WALL-OUTER
G1 F2400 X119.8 Y132.9 E1012.28975
G1 X119.8 Y87.1 E1013.81306
G1 X100.2 Y87.1 E1014.46496
G1 X100.2 Y132.9 E1015.98827
G1 X110 Y132.9 E1016.31422
G0 F12000 X110 Y132.19
G0 X109.374 Y131.22
;TYPE:FILL
G1 F4800 X113.406 Y116.174 E1016.83231
G0 F12000 X113.62 Y116.391
G1 F4800 X101.881 Y119.536 E1017.23652
G0 F12000 X101.88 Y120.108
G1 F4800 X112.992 Y131.22 E1017.75919
G0 F12000 X113.516 Y131.22
G1 F4800 X117.531 Y116.235 E1018.27518
G0 F12000 X116.255 Y117.512
G1 F4800 X118.12 Y119.377 E1018.3629
G1 X118.12 Y119.326
G1 X101.881 Y123.678 E1018.92207
G0 F12000 X101.88 Y125.765
G1 F4800 X107.335 Y131.22 E1019.17866
G0 F12000 X105.233 Y131.221
G1 F4800 X109.257 Y116.204 E1019.69575
G1 X109.288 Y116.202
G1 X109.479 Y116.393 E1019.70473
G0 F12000 X110.139 Y117.053
G1 F4800 X118.12 Y125.034 E1020.08013
G0 F12000 X118.12 Y123.467
G1 F4800 X101.88 Y127.819 E1020.63934
G0 F12000 X101.88 Y128.28
G1 F4800 X105.106 Y116.239 E1021.05395
G0 F12000 X104.387 Y116.958
G1 F4800 X105.017 Y117.588 E1021.08358
G0 F12000 X105.678 Y118.249
G1 F4800 X118.12 Y130.691 E1021.66881
G0 F12000 X117.657 Y131.22
G1 F4800 X118.12 Y129.493 E1021.72828
G0 F12000 X118.119 Y127.609
G1 F4800 X104.642 Y131.22 E1022.19234
G0 F12000 X101.972 Y114.887
G0 X101.972 Y105.114
G0 X102.458 Y103.715
G1 F4800 X101.88 Y103.137 E1022.21953
G1 X101.881 Y102.972
G1 X103.687 Y102.488 E1022.28171
G0 F12000 X104.731 Y102.186
G1 F4800 X108.323 Y88.779 E1022.74336
G1 X108.482 Y88.78
G1 X101.881 Y90.549 E1022.97066
G0 F12000 X101.88 Y91.823
G1 F4800 X113.77 Y103.713 E1023.52993
G0 F12000 X112.772 Y103.087
G1 F4800 X116.606 Y88.779 E1024.0226
G0 F12000 X115.807 Y88.78
G1 F4800 X118.12 Y91.093 E1024.1314
G0 F12000 X118.119 Y90.339
G1 F4800 X101.881 Y94.69 E1024.69053
G0 F12000 X101.88 Y97.371
G1 F4800 X104.182 Y88.779 E1024.98638
G0 F12000 X104.493 Y88.78
G1 F4800 X118.12 Y102.407 E1025.62735
G0 F12000 X118.12 Y102.762
G1 F4800 X117.801 Y102.847 E1025.63833
G0 F12000 X117.298 Y102.982
G1 F4800 X116.939 Y103.078 E1025.65069
G1 X116.92 Y103.061
G1 X118.12 Y98.582 E1025.80492
G1 X118.12 Y98.621
G1 X104.749 Y102.203 E1026.26532
G0 F12000 X108.115 Y103.715
G1 F4800 X101.88 Y97.48 E1026.5586
G0 F12000 X101.881 Y98.831
G1 F4800 X118.12 Y94.48 E1027.11776
G0 F12000 X118.12 Y96.75
G1 F4800 X110.15 Y88.78 E1027.49264
G0 F12000 X112.464 Y88.779
G1 F4800 X108.589 Y103.242 E1027.99065
G1 F1200 X108.698 Y103.382
G1 X107.017 Y105.063 E1028.03809
G0 F12000 X107.583 Y105.063
G1 F1200 X111.251 Y101.395 E1028.14161
G0 F12000 X111.533 Y101.678
G1 F1200 X108.148 Y105.063 E1028.23714
G0 F12000 X108.714 Y105.063
G1 F1200 X111.816 Y101.961 E1028.32469
G0 F12000 X112.099 Y102.243
G1 F1200 X109.28 Y105.063 E1028.40426
G0 F12000 X109.846 Y105.063
G1 F1200 X112.382 Y102.526 E1028.47585
G0 F12000 X112.665 Y102.809
G1 F1200 X110.412 Y105.062 E1028.53943
G0 F12000 X110.978 Y105.062
G1 F1200 X112.907 Y103.133 E1028.59387
G0 F12000 X113.231 Y103.374
G1 F1200 X111.543 Y105.062 E1028.64151
G0 F12000 X112.109 Y105.062
G1 F1200 X113.514 Y103.657 E1028.68116
G0 F12000 X114.025 Y103.711
G1 F1200 X112.675 Y105.062 E1028.71928
G0 F12000 X113.24 Y105.062
G1 F1200 X114.798 Y103.504 E1028.76325
G0 F12000 X115.571 Y103.297
G1 F1200 X113.806 Y105.062 E1028.81306
G0 F12000 X114.372 Y105.062
G1 F1200 X116.343 Y103.091 E1028.86868
G0 F12000 X117.113 Y102.886
G1 F1200 X114.937 Y105.062 E1028.9301
G0 F12000 X115.503 Y105.062
G1 F1200 X117.89 Y102.675 E1028.99746
G0 F12000 X117.92 Y103.211
G1 F1200 X116.069 Y105.062 E1029.0497
G0 F12000 X116.634 Y105.062
G1 F1200 X117.92 Y103.776 E1029.08599
G0 F12000 X107.857 Y103.657
G1 F1200 X106.451 Y105.063 E1029.12567
G0 F12000 X105.886 Y105.063
G1 F1200 X107.574 Y103.374 E1029.17333
G0 F12000 X107.291 Y103.091
G1 F1200 X105.32 Y105.063 E1029.22897
G0 F12000 X104.754 Y105.063
G1 F1200 X107.008 Y102.809 E1029.29258
G0 F12000 X106.725 Y102.526
G1 F1200 X104.189 Y105.063 E1029.36417
G0 F12000 X103.623 Y105.063
G1 F1200 X106.442 Y102.243 E1029.44374
G0 F12000 X104.905 Y102.084
G1 F1200 X102.08 Y104.908 E1029.52345
G0 F12000 X102.492 Y105.063
G1 F1200 X104.698 Y102.856 E1029.58572
G0 F12000 X104.49 Y103.63
G1 F1200 X103.057 Y105.063 E1029.62617
G0 F12000 X103.058 Y105.041
G0 X102.08 Y104.343
G1 F1200 X104.226 Y102.197 E1029.68673
G0 F12000 X102.2 Y103.658
G1 F1200 X102.08 Y103.777 E1029.6901
G0 F12000 X101.972 Y105.114
G0 X101.972 Y114.887
G0 X102.231 Y114.959
G0 X102.232 Y114.939
G1 F1200 X102.08 Y115.091 E1029.69439
G0 F12000 X102.08 Y115.657
G1 F1200 X102.798 Y114.939 E1029.71466
G0 F12000 X103.363 Y114.939
G1 F1200 X102.08 Y116.222 E1029.75087
G0 F12000 X102.08 Y116.788
G1 F1200 X103.929 Y114.939 E1029.80305
G0 F12000 X104.495 Y114.939
G1 F1200 X102.08 Y117.354 E1029.87121
G0 F12000 X102.08 Y117.919
G1 F1200 X105.061 Y114.939 E1029.95532
G0 F12000 X105.626 Y114.939
G1 F1200 X103.897 Y116.668 E1030.00412
G0 F12000 X104.179 Y116.951
G1 F1200 X106.192 Y114.939 E1030.06091
G0 F12000 X106.758 Y114.939
G1 F1200 X105.179 Y116.517 E1030.10546
G0 F12000 X104.973 Y117.289
G1 F1200 X107.323 Y114.939 E1030.17179
G0 F12000 X107.89 Y114.938
G1 F1200 X105.029 Y117.798 E1030.25251
G0 F12000 X105.312 Y118.081
G1 F1200 X108.455 Y114.938 E1030.34122
G0 F12000 X109.021 Y114.938
G1 F1200 X105.595 Y118.364 E1030.43791
G0 F12000 X106.326 Y118.199
G1 F1200 X109.587 Y114.938 E1030.52994
G0 F12000 X110.152 Y114.938
G1 F1200 X107.099 Y117.991 E1030.6161
G0 F12000 X109.181 Y117.041
G1 F1200 X111.284 Y114.938 E1030.67545
G0 F12000 X111.849 Y114.938
G1 F1200 X109.418 Y117.37 E1030.74407
G0 F12000 X110.189 Y117.164
G1 F1200 X112.415 Y114.938 E1030.8069
G0 F12000 X112.982 Y114.937
G1 F1200 X110.963 Y116.956 E1030.86388
G0 F12000 X111.736 Y116.748
G1 F1200 X113.547 Y114.937 E1030.91499
G0 F12000 X114.113 Y114.937
G1 F1200 X112.51 Y116.54 E1030.96023
G0 F12000 X113.283 Y116.333
G1 F1200 X114.679 Y114.937 E1030.99963
G0 F12000 X115.244 Y114.937
G1 F1200 X113.387 Y116.794 E1031.05203
G0 F12000 X113.18 Y117.567
G1 F1200 X115.81 Y114.937 E1031.12626
G0 F12000 X116.376 Y114.937
G1 F1200 X114.927 Y116.386 E1031.16715
G0 F12000 X115.21 Y116.669
G1 F1200 X116.941 Y114.937 E1031.21602
G0 F12000 X117.507 Y114.937
G1 F1200 X115.492 Y116.952 E1031.27289
G0 F12000 X115.776 Y117.234
G1 F1200 X117.92 Y115.09 E1031.3334
G0 F12000 X117.92 Y115.656
G1 F1200 X116.059 Y117.517 E1031.38592
G0 F12000 X117.594 Y116.547
G1 F1200 X117.92 Y116.221 E1031.39512
G0 F12000 X110.717 Y114.959
G0 X110.718 Y114.938
G1 F1200 X109.271 Y116.385 E1031.43595
G0 F12000 X110 Y114.959
G0 X110 Y114.696
;TYPE:SKIN
G1 F2400 X102.16 Y114.696 E1031.69671
G1 X102.16 Y105.3 E1032.00923
G1 X117.84 Y105.3 E1032.53075
G1 X117.84 Y114.696 E1032.84326
G1 X110 Y114.696 E1033.10402
G0 F12000 X110 Y114.959
G0 X117.435 Y114.959
G0 X117.435 Y114.496
G1 F2400 X117.64 Y114.291 E1033.11366
G0 F12000 X117.64 Y113.725
G1 F2400 X116.869 Y114.496 E1033.14993
G0 F12000 X116.304 Y114.496
G1 F2400 X117.64 Y113.16 E1033.21277
G0 F12000 X117.64 Y112.594
G1 F2400 X115.738 Y114.496 E1033.30223
G0 F12000 X115.172 Y114.496
G1 F2400 X117.64 Y112.028 E1033.41832
G0 F12000 X117.64 Y111.463
G1 F2400 X114.606 Y114.496 E1033.561
G0 F12000 X114.041 Y114.496
G1 F2400 X117.64 Y110.897 E1033.73029
G0 F12000 X117.64 Y110.331
G1 F2400 X113.475 Y114.496 E1033.9262
G0 F12000 X112.909 Y114.496
G1 F2400 X117.64 Y109.766 E1034.14871
G0 F12000 X117.64 Y109.2
G1 F2400 X112.344 Y114.496 E1034.39782
G0 F12000 X111.778 Y114.496
G1 F2400 X117.64 Y108.634 E1034.67355
G0 F12000 X117.64 Y108.069
G1 F2400 X111.212 Y114.496 E1034.97588
G0 F12000 X110.647 Y114.496
G1 F2400 X117.64 Y107.503 E1035.3048
G0 F12000 X117.64 Y106.937
G1 F2400 X110.081 Y114.496 E1035.66036
G0 F12000 X109.515 Y114.496
G1 F2400 X117.64 Y106.371 E1036.04253
G0 F12000 X117.64 Y105.806
G1 F2400 X108.95 Y114.496 E1036.45128
G0 F12000 X108.384 Y114.496
G1 F2400 X117.38 Y105.5 E1036.87443
G0 F12000 X116.815 Y105.5
G1 F2400 X107.818 Y114.496 E1037.29759
G0 F12000 X107.253 Y114.496
G1 F2400 X116.249 Y105.5 E1037.72074
G0 F12000 X115.683 Y105.5
G1 F2400 X106.687 Y114.496 E1038.14388
G0 F12000 X106.121 Y114.496
G1 F2400 X115.118 Y105.5 E1038.56705
G0 F12000 X114.552 Y105.5
G1 F2400 X105.555 Y114.496 E1038.99022
G0 F12000 X104.99 Y114.496
G1 F2400 X113.986 Y105.5 E1039.41336
G0 F12000 X113.421 Y105.5
G1 F2400 X104.424 Y114.496 E1039.83653
G0 F12000 X103.858 Y114.496
G1 F2400 X112.855 Y105.5 E1040.2597
G0 F12000 X112.289 Y105.5
G1 F2400 X103.293 Y114.496 E1040.68284
G0 F12000 X102.727 Y114.496
G1 F2400 X111.724 Y105.5 E1041.10601
G0 F12000 X111.158 Y105.5
G1 F2400 X102.36 Y114.297 E1041.51982
G0 F12000 X102.36 Y113.732
G1 F2400 X110.592 Y105.5 E1041.90703
G0 F12000 X110.027 Y105.5
G1 F2400 X102.36 Y113.166 E1042.26764
G0 F12000 X102.36 Y112.6
G1 F2400 X109.461 Y105.5 E1042.60162
G0 F12000 X108.895 Y105.5
G1 F2400 X102.36 Y112.035 E1042.90901
G0 F12000 X102.36 Y111.469
G1 F2400 X108.329 Y105.5 E1043.18977
G0 F12000 X107.764 Y105.5
G1 F2400 X102.36 Y110.903 E1043.44393
G0 F12000 X102.36 Y110.338
G1 F2400 X107.198 Y105.5 E1043.6715
G0 F12000 X106.632 Y105.5
G1 F2400 X102.36 Y109.772 E1043.87244
G0 F12000 X102.36 Y109.206
G1 F2400 X106.067 Y105.5 E1044.04678
G0 F12000 X105.501 Y105.5
G1 F2400 X102.36 Y108.641 E1044.19453
G0 F12000 X102.36 Y108.075
G1 F2400 X104.935 Y105.5 E1044.31565
G0 F12000 X104.37 Y105.5
G1 F2400 X102.36 Y107.509 E1044.41017
G0 F12000 X102.36 Y106.944
G1 F2400 X103.804 Y105.5 E1044.47809
G0 F12000 X103.238 Y105.5
G1 F2400 X102.36 Y106.378 E1044.51939
G0 F12000 X102.36 Y105.812
G1 F2400 X102.673 Y105.5 E1044.53409
G0 F12000 X102.673 Y104.741
;MESH:NONMESH
G0 F300 Z4.6
G0 F12000 X101.972 Y105.114
G0 X101.972 Y114.887
G0 X110 Y131.3
;TIME_ELAPSED:1034.328315
;LAYER:22
;TYPE:WALL-INNER
;MESH:v1.STL(1)
G1 F2400 X118.2 Y131.3 E1044.80682
G1 X118.2 Y88.7 E1046.2237
G1 X101.8 Y88.7 E1046.76917
G1 X101.8 Y131.3 E1048.18605
G1 X110 Y131.3 E1048.45878
G0 F12000 X110 Y131.7
G1 F2400 X118.6 Y131.7 E1048.74482
G1 X118.6 Y88.3 E1050.18831
G1 X101.4 Y88.3 E1050.76038
G1 X101.4 Y131.7 E1052.20387
G1 X110 Y131.7 E1052.48991
G0 F12000 X110 Y132.1
G1 F2400 X119 Y132.1 E1052.78925
G1 X119 Y87.9 E1054.25935
G1 X101 Y87.9 E1054.85803
G1 X101 Y132.1 E1056.32813
G1 X110 Y132.1 E1056.62747
G0 F12000 X110 Y132.5
G1 F2400 X119.4 Y132.5 E1056.94012
G1 X119.4 Y87.5 E1058.43682
G1 X100.6 Y87.5 E1059.06211
G1 X100.6 Y132.5 E1060.55882
G1 X110 Y132.5 E1060.87146
G0 F12000 X110 Y132.9
;TYPE:WALL-OUTER
G1 F2400 X119.8 Y132.9 E1061.19741
G1 X119.8 Y87.1 E1062.72073
G1 X100.2 Y87.1 E1063.37263
G1 X100.2 Y132.9 E1064.89594
G1 X110 Y132.9 E1065.22189
G0 F12000 X110 Y132.19
G0 X109.228 Y131.221
;TYPE:FILL
G1 F4800 X113.014 Y117.093 E1065.70837
G0 F12000 X111.696 Y118.411
G1 F4800 X112.67 Y119.385 E1065.75418
G0 F12000 X113.441 Y120.156
G1 F4800 X118.12 Y124.835 E1065.97427
G0 F12000 X118.119 Y123.613
G1 F4800 X101.88 Y127.965 E1066.53344
G0 F12000 X101.88 Y127.734
G1 F4800 X104.734 Y117.084 E1066.90016
G1 X104.724 Y117.095
G1 X104.943 Y117.315 E1066.91048
G0 F12000 X105.95 Y118.322
G1 F4800 X118.12 Y130.492 E1067.48292
G0 F12000 X117.511 Y131.22
G1 F4800 X118.12 Y128.948 E1067.56116
G0 F12000 X118.119 Y127.755
G1 F4800 X105.186 Y131.22 E1068.00648
G1 X105.088 Y131.22
G1 X108.873 Y117.092 E1068.49295
G0 F12000 X110.412 Y117.127
G1 F4800 X110.729 Y117.444 E1068.50786
G0 F12000 X110.907 Y117.264
G1 F4800 X101.881 Y119.682 E1068.81865
G0 F12000 X101.88 Y119.908
G1 F4800 X113.192 Y131.22 E1069.35074
G1 X113.37 Y131.22
G1 X117.155 Y117.093 E1069.83717
G0 F12000 X116.595 Y117.653
G1 F4800 X118.12 Y119.178 E1069.90891
G0 F12000 X118.12 Y119.472
G1 F4800 X101.88 Y123.824 E1070.46811
G0 F12000 X101.88 Y125.565
G1 F4800 X107.535 Y131.22 E1070.7341
G1 F2700 E1065.7341
G0 F12000 X101.972 Y116.298
G0 X101.972 Y103.703
G0 X107.46 Y102.861
G1 F2700 E1070.7341
G1 F4800 X101.88 Y97.281 E1070.99657
G0 F12000 X101.88 Y96.826
G1 F4800 X104.036 Y88.779 E1071.27365
G0 F12000 X104.693 Y88.78
G1 F4800 X118.12 Y102.207 E1071.90522
G0 F12000 X118.119 Y102.908
G1 F4800 X117.801 Y102.993 E1071.91617
G0 F12000 X117.16 Y101.618
G1 F4800 X118.12 Y98.038 E1072.03944
G0 F12000 X118.12 Y98.767
G1 F4800 X106.191 Y101.963 E1072.4502
G0 F12000 X104.74 Y101.607
G1 F4800 X108.177 Y88.779 E1072.89191
G0 F12000 X109.027 Y88.78
G1 F4800 X101.881 Y90.695 E1073.13797
G0 F12000 X101.88 Y91.624
G1 F4800 X113.115 Y102.859 E1073.66643
G0 F12000 X112.699 Y102.812
G1 F4800 X116.46 Y88.779 E1074.14964
G0 F12000 X116.007 Y88.78
G1 F4800 X118.12 Y90.894 E1074.24905
G0 F12000 X118.119 Y90.485
G1 F4800 X101.881 Y94.836 E1074.80819
G0 F12000 X101.881 Y98.977
G1 F4800 X118.12 Y94.626 E1075.36735
G0 F12000 X118.12 Y96.55
G1 F4800 X110.35 Y88.78 E1075.73282
G0 F12000 X112.318 Y88.779
G1 F4800 X108.942 Y101.379 E1076.16668
G0 F12000 X101.938 Y102.996
G1 F4800 X101.88 Y102.938 E1076.16941
G0 F12000 X102.08 Y103.211
G1 F1200 X102.48 Y102.812 E1076.18069
G0 F12000 X103.253 Y102.604
G1 F1200 X102.206 Y103.651 E1076.21024
G0 F12000 X102.772 Y103.651
G1 F1200 X104.911 Y101.512 E1076.2706
G0 F12000 X104.798 Y102.19
G1 F1200 X103.337 Y103.651 E1076.31184
G0 F12000 X103.903 Y103.651
G1 F1200 X105.572 Y101.982 E1076.35894
G0 F12000 X106.26 Y101.86
G1 F1200 X104.469 Y103.651 E1076.40948
G0 F12000 X105.034 Y103.651
G1 F1200 X106.543 Y102.143 E1076.45206
G0 F12000 X106.825 Y102.426
G1 F1200 X105.6 Y103.651 E1076.48663
G0 F12000 X106.166 Y103.651
G1 F1200 X107.108 Y102.709 E1076.51321
G0 F12000 X107.297 Y103.651
G1 F1200 X108.911 Y102.038 E1076.55875
G0 F12000 X108.704 Y102.81
G1 F1200 X107.863 Y103.651 E1076.58249
G0 F12000 X108.428 Y103.651
G1 F1200 X111.068 Y101.012 E1076.65698
G0 F12000 X111.351 Y101.294
G1 F1200 X108.994 Y103.651 E1076.7235
G0 F12000 X109.56 Y103.651
G1 F1200 X111.634 Y101.577 E1076.78203
G0 F12000 X111.917 Y101.86
G1 F1200 X110.126 Y103.651 E1076.83258
G0 F12000 X110.692 Y103.651
G1 F1200 X112.199 Y102.143 E1076.87512
G0 F12000 X112.482 Y102.426
G1 F1200 X111.258 Y103.651 E1076.90968
G0 F12000 X111.823 Y103.651
G1 F1200 X112.765 Y102.709 E1076.93627
G0 F12000 X112.955 Y103.651
G1 F1200 X116.159 Y100.447 E1077.02669
G0 F12000 X116.441 Y100.729
G1 F1200 X113.52 Y103.651 E1077.10914
G0 F12000 X114.086 Y103.651
G1 F1200 X116.724 Y101.012 E1077.1836
G0 F12000 X117.007 Y101.295
G1 F1200 X114.652 Y103.651 E1077.25008
G0 F12000 X115.217 Y103.651
G1 F1200 X117.29 Y101.578 E1077.30859
G0 F12000 X117.12 Y102.313
G1 F1200 X115.783 Y103.651 E1077.34633
G0 F12000 X116.349 Y103.651
G1 F1200 X117.856 Y102.144 E1077.38886
G0 F12000 X117.92 Y102.645
G1 F1200 X116.914 Y103.651 E1077.41726
G0 F12000 X116.915 Y103.63
G0 X115.876 Y100.164
G1 F1200 X112.389 Y103.651 E1077.51567
G0 F12000 X112.39 Y103.63
G0 X109.119 Y101.264
G1 F1200 X106.731 Y103.651 E1077.58305
G0 F12000 X106.732 Y103.63
G0 X101.972 Y103.703
G0 X101.972 Y116.298
G0 X106.478 Y116.37
G0 X106.479 Y116.349
G1 F1200 X104.565 Y118.263 E1077.63706
G0 F12000 X104.581 Y118.812
G1 F1200 X107.045 Y116.349 E1077.70659
G0 F12000 X107.61 Y116.349
G1 F1200 X105.693 Y118.266 E1077.76069
G0 F12000 X106.125 Y118.399
G1 F1200 X108.176 Y116.349 E1077.81856
G0 F12000 X108.742 Y116.349
G1 F1200 X106.899 Y118.191 E1077.87056
G0 F12000 X107.672 Y117.984
G1 F1200 X109.307 Y116.349 E1077.9167
G0 F12000 X109.873 Y116.349
G1 F1200 X108.979 Y117.243 E1077.94193
G0 F12000 X109.218 Y117.57
G1 F1200 X110.439 Y116.349 E1077.97639
G0 F12000 X111.004 Y116.349
G1 F1200 X110.219 Y117.134 E1077.99855
G0 F12000 X110.764 Y117.155
G1 F1200 X111.57 Y116.349 E1078.02129
G0 F12000 X112.136 Y116.349
G1 F1200 X110.786 Y117.699 E1078.05939
G0 F12000 X111.069 Y117.981
G1 F1200 X112.702 Y116.349 E1078.10547
G0 F12000 X113.267 Y116.349
G1 F1200 X111.352 Y118.264 E1078.15951
G0 F12000 X111.634 Y118.547
G1 F1200 X113.833 Y116.349 E1078.22156
G0 F12000 X114.399 Y116.349
G1 F1200 X112.979 Y117.768 E1078.26162
G0 F12000 X112.773 Y118.54
G1 F1200 X114.964 Y116.349 E1078.32345
G0 F12000 X115.53 Y116.349
G1 F1200 X112.566 Y119.313 E1078.40711
G0 F12000 X112.766 Y119.679
G1 F1200 X116.096 Y116.349 E1078.50109
G0 F12000 X116.661 Y116.349
G1 F1200 X113.049 Y119.961 E1078.60302
G0 F12000 X113.332 Y120.244
G1 F1200 X117.227 Y116.349 E1078.71295
G0 F12000 X117.793 Y116.349
G1 F1200 X116.442 Y117.699 E1078.75106
G0 F12000 X117.187 Y117.52
G1 F1200 X117.92 Y116.787 E1078.77175
G0 F12000 X105.912 Y116.37
G0 X105.913 Y116.349
G1 F1200 X104.846 Y117.416 E1078.80186
G0 F12000 X104.562 Y117.134
G1 F1200 X105.348 Y116.349 E1078.82403
G0 F12000 X104.782 Y116.349
G1 F1200 X102.08 Y119.051 E1078.90029
G0 F12000 X102.08 Y118.485
G1 F1200 X104.216 Y116.349 E1078.96057
G0 F12000 X103.651 Y116.349
G1 F1200 X102.08 Y117.919 E1079.00489
G0 F12000 X102.08 Y117.354
G1 F1200 X103.085 Y116.349 E1079.03326
G0 F12000 X102.519 Y116.349
G1 F1200 X102.08 Y116.788 E1079.04565
G0 F12000 X110 Y116.37
G0 X110 Y116.108
;TYPE:SKIN
G1 F2400 X102.16 Y116.108 E1079.30641
G1 X102.16 Y103.888 E1079.71284
G1 X117.84 Y103.888 E1080.23436
G1 X117.84 Y116.108 E1080.6408
G1 X110 Y116.108 E1080.90156
G0 F12000 X110 Y116.37
G0 X102.897 Y116.37
G0 X102.897 Y115.908
G1 F2400 X102.36 Y115.371 E1080.92682
G0 F12000 X102.36 Y114.805
G1 F2400 X103.462 Y115.908 E1080.97868
G0 F12000 X104.028 Y115.908
G1 F2400 X102.36 Y114.239 E1081.05716
G0 F12000 X102.36 Y113.674
G1 F2400 X104.594 Y115.908 E1081.16224
G0 F12000 X105.16 Y115.908
G1 F2400 X102.36 Y113.108 E1081.29394
G0 F12000 X102.36 Y112.542
G1 F2400 X105.725 Y115.908 E1081.45225
G0 F12000 X106.291 Y115.908
G1 F2400 X102.36 Y111.977 E1081.63715
G0 F12000 X102.36 Y111.411
G1 F2400 X106.857 Y115.908 E1081.84867
G0 F12000 X107.422 Y115.908
G1 F2400 X102.36 Y110.845 E1082.0868
G0 F12000 X102.36 Y110.28
G1 F2400 X107.988 Y115.908 E1082.35152
G0 F12000 X108.554 Y115.908
G1 F2400 X102.36 Y109.714 E1082.64287
G0 F12000 X102.36 Y109.148
G1 F2400 X109.119 Y115.908 E1082.96081
G0 F12000 X109.685 Y115.908
G1 F2400 X102.36 Y108.583 E1083.30536
G0 F12000 X102.36 Y108.017
G1 F2400 X110.251 Y115.908 E1083.67653
G0 F12000 X110.816 Y115.908
G1 F2400 X102.36 Y107.451 E1084.0743
G0 F12000 X102.36 Y106.886
G1 F2400 X111.382 Y115.908 E1084.49866
G0 F12000 X111.948 Y115.908
G1 F2400 X102.36 Y106.32 E1084.94965
G0 F12000 X102.36 Y105.754
G1 F2400 X112.513 Y115.908 E1085.42724
G0 F12000 X113.079 Y115.908
G1 F2400 X102.36 Y105.188 E1085.93146
G0 F12000 X102.36 Y104.623
G1 F2400 X113.645 Y115.908 E1086.46227
G0 F12000 X114.21 Y115.908
G1 F2400 X102.391 Y104.088 E1087.01822
G0 F12000 X102.957 Y104.088
G1 F2400 X114.776 Y115.908 E1087.57417
G0 F12000 X115.342 Y115.908
G1 F2400 X103.523 Y104.088 E1088.13013
G0 F12000 X104.088 Y104.088
G1 F2400 X115.908 Y115.908 E1088.6861
G0 F12000 X116.473 Y115.908
G1 F2400 X104.654 Y104.088 E1089.24206
G0 F12000 X105.22 Y104.088
G1 F2400 X117.039 Y115.908 E1089.79801
G0 F12000 X117.605 Y115.908
G1 F2400 X105.785 Y104.088 E1090.35399
G0 F12000 X106.351 Y104.088
G1 F2400 X117.64 Y115.377 E1090.88499
G0 F12000 X117.64 Y114.812
G1 F2400 X106.917 Y104.088 E1091.38939
G0 F12000 X107.482 Y104.088
G1 F2400 X117.64 Y114.246 E1091.86719
G0 F12000 X117.64 Y113.68
G1 F2400 X108.048 Y104.088 E1092.31837
G0 F12000 X108.614 Y104.088
G1 F2400 X117.64 Y113.114 E1092.74292
G0 F12000 X117.64 Y112.549
G1 F2400 X109.179 Y104.088 E1093.1409
G0 F12000 X109.745 Y104.088
G1 F2400 X117.64 Y111.983 E1093.51226
G0 F12000 X117.64 Y111.417
G1 F2400 X110.311 Y104.088 E1093.85699
G0 F12000 X110.876 Y104.088
G1 F2400 X117.64 Y110.852 E1094.17515
G0 F12000 X117.64 Y110.286
G1 F2400 X111.442 Y104.088 E1094.46668
G0 F12000 X112.008 Y104.088
G1 F2400 X117.64 Y109.72 E1094.7316
G0 F12000 X117.64 Y109.155
G1 F2400 X112.574 Y104.088 E1094.96991
G0 F12000 X113.139 Y104.088
G1 F2400 X117.64 Y108.589 E1095.18162
G0 F12000 X117.64 Y108.023
G1 F2400 X113.705 Y104.088 E1095.36671
G0 F12000 X114.271 Y104.088
G1 F2400 X117.64 Y107.458 E1095.5252
G0 F12000 X117.64 Y106.892
G1 F2400 X114.836 Y104.088 E1095.65709
G0 F12000 X115.402 Y104.088
G1 F2400 X117.64 Y106.326 E1095.76236
G0 F12000 X117.64 Y105.761
G1 F2400 X115.968 Y104.088 E1095.84103
G0 F12000 X116.533 Y104.088
G1 F2400 X117.64 Y105.195 E1095.8931
G0 F12000 X117.64 Y104.629
G1 F2400 X117.099 Y104.088 E1095.91855
G0 F12000 X117.099 Y103.33
G1 F2700 E1090.91855
;MESH:NONMESH
G0 F300 Z4.8
G0 F12000 X118.028 Y103.702
G0 X118.028 Y116.297
G0 X110 Y131.3
;TIME_ELAPSED:1094.253552
;LAYER:23
;TYPE:WALL-INNER
;MESH:v1.STL(1)
G1 F2700 E1095.91855
G1 F2400 X118.2 Y131.3 E1096.19128
G1 X118.2 Y88.7 E1097.60816
G1 X101.8 Y88.7 E1098.15363
G1 X101.8 Y131.3 E1099.57051
G1 X110 Y131.3 E1099.84325
G0 F12000 X110 Y131.7
G1 F2400 X118.6 Y131.7 E1100.12928
G1 X118.6 Y88.3 E1101.57277
G1 X101.4 Y88.3 E1102.14485
G1 X101.4 Y131.7 E1103.58834
G1 X110 Y131.7 E1103.87437
G0 F12000 X110 Y132.1
G1 F2400 X119 Y132.1 E1104.17372
G1 X119 Y87.9 E1105.64381
G1 X101 Y87.9 E1106.2425
G1 X101 Y132.1 E1107.71259
G1 X110 Y132.1 E1108.01193
G0 F12000 X110 Y132.5
G1 F2400 X119.4 Y132.5 E1108.32458
G1 X119.4 Y87.5 E1109.82129
G1 X100.6 Y87.5 E1110.44658
G1 X100.6 Y132.5 E1111.94328
G1 X110 Y132.5 E1112.25593
G0 F12000 X110 Y132.9
;TYPE:WALL-OUTER
G1 F2400 X119.8 Y132.9 E1112.58188
G1 X119.8 Y87.1 E1114.10519
G1 X100.2 Y87.1 E1114.75709
G1 X100.2 Y132.9 E1116.2804
G1 X110 Y132.9 E1116.60635
G0 F12000 X110 Y132.19
G0 X109.081 Y131.221
;TYPE:FILL
G1 F4800 X112.643 Y117.928 E1117.06408
G0 F12000 X112.029 Y118.543
G1 F4800 X112.598 Y119.112 E1117.09084
G0 F12000 X113.952 Y120.466
G1 F4800 X118.12 Y124.634 E1117.28689
G0 F12000 X118.119 Y123.76
G1 F4800 X101.88 Y128.112 E1117.84606
G0 F12000 X101.88 Y127.186
G1 F4800 X104.361 Y117.93 E1118.16479
G0 F12000 X106.224 Y118.394
G1 F4800 X108.136 Y120.306 E1118.25472
G0 F12000 X108.883 Y121.054
G1 F4800 X118.12 Y130.291 E1118.6892
G0 F12000 X117.364 Y131.22
G1 F4800 X118.12 Y128.4 E1118.78631
G0 F12000 X118.119 Y127.902
G1 F4800 X105.735 Y131.22 E1119.21273
G0 F12000 X104.941 Y131.22
G1 F4800 X108.502 Y117.93 E1119.67035
G0 F12000 X108.757 Y117.987
G1 F4800 X101.881 Y119.829 E1119.90711
G1 X101.88 Y119.708
G1 X113.392 Y131.22 E1120.4486
G1 X113.223 Y131.22
G1 X116.791 Y117.901 E1120.90721
G0 F12000 X117.427 Y118.284
G1 F4800 X118.12 Y118.977 E1120.93981
G0 F12000 X118.12 Y119.619
G1 F4800 X101.88 Y123.971 E1121.49901
G0 F12000 X101.88 Y125.364
G1 F4800 X107.735 Y131.22 E1121.77443
G0 F12000 X102.079 Y131.22
G1 F4800 X101.88 Y131.021 E1121.78379
G1 F2700 E1116.78379
G0 F12000 X101.972 Y102.848
G0 X106.466 Y102.036
G1 F2700 E1121.78379
G1 F4800 X106.939 Y101.91 E1121.80008
G1 X106.824 Y102.024
G1 X101.88 Y97.08 E1122.03263
G0 F12000 X101.88 Y96.278
G1 F4800 X103.889 Y88.779 E1122.29084
G0 F12000 X104.894 Y88.78
G1 F4800 X118.12 Y102.007 E1122.91297
G0 F12000 X117.087 Y101.345
G1 F4800 X118.12 Y97.489 E1123.04575
G0 F12000 X118.12 Y96.35
G1 F4800 X110.55 Y88.78 E1123.40182
G0 F12000 X109.576 Y88.78
G1 F4800 X101.881 Y90.842 E1123.66678
G0 F12000 X101.88 Y91.423
G1 F4800 X112.48 Y102.023 E1124.16537
G0 F12000 X112.867 Y101.637
G1 F4800 X116.313 Y88.779 E1124.60812
G1 X116.207 Y88.78
G1 X118.12 Y90.693 E1124.69811
G1 X118.119 Y90.632
G1 X101.881 Y94.983 E1125.25724
G0 F12000 X101.881 Y99.124
G1 F4800 X118.119 Y94.773 E1125.81637
G0 F12000 X118.12 Y98.914
G1 F4800 X110.925 Y100.841 E1126.06411
G0 F12000 X109.181 Y101.309
G1 F4800 X108.81 Y101.408 E1126.07688
G1 X108.792 Y101.391
G1 X112.171 Y88.779 E1126.51115
G0 F12000 X108.03 Y88.779
G1 F4800 X104.898 Y100.469 E1126.91367
G1 F1200 X104.945 Y100.347
G1 X102.496 Y102.796 E1126.98279
G0 F12000 X102.08 Y102.646
G1 F1200 X104.662 Y100.064 E1127.05566
G0 F12000 X104.379 Y99.781
G1 F1200 X102.08 Y102.08 E1127.12054
G0 F12000 X103.063 Y102.775
G0 X103.062 Y102.796
G1 F1200 X104.917 Y100.94 E1127.17291
G0 F12000 X105.51 Y100.913
G1 F1200 X103.627 Y102.796 E1127.22605
G0 F12000 X104.193 Y102.796
G1 F1200 X105.793 Y101.195 E1127.27122
G0 F12000 X106.076 Y101.478
G1 F1200 X104.759 Y102.796 E1127.3084
G0 F12000 X105.324 Y102.796
G1 F1200 X106.359 Y101.761 E1127.33761
G0 F12000 X106.919 Y101.767
G1 F1200 X105.89 Y102.796 E1127.36665
G0 F12000 X106.456 Y102.796
G1 F1200 X107.691 Y101.56 E1127.40152
G0 F12000 X108.464 Y101.353
G1 F1200 X107.021 Y102.796 E1127.44225
G0 F12000 X107.587 Y102.796
G1 F1200 X109.236 Y101.147 E1127.48879
G0 F12000 X110.009 Y100.939
G1 F1200 X108.153 Y102.796 E1127.54118
G0 F12000 X108.718 Y102.796
G1 F1200 X110.782 Y100.732 E1127.59943
G0 F12000 X111.168 Y100.912
G1 F1200 X109.284 Y102.796 E1127.6526
G0 F12000 X109.85 Y102.796
G1 F1200 X111.451 Y101.195 E1127.69778
G0 F12000 X111.734 Y101.477
G1 F1200 X110.415 Y102.796 E1127.73501
G0 F12000 X110.981 Y102.796
G1 F1200 X112.017 Y101.76 E1127.76425
G0 F12000 X112.919 Y101.989
G1 F1200 X112.112 Y102.796 E1127.78702
G0 F12000 X111.547 Y102.796
G1 F1200 X113.126 Y101.216 E1127.8316
G0 F12000 X113.245 Y102.775
G0 X113.244 Y102.796
G1 F1200 X115.975 Y100.064 E1127.90869
G0 F12000 X115.693 Y99.781
G1 F1200 X112.678 Y102.796 E1127.99378
G0 F12000 X112.679 Y102.775
G0 X113.811 Y102.775
G0 X113.81 Y102.796
G1 F1200 X116.258 Y100.347 E1128.06288
G0 F12000 X116.541 Y100.63
G1 F1200 X114.375 Y102.796 E1128.12401
G0 F12000 X114.941 Y102.796
G1 F1200 X116.824 Y100.913 E1128.17715
G0 F12000 X117.107 Y101.195
G1 F1200 X115.507 Y102.796 E1128.22232
G0 F12000 X116.072 Y102.796
G1 F1200 X117.39 Y101.478 E1128.25952
G0 F12000 X117.672 Y101.761
G1 F1200 X116.638 Y102.796 E1128.28871
G0 F12000 X117.204 Y102.796
G1 F1200 X117.92 Y102.079 E1128.30894
G0 F12000 X117.92 Y102.645
G1 F1200 X117.769 Y102.796 E1128.3132
G0 F12000 X117.77 Y102.775
G0 X118.028 Y102.847
G0 X118.028 Y117.152
G0 X117.502 Y117.225
G0 X117.503 Y117.204
G1 F1200 X114.178 Y120.529 E1128.40704
G0 F12000 X113.713 Y120.429
G1 F1200 X116.937 Y117.204 E1128.49804
G0 F12000 X116.371 Y117.204
G1 F1200 X112.634 Y120.941 E1128.6035
G0 F12000 X111.951 Y121.059
G1 F1200 X115.806 Y117.204 E1128.7123
G0 F12000 X115.24 Y117.204
G1 F1200 X112.159 Y120.285 E1128.79925
G0 F12000 X112.582 Y119.297
G1 F1200 X114.674 Y117.204 E1128.85831
G0 F12000 X114.109 Y117.204
G1 F1200 X112.573 Y118.74 E1128.90166
G0 F12000 X112.774 Y117.974
G1 F1200 X113.543 Y117.204 E1128.92337
G0 F12000 X112.977 Y117.204
G1 F1200 X111.733 Y118.449 E1128.9585
G0 F12000 X111.845 Y117.225
G0 X111.846 Y117.204
G1 F1200 X108.339 Y120.711 E1129.05747
G0 F12000 X108.057 Y120.428
G1 F1200 X111.28 Y117.204 E1129.14845
G0 F12000 X110.715 Y117.204
G1 F1200 X108.158 Y119.761 E1129.22061
G0 F12000 X108.366 Y118.988
G1 F1200 X110.149 Y117.204 E1129.27094
G0 F12000 X109.583 Y117.204
G1 F1200 X108.573 Y118.215 E1129.29946
G0 F12000 X108.245 Y117.977
G1 F1200 X109.017 Y117.204 E1129.32126
G0 F12000 X108.452 Y117.204
G1 F1200 X107.472 Y118.184 E1129.34892
G0 F12000 X106.7 Y118.391
G1 F1200 X107.886 Y117.204 E1129.38241
G0 F12000 X107.32 Y117.204
G1 F1200 X106.077 Y118.448 E1129.4175
G0 F12000 X105.154 Y118.805
G1 F1200 X106.755 Y117.204 E1129.46269
G0 F12000 X106.189 Y117.204
G1 F1200 X104.381 Y119.012 E1129.51371
G0 F12000 X104.365 Y118.462
G1 F1200 X105.623 Y117.204 E1129.54921
G0 F12000 X105.058 Y117.204
G1 F1200 X102.835 Y119.427 E1129.61195
G0 F12000 X102.08 Y119.616
G1 F1200 X104.492 Y117.204 E1129.68002
G0 F12000 X103.926 Y117.204
G1 F1200 X102.08 Y119.051 E1129.73214
G0 F12000 X102.08 Y118.485
G1 F1200 X103.361 Y117.204 E1129.76829
G0 F12000 X102.795 Y117.204
G1 F1200 X102.08 Y117.919 E1129.78847
G0 F12000 X102.08 Y117.354
G1 F1200 X102.229 Y117.204 E1129.79269
G0 F12000 X102.228 Y117.225
G0 X108.622 Y120.994
G1 F1200 X112.412 Y117.204 E1129.89965
G0 F12000 X112.411 Y117.225
G0 X117.107 Y118.165
G1 F1200 X117.92 Y117.353 E1129.92258
G0 F12000 X117.92 Y117.919
G1 F1200 X117.39 Y118.448 E1129.93752
G0 F12000 X110 Y117.225
G0 X110 Y116.964
;TYPE:SKIN
G1 F2400 X102.16 Y116.964 E1130.19828
G1 X102.16 Y103.036 E1130.66153
G1 X117.84 Y103.033 E1131.18305
G1 X117.84 Y116.964 E1131.6464
G1 X110 Y116.964 E1131.90716
G0 F12000 X110 Y117.225
G0 X118.028 Y117.152
G0 X118.1 Y116.554
G0 X117.64 Y116.554
G1 F2400 X117.429 Y116.765 E1131.91708
G0 F12000 X116.864 Y116.765
G1 F2400 X117.64 Y115.988 E1131.9536
G0 F12000 X117.64 Y115.422
G1 F2400 X116.298 Y116.765 E1132.01675
G0 F12000 X115.732 Y116.765
G1 F2400 X117.64 Y114.857 E1132.1065
G0 F12000 X117.64 Y114.291
G1 F2400 X115.166 Y116.765 E1132.22287
G0 F12000 X114.601 Y116.765
G1 F2400 X117.64 Y113.725 E1132.36584
G0 F12000 X117.64 Y113.16
G1 F2400 X114.035 Y116.765 E1132.5354
G0 F12000 X113.469 Y116.765
G1 F2400 X117.64 Y112.594 E1132.7316
G0 F12000 X117.64 Y112.028
G1 F2400 X112.904 Y116.765 E1132.95439
G0 F12000 X112.338 Y116.765
G1 F2400 X117.64 Y111.463 E1133.20378
G0 F12000 X117.64 Y110.897
G1 F2400 X111.772 Y116.765 E1133.47979
G0 F12000 X111.207 Y116.765
G1 F2400 X117.64 Y110.331 E1133.7824
G0 F12000 X117.64 Y109.766
G1 F2400 X110.641 Y116.765 E1134.11161
G0 F12000 X110.075 Y116.765
G1 F2400 X117.64 Y109.2 E1134.46745
G0 F12000 X117.64 Y108.634
G1 F2400 X109.51 Y116.765 E1134.84988
G0 F12000 X108.944 Y116.765
G1 F2400 X117.64 Y108.069 E1135.25891
G0 F12000 X117.64 Y107.503
G1 F2400 X108.378 Y116.765 E1135.69457
G0 F12000 X107.813 Y116.765
G1 F2400 X117.64 Y106.937 E1136.15683
G0 F12000 X117.64 Y106.371
G1 F2400 X107.247 Y116.765 E1136.6457
G0 F12000 X106.681 Y116.765
G1 F2400 X117.64 Y105.806 E1137.16118
G0 F12000 X117.64 Y105.24
G1 F2400 X106.116 Y116.765 E1137.70326
G0 F12000 X105.55 Y116.765
G1 F2400 X117.64 Y104.674 E1138.27196
G0 F12000 X117.64 Y104.109
G1 F2400 X104.984 Y116.765 E1138.86726
G0 F12000 X104.418 Y116.765
G1 F2400 X117.64 Y103.543 E1139.48918
G0 F12000 X117.384 Y103.233
G1 F2400 X103.853 Y116.765 E1140.12566
G0 F12000 X103.287 Y116.765
G1 F2400 X116.818 Y103.233 E1140.76214
G0 F12000 X116.253 Y103.233
G1 F2400 X102.721 Y116.765 E1141.39864
G0 F12000 X102.36 Y116.56
G1 F2400 X115.687 Y103.233 E1142.02551
G0 F12000 X115.121 Y103.233
G1 F2400 X102.36 Y115.995 E1142.62577
G0 F12000 X102.36 Y115.429
G1 F2400 X114.556 Y103.233 E1143.19943
G0 F12000 X113.99 Y103.233
G1 F2400 X102.36 Y114.863 E1143.74647
G0 F12000 X102.36 Y114.297
G1 F2400 X113.424 Y103.233 E1144.26689
G0 F12000 X112.858 Y103.233
G1 F2400 X102.36 Y113.732 E1144.7607
G0 F12000 X102.36 Y113.166
G1 F2400 X112.292 Y103.234 E1145.22787
G0 F12000 X111.726 Y103.234
G1 F2400 X102.36 Y112.6 E1145.66842
G0 F12000 X102.36 Y112.035
G1 F2400 X111.161 Y103.234 E1146.08239
G0 F12000 X110.595 Y103.234
G1 F2400 X102.36 Y111.469 E1146.46974
G0 F12000 X102.36 Y110.903
G1 F2400 X110.029 Y103.234 E1146.83047
G0 F12000 X109.464 Y103.234
G1 F2400 X102.36 Y110.338 E1147.16462
G0 F12000 X102.36 Y109.772
G1 F2400 X108.898 Y103.234 E1147.47215
G0 F12000 X108.332 Y103.234
G1 F2400 X102.36 Y109.206 E1147.75305
G0 F12000 X102.36 Y108.641
G1 F2400 X107.767 Y103.234 E1148.00738
G0 F12000 X107.2 Y103.235
G1 F2400 X102.36 Y108.075 E1148.23504
G0 F12000 X102.36 Y107.509
G1 F2400 X106.635 Y103.235 E1148.4361
G0 F12000 X106.069 Y103.235
G1 F2400 X102.36 Y106.944 E1148.61056
G0 F12000 X102.36 Y106.378
G1 F2400 X105.503 Y103.235 E1148.7584
G0 F12000 X104.937 Y103.235
G1 F2400 X102.36 Y105.812 E1148.87961
G0 F12000 X102.36 Y105.246
G1 F2400 X104.372 Y103.235 E1148.97422
G0 F12000 X103.806 Y103.235
G1 F2400 X102.36 Y104.681 E1149.04224
G0 F12000 X102.36 Y104.115
G1 F2400 X103.24 Y103.235 E1149.08363
G0 F12000 X102.675 Y103.235
G1 F2400 X102.36 Y103.549 E1149.09843
G0 F12000 X101.6 Y103.549
G1 F2700 E1144.09843
;MESH:NONMESH
G0 F300 Z5
G0 F12000 X102 Y108.196
G0 X110 Y108.196
;TIME_ELAPSED:1156.299344
;LAYER:24
;TYPE:WALL-INNER
;MESH:v1.STL(1)
G1 F2700 E1149.09843
G1 F2400 X118.2 Y108.196 E1149.37116
G1 X118.2 Y88.7 E1150.0196
G1 X101.8 Y88.7 E1150.56506
G1 X101.8 Y108.196 E1151.2135
G1 X110 Y108.196 E1151.48624
G0 F12000 X110 Y108.596
G1 F2400 X118.6 Y108.596 E1151.77227
G1 X118.6 Y88.3 E1152.44732
G1 X101.4 Y88.3 E1153.0194
G1 X101.4 Y108.596 E1153.69444
G1 X110 Y108.596 E1153.98048
G0 F12000 X110 Y108.996
G1 F2400 X119 Y108.996 E1154.27982
G1 X119 Y87.9 E1154.98148
G1 X101 Y87.9 E1155.58016
G1 X101 Y108.996 E1156.28182
G1 X110 Y108.996 E1156.58116
G0 F12000 X110 Y109.396
G1 F2400 X119.4 Y109.396 E1156.8938
G1 X119.4 Y87.5 E1157.62207
G1 X100.6 Y87.5 E1158.24736
G1 X100.6 Y109.396 E1158.97562
G1 X110 Y109.396 E1159.28827
G0 F12000 X110 Y109.796
;TYPE:WALL-OUTER
G1 F2400 X119.8 Y109.796 E1159.61422
G1 X119.8 Y87.1 E1160.36909
G1 X100.2 Y87.1 E1161.02099
G1 X100.2 Y109.796 E1161.77586
G1 X110 Y109.796 E1162.10181
G0 F12000 X110 Y109.089
G0 X101.718 Y108.278
G0 X101.718 Y101.758
G0 X108.44 Y101.939
G0 X108.44 Y102.159
;TYPE:FILL
G1 F4800 X112.025 Y88.779 E1162.56253
G0 F12000 X110.75 Y88.78
G1 F4800 X118.12 Y96.15 E1162.90919
G0 F12000 X118.12 Y96.944
G1 F4800 X116.723 Y102.159 E1163.08876
G0 F12000 X116.723 Y101.939
G0 X118.12 Y101.807
G1 F4800 X105.093 Y88.78 E1163.70151
G0 F12000 X103.743 Y88.779
G1 F4800 X101.88 Y95.733 E1163.94095
G0 F12000 X101.881 Y95.129
G1 F4800 X118.12 Y90.778 E1164.50012
G0 F12000 X118.12 Y90.493
G1 F4800 X116.407 Y88.78 E1164.58069
G0 F12000 X116.167 Y88.779
G1 F4800 X112.581 Y102.159 E1165.04142
G0 F12000 X112.815 Y102.159
G1 F4800 X101.88 Y91.224 E1165.55577
G0 F12000 X101.881 Y90.988
G1 F4800 X110.12 Y88.78 E1165.83947
G0 F12000 X107.884 Y88.78
G1 F4800 X104.299 Y102.16 E1166.30018
G0 F12000 X104.299 Y101.939
G0 X106.551 Y101.939
G0 X106.551 Y102.159
G1 F4800 X118.119 Y99.06 E1166.6985
G0 F12000 X118.12 Y94.919
G1 F4800 X101.88 Y99.27 E1167.2577
G0 F12000 X101.88 Y96.881
G1 F4800 X107.158 Y102.159 E1167.50596
G0 F12000 X107.158 Y101.939
G0 X101.972 Y102.012
G0 X101.972 Y108.024
G0 X110 Y108.096
G0 X110 Y107.836
;TYPE:SKIN
G1 F2400 X102.16 Y107.836 E1167.76672
G1 X102.16 Y102.2 E1167.95417
G1 X117.84 Y102.196 E1168.47569
G1 X117.84 Y107.836 E1168.66328
G1 X110 Y107.836 E1168.92404
G0 F12000 X110 Y108.096
G0 X101.972 Y108.024
G0 X101.9 Y107.451
G0 X102.36 Y107.451
G1 F2400 X102.545 Y107.636 E1168.93274
G0 F12000 X103.11 Y107.636
G1 F2400 X102.36 Y106.886 E1168.96802
G0 F12000 X102.36 Y106.32
G1 F2400 X103.676 Y107.636 E1169.02992
G0 F12000 X104.242 Y107.636
G1 F2400 X102.36 Y105.754 E1169.11844
G0 F12000 X102.36 Y105.188
G1 F2400 X104.807 Y107.636 E1169.23356
G0 F12000 X105.373 Y107.636
G1 F2400 X102.36 Y104.623 E1169.37529
G0 F12000 X102.36 Y104.057
G1 F2400 X105.939 Y107.636 E1169.54363
G0 F12000 X106.504 Y107.636
G1 F2400 X102.36 Y103.491 E1169.73858
G0 F12000 X102.36 Y102.926
G1 F2400 X107.07 Y107.636 E1169.96012
G0 F12000 X107.636 Y107.636
G1 F2400 X102.4 Y102.4 E1170.20641
G0 F12000 X102.965 Y102.4
G1 F2400 X108.201 Y107.636 E1170.45269
G0 F12000 X108.767 Y107.636
G1 F2400 X103.531 Y102.4 E1170.69898
G0 F12000 X104.097 Y102.4
G1 F2400 X109.333 Y107.636 E1170.94526
G0 F12000 X109.899 Y107.636
G1 F2400 X104.662 Y102.4 E1171.19157
G0 F12000 X105.228 Y102.4
G1 F2400 X110.464 Y107.636 E1171.43786
G0 F12000 X111.03 Y107.636
G1 F2400 X105.793 Y102.399 E1171.68419
G0 F12000 X106.359 Y102.399
G1 F2400 X111.596 Y107.636 E1171.93052
G0 F12000 X112.161 Y107.636
G1 F2400 X106.924 Y102.399 E1172.17685
G0 F12000 X107.49 Y102.399
G1 F2400 X112.727 Y107.636 E1172.42319
G0 F12000 X113.293 Y107.636
G1 F2400 X108.056 Y102.399 E1172.66952
G0 F12000 X108.621 Y102.398
G1 F2400 X113.858 Y107.636 E1172.91587
G0 F12000 X114.424 Y107.636
G1 F2400 X109.186 Y102.398 E1173.16225
G0 F12000 X109.752 Y102.398
G1 F2400 X114.99 Y107.636 E1173.40863
G0 F12000 X115.555 Y107.636
G1 F2400 X110.318 Y102.398 E1173.65499
G0 F12000 X110.884 Y102.398
G1 F2400 X116.121 Y107.636 E1173.90135
G0 F12000 X116.687 Y107.636
G1 F2400 X111.449 Y102.398 E1174.14772
G0 F12000 X112.014 Y102.398
G1 F2400 X117.252 Y107.636 E1174.3941
G0 F12000 X117.64 Y107.458
G1 F2400 X112.58 Y102.398 E1174.63211
G0 F12000 X113.146 Y102.398
G1 F2400 X117.64 Y106.892 E1174.8435
G0 F12000 X117.64 Y106.326
G1 F2400 X113.711 Y102.398 E1175.02828
G0 F12000 X114.277 Y102.398
G1 F2400 X117.64 Y105.761 E1175.18647
G0 F12000 X117.64 Y105.195
G1 F2400 X114.842 Y102.397 E1175.31807
G0 F12000 X115.408 Y102.397
G1 F2400 X117.64 Y104.629 E1175.42306
G0 F12000 X117.64 Y104.063
G1 F2400 X115.973 Y102.397 E1175.50145
G0 F12000 X116.539 Y102.397
G1 F2400 X117.64 Y103.498 E1175.55324
G0 F12000 X117.64 Y102.932
G1 F2400 X117.105 Y102.397 E1175.5784
G0 F12000 X117.105 Y101.639
G1 F2700 E1170.5784
G0 F12000 X118.028 Y102.011
G0 X118.028 Y108.024
G0 X110 Y109.569
G0 X110 Y112
G0 X118.024 Y111.972
G0 X118.025 Y117.988
G0 X110 Y131.3
;TYPE:WALL-INNER
G1 F2700 E1175.5784
G1 F2400 X118.199 Y131.3 E1175.8511
G1 X118.196 Y111.8 E1176.49967
G1 X101.8 Y111.8 E1177.04501
G1 X101.8 Y131.3 E1177.69358
G1 X110 Y131.3 E1177.96631
G0 F12000 X110 Y131.7
G1 F2400 X118.599 Y131.7 E1178.25232
G1 X118.596 Y111.4 E1178.9275
G1 X101.4 Y111.4 E1179.49944
G1 X101.4 Y131.7 E1180.17462
G1 X110 Y131.7 E1180.46066
G0 F12000 X110 Y132.1
G1 F2400 X118.999 Y132.1 E1180.75996
G1 X118.996 Y111 E1181.46175
G1 X101 Y111 E1182.0603
G1 X101 Y132.1 E1182.76209
G1 X110 Y132.1 E1183.06143
G0 F12000 X110 Y132.5
G1 F2400 X119.399 Y132.5 E1183.37404
G1 X119.396 Y110.6 E1184.10244
G1 X100.6 Y110.6 E1184.7276
G1 X100.6 Y132.5 E1185.456
G1 X110 Y132.5 E1185.76864
G0 F12000 X110 Y132.9
;TYPE:WALL-OUTER
G1 F2400 X119.799 Y132.9 E1186.09456
G1 X119.796 Y110.2 E1186.84956
G1 X100.2 Y110.2 E1187.50133
G1 X100.2 Y132.9 E1188.25633
G1 X110 Y132.9 E1188.58228
G0 F12000 X110 Y132.19
G0 X108.936 Y131.22
;TYPE:FILL
G1 F4800 X112.521 Y117.84 E1189.043
G0 F12000 X111.526 Y117.841
G1 F4800 X118.118 Y124.432 E1189.35304
G0 F12000 X118.117 Y123.907
G1 F4800 X101.88 Y128.258 E1189.91214
G0 F12000 X101.88 Y126.641
G1 F4800 X104.239 Y117.84 E1190.2152
G0 F12000 X104.239 Y118.061
G0 X105.869 Y118.061
G0 X105.869 Y117.841
G1 F4800 X118.119 Y130.09 E1190.79138
G0 F12000 X117.218 Y131.22
G1 F4800 X118.118 Y127.861 E1190.90704
G1 X118.118 Y128.048
G1 X106.28 Y131.22 E1191.31466
G0 F12000 X104.795 Y131.22
G1 F4800 X108.38 Y117.84 E1191.77538
G0 F12000 X108.38 Y118.061
G0 X109.848 Y118.061
G0 X109.848 Y117.84
G1 F4800 X101.88 Y119.975 E1192.04974
G0 F12000 X101.88 Y119.508
G1 F4800 X113.592 Y131.22 E1192.60064
G0 F12000 X113.077 Y131.22
G1 F4800 X116.662 Y117.84 E1193.06136
G0 F12000 X117.183 Y117.841
G1 F4800 X118.118 Y118.776 E1193.10534
G0 F12000 X118.116 Y119.766
G1 F4800 X101.88 Y124.117 E1193.6644
G0 F12000 X101.88 Y125.165
G1 F4800 X107.935 Y131.22 E1193.94921
G0 F12000 X102.278 Y131.22
G1 F4800 X101.88 Y130.822 E1193.96793
G0 F12000 X110 Y118.061
G0 X110 Y117.8
;TYPE:SKIN
G1 F2400 X102.16 Y117.8 E1194.22869
G1 X102.16 Y112.16 E1194.41628
G1 X117.836 Y112.16 E1194.93767
G1 X117.836 Y117.8 E1195.12525
G1 X110 Y117.8 E1195.38588
G0 F12000 X110 Y118.061
G0 X102.892 Y118.061
G0 X102.892 Y117.6
G1 F2400 X102.36 Y117.068 E1195.4109
G0 F12000 X102.36 Y116.502
G1 F2400 X103.458 Y117.6 E1195.46255
G0 F12000 X104.023 Y117.6
G1 F2400 X102.36 Y115.937 E1195.54077
G0 F12000 X102.36 Y115.371
G1 F2400 X104.589 Y117.6 E1195.64562
G0 F12000 X105.155 Y117.6
G1 F2400 X102.36 Y114.805 E1195.77709
G0 F12000 X102.36 Y114.239
G1 F2400 X105.72 Y117.6 E1195.93515
G0 F12000 X106.286 Y117.6
G1 F2400 X102.36 Y113.674 E1196.11982
G0 F12000 X102.36 Y113.108
G1 F2400 X106.852 Y117.6 E1196.33111
G0 F12000 X107.417 Y117.6
G1 F2400 X102.36 Y112.542 E1196.569
G0 F12000 X102.743 Y112.36
G1 F2400 X107.983 Y117.6 E1196.81547
G0 F12000 X108.549 Y117.6
G1 F2400 X103.309 Y112.36 E1197.06195
G0 F12000 X103.875 Y112.36
G1 F2400 X109.114 Y117.6 E1197.3084
G0 F12000 X109.68 Y117.6
G1 F2400 X104.44 Y112.36 E1197.55487
G0 F12000 X105.006 Y112.36
G1 F2400 X110.246 Y117.6 E1197.80134
G0 F12000 X110.811 Y117.6
G1 F2400 X105.572 Y112.36 E1198.04779
G0 F12000 X106.137 Y112.36
G1 F2400 X111.377 Y117.6 E1198.29427
G0 F12000 X111.943 Y117.6
G1 F2400 X106.703 Y112.36 E1198.54074
G0 F12000 X107.269 Y112.36
G1 F2400 X112.508 Y117.6 E1198.78719
G0 F12000 X113.074 Y117.6
G1 F2400 X107.834 Y112.36 E1199.03366
G0 F12000 X108.4 Y112.36
G1 F2400 X113.64 Y117.6 E1199.28014
G0 F12000 X114.206 Y117.6
G1 F2400 X108.966 Y112.36 E1199.52661
G0 F12000 X109.532 Y112.36
G1 F2400 X114.771 Y117.6 E1199.77306
G0 F12000 X115.337 Y117.6
G1 F2400 X110.097 Y112.36 E1200.01953
G0 F12000 X110.663 Y112.36
G1 F2400 X115.903 Y117.6 E1200.26601
G0 F12000 X116.468 Y117.6
G1 F2400 X111.229 Y112.36 E1200.51246
G0 F12000 X111.794 Y112.36
G1 F2400 X117.034 Y117.6 E1200.75893
G0 F12000 X117.6 Y117.6
G1 F2400 X112.36 Y112.36 E1201.00541
G0 F12000 X112.926 Y112.36
G1 F2400 X117.636 Y117.071 E1201.22697
G0 F12000 X117.636 Y116.505
G1 F2400 X113.491 Y112.36 E1201.42194
G0 F12000 X114.057 Y112.36
G1 F2400 X117.636 Y115.939 E1201.59029
G0 F12000 X117.636 Y115.374
G1 F2400 X114.623 Y112.36 E1201.73203
G0 F12000 X115.188 Y112.36
G1 F2400 X117.636 Y114.808 E1201.84718
G0 F12000 X117.636 Y114.242
G1 F2400 X115.754 Y112.36 E1201.9357
G0 F12000 X116.32 Y112.36
G1 F2400 X117.636 Y113.677 E1201.99763
G0 F12000 X117.636 Y113.111
G1 F2400 X116.885 Y112.36 E1202.03295
G0 F12000 X117.451 Y112.36
G1 F2400 X117.636 Y112.545 E1202.04165
G0 F12000 X118.397 Y112.545
G1 F2700 E1197.04165
;MESH:NONMESH
G0 F300 Z5.2
G0 F12000 X119.549 Y112.248
G0 X120.664 Y112.247
G0 X120.653 Y86.247
G0 X99.347 Y86.247
G0 X99.336 Y105.341
G0 X110 Y105.34
;TIME_ELAPSED:1215.090377
;LAYER:25
;TYPE:WALL-INNER
;MESH:v1.STL(1)
G1 F2700 E1202.04165
G1 F2400 X118.2 Y105.34 E1202.31439
G1 X118.2 Y88.7 E1202.86783
G1 X101.8 Y88.7 E1203.4133
G1 X101.8 Y105.34 E1203.96675
G1 X110 Y105.34 E1204.23948
G0 F12000 X110 Y105.74
G1 F2400 X118.6 Y105.74 E1204.52552
G1 X118.6 Y88.3 E1205.10558
G1 X101.4 Y88.3 E1205.67765
G1 X101.4 Y105.74 E1206.25771
G1 X110 Y105.74 E1206.54374
G0 F12000 X110 Y106.14
G1 F2400 X119 Y106.14 E1206.84309
G1 X119 Y87.9 E1207.44975
G1 X101 Y87.9 E1208.04843
G1 X101 Y106.14 E1208.6551
G1 X110 Y106.14 E1208.95444
G0 F12000 X110 Y106.54
G1 F2400 X119.4 Y106.54 E1209.26708
G1 X119.4 Y87.5 E1209.90036
G1 X100.6 Y87.5 E1210.52565
G1 X100.6 Y106.54 E1211.15892
G1 X110 Y106.54 E1211.47157
G0 F12000 X110 Y106.94
;TYPE:WALL-OUTER
G1 F2400 X119.8 Y106.94 E1211.79752
G1 X119.8 Y87.1 E1212.4574
G1 X100.2 Y87.1 E1213.10929
G1 X100.2 Y106.94 E1213.76918
G1 X110 Y106.94 E1214.09513
G0 F12000 X110 Y106.231
G0 X101.718 Y105.422
G0 X101.718 Y101.033
G0 X109.803 Y101.214
G0 X109.803 Y101.434
;TYPE:FILL
G1 F4800 X118.119 Y99.206 E1214.38147
G0 F12000 X118.1 Y101.434
G0 X117.946 Y101.434
G1 F4800 X105.292 Y88.78 E1214.97668
G0 F12000 X103.597 Y88.779
G1 F4800 X101.88 Y95.188 E1215.19736
G1 X101.88 Y95.275
G1 X118.12 Y90.924 E1215.75655
G0 F12000 X118.12 Y90.294
G1 F4800 X116.606 Y88.78 E1215.82777
G0 F12000 X116.021 Y88.779
G1 F4800 X112.629 Y101.435 E1216.26356
G0 F12000 X112.289 Y101.434
G1 F4800 X101.88 Y91.024 E1216.75319
G1 X101.881 Y91.134
G1 X110.665 Y88.78 E1217.05566
G0 F12000 X110.949 Y88.78
G1 F4800 X118.12 Y95.951 E1217.39296
G0 F12000 X118.12 Y96.399
G1 F4800 X116.771 Y101.435 E1217.56637
G0 F12000 X116.771 Y101.214
G0 X118.119 Y95.065
G1 F4800 X101.88 Y99.416 E1218.12553
G0 F12000 X101.88 Y96.681
G1 F4800 X106.632 Y101.434 E1218.34907
G0 F12000 X106.632 Y101.214
G0 X108.488 Y101.214
G0 X108.488 Y101.435
G1 F4800 X111.879 Y88.78 E1218.78483
G0 F12000 X107.738 Y88.779
G1 F4800 X104.347 Y101.435 E1219.22061
G0 F12000 X104.347 Y101.214
G0 X101.972 Y101.287
G0 X101.972 Y105.168
G0 X110 Y105.24
G0 X110 Y104.98
;TYPE:SKIN
G1 F2400 X102.16 Y104.98 E1219.48137
G1 X102.16 Y101.472 E1219.59805
G1 X117.84 Y101.472 E1220.11957
G1 X117.84 Y104.98 E1220.23625
G1 X110 Y104.98 E1220.49701
G0 F12000 X110 Y105.24
G0 X117.534 Y105.24
G0 X117.534 Y104.78
G1 F2400 X117.64 Y104.674 E1220.50199
G0 F12000 X117.64 Y104.109
G1 F2400 X116.968 Y104.78 E1220.53358
G0 F12000 X116.403 Y104.78
G1 F2400 X117.64 Y103.543 E1220.59176
G0 F12000 X117.64 Y102.977
G1 F2400 X115.837 Y104.78 E1220.67657
G0 F12000 X115.271 Y104.78
G1 F2400 X117.64 Y102.412 E1220.78798
G0 F12000 X117.64 Y101.846
G1 F2400 X114.705 Y104.78 E1220.92601
G0 F12000 X114.14 Y104.78
G1 F2400 X117.248 Y101.672 E1221.0722
G0 F12000 X116.683 Y101.672
G1 F2400 X113.574 Y104.78 E1221.21841
G0 F12000 X113.008 Y104.78
G1 F2400 X116.117 Y101.672 E1221.36463
G0 F12000 X115.551 Y101.672
G1 F2400 X112.443 Y104.78 E1221.51082
G0 F12000 X111.877 Y104.78
G1 F2400 X114.985 Y101.672 E1221.65701
G0 F12000 X114.42 Y101.672
G1 F2400 X111.311 Y104.78 E1221.80322
G0 F12000 X110.746 Y104.78
G1 F2400 X113.854 Y101.672 E1221.94941
G0 F12000 X113.288 Y101.672
G1 F2400 X110.18 Y104.78 E1222.0956
G0 F12000 X109.614 Y104.78
G1 F2400 X112.723 Y101.672 E1222.24182
G0 F12000 X112.157 Y101.672
G1 F2400 X109.049 Y104.78 E1222.38801
G0 F12000 X108.483 Y104.78
G1 F2400 X111.591 Y101.672 E1222.5342
G0 F12000 X111.026 Y101.672
G1 F2400 X107.917 Y104.78 E1222.68041
G0 F12000 X107.352 Y104.78
G1 F2400 X110.46 Y101.672 E1222.8266
G0 F12000 X109.894 Y101.672
G1 F2400 X106.786 Y104.78 E1222.97279
G0 F12000 X106.22 Y104.78
G1 F2400 X109.329 Y101.672 E1223.11901
G0 F12000 X108.763 Y101.672
G1 F2400 X105.654 Y104.78 E1223.26522
G0 F12000 X105.089 Y104.78
G1 F2400 X108.197 Y101.672 E1223.41141
G0 F12000 X107.632 Y101.672
G1 F2400 X104.523 Y104.78 E1223.55763
G0 F12000 X103.957 Y104.78
G1 F2400 X107.066 Y101.672 E1223.70384
G0 F12000 X106.5 Y101.672
G1 F2400 X103.392 Y104.78 E1223.85003
G0 F12000 X102.826 Y104.78
G1 F2400 X105.934 Y101.672 E1223.99622
G0 F12000 X105.369 Y101.672
G1 F2400 X102.36 Y104.681 E1224.13776
G0 F12000 X102.36 Y104.115
G1 F2400 X104.803 Y101.672 E1224.25267
G0 F12000 X104.237 Y101.672
G1 F2400 X102.36 Y103.549 E1224.34096
G0 F12000 X102.36 Y102.984
G1 F2400 X103.672 Y101.672 E1224.40267
G0 F12000 X103.106 Y101.672
G1 F2400 X102.36 Y102.418 E1224.43776
G0 F12000 X102.36 Y101.852
G1 F2400 X102.54 Y101.672 E1224.44623
G0 F12000 X102.54 Y100.914
G1 F2700 E1219.44623
G0 F12000 X101.972 Y101.287
G0 X101.972 Y105.168
G0 X107.388 Y105.164
G0 X109.999 Y106.731
G0 X110 Y107.806
G0 X109.998 Y112.194
G0 X109.999 Y113.269
G0 X101.972 Y114.828
G0 X101.972 Y118.714
G0 X110 Y131.3
;TYPE:WALL-INNER
G1 F2700 E1224.44623
G1 F2400 X118.2 Y131.3 E1224.71896
G1 X118.2 Y114.656 E1225.27254
G1 X101.8 Y114.656 E1225.81801
G1 X101.8 Y131.3 E1226.37159
G1 X110 Y131.3 E1226.64432
G0 F12000 X110 Y131.7
G1 F2400 X118.6 Y131.7 E1226.93036
G1 X118.6 Y114.256 E1227.51055
G1 X101.4 Y114.256 E1228.08262
G1 X101.4 Y131.7 E1228.66281
G1 X110 Y131.7 E1228.94885
G0 F12000 X110 Y132.1
G1 F2400 X119 Y132.1 E1229.24819
G1 X119 Y113.856 E1229.85499
G1 X101 Y113.856 E1230.45367
G1 X101 Y132.1 E1231.06047
G1 X110 Y132.1 E1231.35981
G0 F12000 X110 Y132.5
G1 F2400 X119.4 Y132.5 E1231.67246
G1 X119.4 Y113.456 E1232.30586
G1 X100.6 Y113.456 E1232.93115
G1 X100.6 Y132.5 E1233.56456
G1 X110 Y132.5 E1233.8772
G0 F12000 X110 Y132.9
;TYPE:WALL-OUTER
G1 F2400 X119.8 Y132.9 E1234.20315
G1 X119.8 Y113.056 E1234.86317
G1 X100.2 Y113.056 E1235.51507
G1 X100.2 Y132.9 E1236.17508
G1 X110 Y132.9 E1236.50103
G0 F12000 X110 Y132.19
G0 X108.79 Y131.22
;TYPE:FILL
G1 F4800 X112.181 Y118.564 E1236.93682
G0 F12000 X112.451 Y118.566
G1 F4800 X118.12 Y124.235 E1237.20347
G1 X118.119 Y124.053
G1 X101.88 Y128.404 E1237.76263
G0 F12000 X101.88 Y130.622
G1 F4800 X102.477 Y131.22 E1237.79074
G0 F12000 X104.649 Y131.22
G1 F4800 X108.04 Y118.565 E1238.22649
G0 F12000 X107.687 Y118.565
G1 F4800 X101.88 Y120.122 E1238.42646
G0 F12000 X101.88 Y119.309
G1 F4800 X113.791 Y131.22 E1238.98671
G0 F12000 X112.931 Y131.22
G1 F4800 X116.322 Y118.564 E1239.4225
G0 F12000 X116.322 Y118.786
G0 X118.119 Y119.911
G1 F4800 X101.88 Y124.263 E1239.98167
G0 F12000 X101.88 Y124.966
G1 F4800 X108.134 Y131.22 E1240.27584
G0 F12000 X106.825 Y131.22
G1 F4800 X118.12 Y128.193 E1240.66477
G0 F12000 X118.12 Y127.31
G1 F4800 X117.072 Y131.221 E1240.79944
G0 F12000 X118.12 Y129.892
G1 F4800 X106.794 Y118.566 E1241.33218
G0 F12000 X106.794 Y118.786
G0 X103.898 Y118.786
G0 X103.898 Y118.565
G1 F4800 X101.88 Y126.096 E1241.5915
G0 F12000 X110 Y118.786
G0 X110 Y118.524
;TYPE:SKIN
G1 F2400 X102.16 Y118.524 E1241.85226
G1 X102.16 Y115.016 E1241.96894
G1 X117.84 Y115.016 E1242.49046
G1 X117.84 Y118.524 E1242.60713
G1 X110 Y118.524 E1242.86789
G0 F12000 X110 Y118.786
G0 X118.028 Y118.713
G0 X118.1 Y118.251
G0 X117.64 Y118.251
G1 F2400 X117.566 Y118.324 E1242.87135
G0 F12000 X117.001 Y118.324
G1 F2400 X117.64 Y117.685 E1242.90141
G0 F12000 X117.64 Y117.12
G1 F2400 X116.435 Y118.324 E1242.95806
G0 F12000 X115.869 Y118.324
G1 F2400 X117.64 Y116.554 E1243.04134
G0 F12000 X117.64 Y115.988
G1 F2400 X115.304 Y118.324 E1243.15122
G0 F12000 X114.738 Y118.324
G1 F2400 X117.64 Y115.422 E1243.28772
G0 F12000 X117.281 Y115.216
G1 F2400 X114.172 Y118.324 E1243.43393
G0 F12000 X113.607 Y118.324
G1 F2400 X116.715 Y115.216 E1243.58012
G0 F12000 X116.149 Y115.216
G1 F2400 X113.041 Y118.324 E1243.72632
G0 F12000 X112.475 Y118.324
G1 F2400 X115.584 Y115.216 E1243.87253
G0 F12000 X115.018 Y115.216
G1 F2400 X111.91 Y118.324 E1244.01872
G0 F12000 X111.344 Y118.324
G1 F2400 X114.452 Y115.216 E1244.16491
G0 F12000 X113.887 Y115.216
G1 F2400 X110.778 Y118.324 E1244.31113
G0 F12000 X110.212 Y118.324
G1 F2400 X113.321 Y115.216 E1244.45734
G0 F12000 X112.755 Y115.216
G1 F2400 X109.647 Y118.324 E1244.60353
G0 F12000 X109.081 Y118.324
G1 F2400 X112.19 Y115.216 E1244.74975
G0 F12000 X111.624 Y115.216
G1 F2400 X108.515 Y118.324 E1244.89596
G0 F12000 X107.95 Y118.324
G1 F2400 X111.058 Y115.216 E1245.04215
G0 F12000 X110.493 Y115.216
G1 F2400 X107.384 Y118.324 E1245.18836
G0 F12000 X106.818 Y118.324
G1 F2400 X109.927 Y115.216 E1245.33458
G0 F12000 X109.361 Y115.216
G1 F2400 X106.253 Y118.324 E1245.48077
G0 F12000 X105.687 Y118.324
G1 F2400 X108.795 Y115.216 E1245.62696
G0 F12000 X108.23 Y115.216
G1 F2400 X105.121 Y118.324 E1245.77317
G0 F12000 X104.556 Y118.324
G1 F2400 X107.664 Y115.216 E1245.91937
G0 F12000 X107.098 Y115.216
G1 F2400 X103.99 Y118.324 E1246.06556
G0 F12000 X103.424 Y118.324
G1 F2400 X106.533 Y115.216 E1246.21177
G0 F12000 X105.967 Y115.216
G1 F2400 X102.859 Y118.324 E1246.35796
G0 F12000 X102.36 Y118.257
G1 F2400 X105.401 Y115.216 E1246.501
G0 F12000 X104.836 Y115.216
G1 F2400 X102.36 Y117.692 E1246.61746
G0 F12000 X102.36 Y117.126
G1 F2400 X104.27 Y115.216 E1246.7073
G0 F12000 X103.704 Y115.216
G1 F2400 X102.36 Y116.56 E1246.77052
G0 F12000 X102.36 Y115.995
G1 F2400 X103.139 Y115.216 E1246.80716
G0 F12000 X102.573 Y115.216
G1 F2400 X102.36 Y115.429 E1246.81718
G0 F12000 X101.6 Y115.429
G1 F2700 E1241.81718
;MESH:NONMESH
G0 F300 Z5.4
G0 F12000 X101.972 Y114.828
G0 X110 Y113.269
G0 X109.999 Y112.194
G0 X110.001 Y107.806
G0 X110 Y103.928
;TIME_ELAPSED:1265.915335
;LAYER:26
;TYPE:WALL-INNER
;MESH:v1.STL(1)
G1 F2700 E1246.81718
G1 F2400 X118.2 Y103.928 E1247.08992
G1 X118.2 Y88.7 E1247.5964
G1 X101.8 Y88.7 E1248.14187
G1 X101.8 Y103.928 E1248.64835
G1 X110 Y103.928 E1248.92109
G0 F12000 X110 Y104.328
G1 F2400 X118.6 Y104.328 E1249.20712
G1 X118.6 Y88.3 E1249.74022
G1 X101.4 Y88.3 E1250.31229
G1 X101.4 Y104.328 E1250.84538
G1 X110 Y104.328 E1251.13142
G0 F12000 X110 Y104.728
G1 F2400 X119 Y104.728 E1251.43076
G1 X119 Y87.9 E1251.99046
G1 X101 Y87.9 E1252.58915
G1 X101 Y104.728 E1253.14885
G1 X110 Y104.728 E1253.44819
G0 F12000 X110 Y105.128
G1 F2400 X119.4 Y105.128 E1253.76084
G1 X119.4 Y87.5 E1254.34714
G1 X100.6 Y87.5 E1254.97244
G1 X100.6 Y105.128 E1255.55875
G1 X110 Y105.128 E1255.87139
G0 F12000 X110 Y105.528
;TYPE:WALL-OUTER
G1 F2400 X119.8 Y105.528 E1256.19734
G1 X119.8 Y87.1 E1256.81026
G1 X100.2 Y87.1 E1257.46216
G1 X100.2 Y105.528 E1258.07507
G1 X110 Y105.528 E1258.40102
G0 F12000 X110 Y104.82
G0 X101.718 Y104.01
G0 X101.718 Y100.447
G0 X108.498 Y100.628
G0 X108.498 Y100.849
;TYPE:FILL
G1 F4800 X111.732 Y88.78 E1258.8166
G0 F12000 X111.213 Y88.78
G1 F4800 X101.881 Y91.281 E1259.13794
G0 F12000 X101.88 Y90.824
G1 F4800 X111.905 Y100.848 E1259.60946
G0 F12000 X112.539 Y100.848
G1 F4800 X118.119 Y99.353 E1259.8016
G0 F12000 X117.561 Y100.628
G0 X117.561 Y100.848
G1 F4800 X105.493 Y88.78 E1260.36924
G0 F12000 X103.45 Y88.779
G1 F4800 X101.88 Y94.64 E1260.57105
G0 F12000 X101.88 Y95.422
G1 F4800 X118.12 Y91.071 E1261.13024
G0 F12000 X118.12 Y90.093
G1 F4800 X116.807 Y88.78 E1261.192
G0 F12000 X115.874 Y88.779
G1 F4800 X112.64 Y100.849 E1261.60761
G0 F12000 X112.64 Y100.628
G0 X116.781 Y100.628
G0 X116.781 Y100.848
G1 F4800 X118.12 Y95.85 E1261.77971
G1 X118.12 Y95.75
G1 X111.15 Y88.78 E1262.10756
G0 F12000 X107.591 Y88.779
G1 F4800 X104.357 Y100.849 E1262.52317
G0 F12000 X104.357 Y100.628
G0 X106.248 Y100.628
G0 X106.248 Y100.848
G1 F4800 X101.88 Y96.48 E1262.72862
G0 F12000 X101.88 Y99.563
G1 F4800 X118.119 Y95.212 E1263.28779
G0 F12000 X118.028 Y103.756
G0 X110 Y103.828
G0 X110 Y103.568
;TYPE:SKIN
G1 F2400 X102.16 Y103.568 E1263.54855
G1 X102.16 Y100.888 E1263.63768
G1 X117.84 Y100.888 E1264.1592
G1 X117.84 Y103.568 E1264.24834
G1 X110 Y103.568 E1264.5091
G0 F12000 X110 Y103.828
G0 X102.802 Y103.828
G0 X102.802 Y103.368
G1 F2400 X102.359 Y102.925 E1264.52994
G0 F12000 X102.359 Y102.359
G1 F2400 X103.368 Y103.368 E1264.5774
G0 F12000 X103.933 Y103.368
G1 F2400 X102.359 Y101.794 E1264.65143
G0 F12000 X102.359 Y101.228
G1 F2400 X104.499 Y103.368 E1264.75209
G0 F12000 X105.065 Y103.368
G1 F2400 X102.785 Y101.088 E1264.85934
G0 F12000 X103.351 Y101.088
G1 F2400 X105.63 Y103.368 E1264.96656
G0 F12000 X106.196 Y103.368
G1 F2400 X103.916 Y101.088 E1265.0738
G0 F12000 X104.482 Y101.088
G1 F2400 X106.762 Y103.368 E1265.18105
G0 F12000 X107.327 Y103.368
G1 F2400 X105.048 Y101.088 E1265.28827
G0 F12000 X105.613 Y101.088
G1 F2400 X107.893 Y103.368 E1265.39551
G0 F12000 X108.459 Y103.368
G1 F2400 X106.179 Y101.088 E1265.50275
G0 F12000 X106.745 Y101.088
G1 F2400 X109.025 Y103.368 E1265.61
G0 F12000 X109.59 Y103.368
G1 F2400 X107.311 Y101.088 E1265.71722
G0 F12000 X107.876 Y101.088
G1 F2400 X110.156 Y103.368 E1265.82446
G0 F12000 X110.722 Y103.368
G1 F2400 X108.442 Y101.088 E1265.93171
G0 F12000 X109.008 Y101.088
G1 F2400 X111.287 Y103.368 E1266.03893
G0 F12000 X111.853 Y103.368
G1 F2400 X109.573 Y101.088 E1266.14617
G0 F12000 X110.139 Y101.088
G1 F2400 X112.419 Y103.368 E1266.25342
G0 F12000 X112.984 Y103.368
G1 F2400 X110.705 Y101.088 E1266.36064
G0 F12000 X111.27 Y101.088
G1 F2400 X113.55 Y103.368 E1266.46788
G0 F12000 X114.116 Y103.368
G1 F2400 X111.836 Y101.088 E1266.57513
G0 F12000 X112.402 Y101.088
G1 F2400 X114.681 Y103.368 E1266.68235
G0 F12000 X115.247 Y103.368
G1 F2400 X112.967 Y101.088 E1266.78959
G0 F12000 X113.533 Y101.088
G1 F2400 X115.813 Y103.368 E1266.89684
G0 F12000 X116.378 Y103.368
G1 F2400 X114.099 Y101.088 E1267.00406
G0 F12000 X114.664 Y101.088
G1 F2400 X116.944 Y103.368 E1267.1113
G0 F12000 X117.51 Y103.368
G1 F2400 X115.23 Y101.088 E1267.21854
G0 F12000 X115.796 Y101.088
G1 F2400 X117.64 Y102.932 E1267.30528
G0 F12000 X117.64 Y102.366
G1 F2400 X116.361 Y101.088 E1267.36542
G0 F12000 X116.927 Y101.088
G1 F2400 X117.64 Y101.801 E1267.39895
G0 F12000 X117.64 Y101.235
G1 F2400 X117.493 Y101.088 E1267.40587
G0 F12000 X117.493 Y100.328
G1 F2700 E1262.40587
G0 F12000 X118.028 Y100.7
G0 X118.028 Y103.756
G0 X109.999 Y105.32
G0 X110 Y106.395
G0 X109.998 Y113.605
G0 X109.999 Y114.68
G0 X101.972 Y116.24
G0 X101.972 Y119.3
G0 X110 Y131.3
;TYPE:WALL-INNER
G1 F2700 E1267.40587
G1 F2400 X118.2 Y131.3 E1267.6786
G1 X118.2 Y116.068 E1268.18522
G1 X101.8 Y116.068 E1268.73069
G1 X101.8 Y131.3 E1269.23731
G1 X110 Y131.3 E1269.51004
G0 F12000 X110 Y131.7
G1 F2400 X118.6 Y131.7 E1269.79608
G1 X118.6 Y115.668 E1270.3293
G1 X101.4 Y115.668 E1270.90138
G1 X101.4 Y131.7 E1271.4346
G1 X110 Y131.7 E1271.72064
G0 F12000 X110 Y132.1
G1 F2400 X119 Y132.1 E1272.01998
G1 X119 Y115.268 E1272.57982
G1 X101 Y115.268 E1273.1785
G1 X101 Y132.1 E1273.73833
G1 X110 Y132.1 E1274.03767
G0 F12000 X110 Y132.5
G1 F2400 X119.4 Y132.5 E1274.35032
G1 X119.4 Y114.868 E1274.93676
G1 X100.6 Y114.868 E1275.56205
G1 X100.6 Y132.5 E1276.1485
G1 X110 Y132.5 E1276.46114
G0 F12000 X110 Y132.9
;TYPE:WALL-OUTER
G1 F2400 X119.8 Y132.9 E1276.78709
G1 X119.8 Y114.468 E1277.40014
G1 X100.2 Y114.468 E1278.05204
G1 X100.2 Y132.9 E1278.66509
G1 X110 Y132.9 E1278.99104
G0 F12000 X110 Y132.19
G0 X108.643 Y131.22
;TYPE:FILL
G1 F4800 X111.877 Y119.151 E1279.40662
G0 F12000 X111.877 Y119.372
G0 X113.237 Y119.372
G0 X113.237 Y119.152
G1 F4800 X118.12 Y124.034 E1279.63628
G1 X118.12 Y124.199
G1 X101.88 Y128.551 E1280.19548
G0 F12000 X101.88 Y130.422
G1 F4800 X102.678 Y131.22 E1280.23301
G0 F12000 X104.502 Y131.22
G1 F4800 X107.735 Y119.151 E1280.64858
G1 X107.581 Y119.152
G1 X118.12 Y129.691 E1281.14431
G0 F12000 X118.12 Y128.34
G1 F4800 X107.374 Y131.22 E1281.51433
G0 F12000 X108.335 Y131.22
G1 F4800 X101.88 Y124.765 E1281.81796
G0 F12000 X101.88 Y124.41
G1 F4800 X118.12 Y120.058 E1282.37716
G0 F12000 X116.018 Y119.372
G0 X116.018 Y119.151
G1 F4800 X112.784 Y131.22 E1282.79274
G0 F12000 X113.992 Y131.22
G1 F4800 X101.924 Y119.152 E1283.36038
G0 F12000 X101.9 Y119.152
G0 X101.88 Y120.268
G1 F4800 X106.05 Y119.151 E1283.50396
G0 F12000 X106.05 Y119.372
G0 X103.594 Y119.372
G0 X103.594 Y119.152
G1 F4800 X101.88 Y125.548 E1283.7242
G0 F12000 X116.925 Y131.221
G1 F4800 X118.12 Y126.761 E1283.87777
G0 F12000 X110 Y119.372
G0 X110 Y119.11
;TYPE:SKIN
G1 F2400 X102.16 Y119.112 E1284.13853
G1 X102.16 Y116.428 E1284.2278
G1 X117.84 Y116.428 E1284.74932
G1 X117.84 Y119.108 E1284.83846
G1 X110 Y119.11 E1285.09922
G0 F12000 X110 Y119.372
G0 X102.506 Y119.372
G0 X102.506 Y118.911
G1 F2400 X102.36 Y118.765 E1285.10609
G0 F12000 X102.36 Y118.199
G1 F2400 X103.072 Y118.911 E1285.13958
G0 F12000 X103.638 Y118.911
G1 F2400 X102.36 Y117.634 E1285.19967
G0 F12000 X102.36 Y117.068
G1 F2400 X104.203 Y118.911 E1285.28636
G0 F12000 X104.769 Y118.911
G1 F2400 X102.486 Y116.628 E1285.39374
G0 F12000 X103.052 Y116.628
G1 F2400 X105.335 Y118.911 E1285.50113
G0 F12000 X105.9 Y118.911
G1 F2400 X103.617 Y116.628 E1285.60851
G0 F12000 X104.183 Y116.628
G1 F2400 X106.466 Y118.911 E1285.7159
G0 F12000 X107.031 Y118.911
G1 F2400 X104.749 Y116.628 E1285.82326
G0 F12000 X105.314 Y116.628
G1 F2400 X107.597 Y118.911 E1285.93064
G0 F12000 X108.163 Y118.911
G1 F2400 X105.88 Y116.628 E1286.03803
G0 F12000 X106.446 Y116.628
G1 F2400 X108.728 Y118.91 E1286.14537
G0 F12000 X109.293 Y118.91
G1 F2400 X107.011 Y116.628 E1286.25271
G0 F12000 X107.577 Y116.628
G1 F2400 X109.859 Y118.91 E1286.36004
G0 F12000 X110.425 Y118.91
G1 F2400 X108.143 Y116.628 E1286.46738
G0 F12000 X108.708 Y116.628
G1 F2400 X110.99 Y118.91 E1286.57472
G0 F12000 X111.555 Y118.909
G1 F2400 X109.274 Y116.628 E1286.68201
G0 F12000 X109.84 Y116.628
G1 F2400 X112.121 Y118.909 E1286.7893
G0 F12000 X112.687 Y118.909
G1 F2400 X110.406 Y116.628 E1286.89659
G0 F12000 X110.971 Y116.628
G1 F2400 X113.252 Y118.909 E1287.00389
G0 F12000 X113.818 Y118.909
G1 F2400 X111.537 Y116.628 E1287.11118
G0 F12000 X112.103 Y116.628
G1 F2400 X114.384 Y118.909 E1287.21847
G0 F12000 X114.949 Y118.908
G1 F2400 X112.668 Y116.628 E1287.32574
G0 F12000 X113.234 Y116.628
G1 F2400 X115.514 Y118.908 E1287.43298
G0 F12000 X116.08 Y118.908
G1 F2400 X113.8 Y116.628 E1287.54022
G0 F12000 X114.365 Y116.628
G1 F2400 X116.646 Y118.908 E1287.64749
G0 F12000 X117.211 Y118.908
G1 F2400 X114.931 Y116.628 E1287.75474
G0 F12000 X115.497 Y116.628
G1 F2400 X117.64 Y118.771 E1287.85554
G0 F12000 X117.64 Y118.206
G1 F2400 X116.062 Y116.628 E1287.92976
G0 F12000 X116.628 Y116.628
G1 F2400 X117.64 Y117.64 E1287.97736
G0 F12000 X117.64 Y117.074
G1 F2400 X117.194 Y116.628 E1287.99834
G0 F12000 X117.194 Y115.868
G1 F2700 E1282.99834
;MESH:NONMESH
G0 F300 Z5.6
G0 F12000 X109.797 Y114.68
G0 X109.796 Y113.605
G0 X109.798 Y106.395
G0 X109.797 Y103.074
;TIME_ELAPSED:1313.959535
;LAYER:27
;TYPE:WALL-INNER
;MESH:v1.STL(1)
G1 F2700 E1287.99834
G1 F2400 X118.2 Y103.072 E1288.27783
G1 X118.2 Y88.7 E1288.75584
G1 X101.8 Y88.7 E1289.30131
G1 X101.8 Y103.075 E1289.77942
G1 X109.797 Y103.074 E1290.0454
G0 F12000 X109.807 Y103.474
G1 F2400 X118.6 Y103.472 E1290.33786
G1 X118.6 Y88.3 E1290.84248
G1 X101.4 Y88.3 E1291.41456
G1 X101.4 Y103.475 E1291.91928
G1 X109.807 Y103.474 E1292.1989
G0 F12000 X109.815 Y103.874
G1 F2400 X119 Y103.872 E1292.50439
G1 X119 Y87.9 E1293.03562
G1 X101 Y87.9 E1293.6343
G1 X101 Y103.875 E1294.16563
G1 X109.815 Y103.874 E1294.45882
G0 F12000 X109.823 Y104.274
G1 F2400 X119.4 Y104.272 E1294.77735
G1 X119.4 Y87.5 E1295.33519
G1 X100.6 Y87.5 E1295.96048
G1 X100.6 Y104.275 E1296.51842
G1 X109.823 Y104.274 E1296.82518
G0 F12000 X109.83 Y104.674
;TYPE:WALL-OUTER
G1 F2400 X119.8 Y104.672 E1297.15678
G1 X119.8 Y87.1 E1297.74123
G1 X100.2 Y87.1 E1298.39313
G1 X100.2 Y104.675 E1298.97768
G1 X109.83 Y104.674 E1299.29797
G0 F12000 X109.83 Y103.965
G0 X101.718 Y103.157
G0 X101.718 Y99.861
G0 X108.509 Y100.042
G0 X108.509 Y100.263
;TYPE:FILL
G1 F4800 X111.587 Y88.779 E1299.69341
G1 X111.758 Y88.78
G1 X101.88 Y91.427 E1300.03355
G0 F12000 X101.88 Y90.624
G1 F4800 X111.518 Y100.262 E1300.48689
G0 F12000 X111.518 Y100.042
G0 X112.651 Y100.042
G0 X112.651 Y100.262
G1 F4800 X115.727 Y88.78 E1300.88225
G0 F12000 X117.006 Y88.78
G1 F4800 X118.12 Y89.894 E1300.93465
G0 F12000 X118.119 Y91.217
G1 F4800 X101.881 Y95.568 E1301.49378
G0 F12000 X101.88 Y96.281
G1 F4800 X105.862 Y100.263 E1301.68108
G0 F12000 X105.862 Y100.042
G0 X104.368 Y100.042
G0 X104.368 Y100.263
G1 F4800 X107.445 Y88.779 E1302.07651
G0 F12000 X105.693 Y88.78
G1 F4800 X117.174 Y100.261 E1302.61654
G0 F12000 X116.792 Y100.262
G1 F4800 X118.12 Y95.306 E1302.7872
G1 X118.119 Y95.358
G1 X101.881 Y99.709 E1303.34633
G0 F12000 X101.88 Y94.096
G1 F4800 X103.304 Y88.779 E1303.5294
G0 F12000 X111.35 Y88.78
G1 F4800 X118.12 Y95.551 E1303.84787
G0 F12000 X118.119 Y99.499
G1 F4800 X115.271 Y100.262 E1303.94593
G0 F12000 X115.271 Y100.042
G0 X118.028 Y100.114
G0 X118.028 Y102.9
G0 X110 Y102.974
G0 X110 Y102.712
;TYPE:SKIN
G1 F2400 X102.16 Y102.712 E1304.20669
G1 X102.16 Y100.3 E1304.28692
G1 X117.84 Y100.3 E1304.80843
G1 X117.84 Y102.712 E1304.88866
G1 X110 Y102.712 E1305.14942
G0 F12000 X110 Y102.974
G0 X117.54 Y102.973
G0 X117.54 Y102.512
G1 F2400 X117.64 Y102.412 E1305.15412
G0 F12000 X117.64 Y101.846
G1 F2400 X116.974 Y102.512 E1305.18545
G0 F12000 X116.408 Y102.512
G1 F2400 X117.64 Y101.28 E1305.2434
G0 F12000 X117.64 Y100.715
G1 F2400 X115.842 Y102.512 E1305.32795
G0 F12000 X115.277 Y102.512
G1 F2400 X117.289 Y100.5 E1305.42258
G0 F12000 X116.724 Y100.5
G1 F2400 X114.711 Y102.512 E1305.51725
G0 F12000 X114.145 Y102.512
G1 F2400 X116.158 Y100.5 E1305.61191
G0 F12000 X115.592 Y100.5
G1 F2400 X113.58 Y102.512 E1305.70655
G0 F12000 X113.014 Y102.512
G1 F2400 X115.026 Y100.5 E1305.80118
G0 F12000 X114.461 Y100.5
G1 F2400 X112.448 Y102.512 E1305.89585
G0 F12000 X111.883 Y102.512
G1 F2400 X113.895 Y100.5 E1305.99048
G0 F12000 X113.329 Y100.5
G1 F2400 X111.317 Y102.512 E1306.08512
G0 F12000 X110.751 Y102.512
G1 F2400 X112.764 Y100.5 E1306.17978
G0 F12000 X112.198 Y100.5
G1 F2400 X110.186 Y102.512 E1306.27442
G0 F12000 X109.62 Y102.512
G1 F2400 X111.632 Y100.5 E1306.36906
G0 F12000 X111.067 Y100.5
G1 F2400 X109.054 Y102.512 E1306.46372
G0 F12000 X108.489 Y102.512
G1 F2400 X110.501 Y100.5 E1306.55836
G0 F12000 X109.935 Y100.5
G1 F2400 X107.923 Y102.512 E1306.653
G0 F12000 X107.357 Y102.512
G1 F2400 X109.37 Y100.5 E1306.74766
G0 F12000 X108.804 Y100.5
G1 F2400 X106.792 Y102.512 E1306.8423
G0 F12000 X106.226 Y102.512
G1 F2400 X108.238 Y100.5 E1306.93694
G0 F12000 X107.673 Y100.5
G1 F2400 X105.66 Y102.512 E1307.0316
G0 F12000 X105.094 Y102.512
G1 F2400 X107.107 Y100.5 E1307.12626
G0 F12000 X106.541 Y100.5
G1 F2400 X104.529 Y102.512 E1307.2209
G0 F12000 X103.963 Y102.512
G1 F2400 X105.976 Y100.5 E1307.31556
G0 F12000 X105.41 Y100.5
G1 F2400 X103.397 Y102.512 E1307.41022
G0 F12000 X102.832 Y102.512
G1 F2400 X104.844 Y100.5 E1307.50486
G0 F12000 X104.278 Y100.5
G1 F2400 X102.36 Y102.418 E1307.59508
G0 F12000 X102.36 Y101.852
G1 F2400 X103.713 Y100.5 E1307.6587
G0 F12000 X103.147 Y100.5
G1 F2400 X102.36 Y101.287 E1307.69571
G0 F12000 X102.36 Y100.721
G1 F2400 X102.581 Y100.5 E1307.70611
G0 F12000 X102.581 Y99.742
G1 F2700 E1302.70611
G0 F12000 X101.972 Y100.115
G0 X101.972 Y102.903
G0 X109.999 Y104.465
G0 X110 Y105.54
G0 X109.998 Y114.46
G0 X109.999 Y115.535
G0 X101.972 Y117.096
G0 X101.972 Y119.886
G0 X110 Y131.3
;TYPE:WALL-INNER
G1 F2700 E1307.70611
G1 F2400 X118.2 Y131.3 E1307.97884
G1 X118.2 Y116.924 E1308.45699
G1 X101.8 Y116.924 E1309.00246
G1 X101.8 Y131.3 E1309.4806
G1 X110 Y131.3 E1309.75334
G0 F12000 X110 Y131.7
G1 F2400 X118.6 Y131.7 E1310.03937
G1 X118.6 Y116.524 E1310.54413
G1 X101.4 Y116.524 E1311.1162
G1 X101.4 Y131.7 E1311.62096
G1 X110 Y131.7 E1311.907
G0 F12000 X110 Y132.1
G1 F2400 X119 Y132.1 E1312.20634
G1 X119 Y116.124 E1312.7377
G1 X101 Y116.124 E1313.33639
G1 X101 Y132.1 E1313.86775
G1 X110 Y132.1 E1314.16709
G0 F12000 X110 Y132.5
G1 F2400 X119.4 Y132.5 E1314.47974
G1 X119.4 Y115.724 E1315.03771
G1 X100.6 Y115.724 E1315.663
G1 X100.6 Y132.5 E1316.22097
G1 X110 Y132.5 E1316.53362
G0 F12000 X110 Y132.9
;TYPE:WALL-OUTER
G1 F2400 X119.8 Y132.9 E1316.85956
G1 X119.8 Y115.324 E1317.44414
G1 X100.2 Y115.324 E1318.09604
G1 X100.2 Y132.9 E1318.68062
G1 X110 Y132.9 E1319.00657
G0 F12000 X110 Y132.19
G0 X108.535 Y131.22
;TYPE:FILL
G1 F4800 X101.88 Y124.565 E1319.3196
G1 X101.881 Y124.555
G1 X118.12 Y120.204 E1319.87877
G0 F12000 X115.715 Y119.958
G0 X115.715 Y119.736
G1 F4800 X112.638 Y131.22 E1320.2742
G0 F12000 X114.191 Y131.22
G1 F4800 X102.71 Y119.739 E1320.81423
G0 F12000 X103.291 Y119.738
G1 F4800 X101.88 Y125.004 E1320.99556
G0 F12000 X101.881 Y128.697
G1 F4800 X118.12 Y124.345 E1321.55473
G0 F12000 X118.12 Y123.835
G1 F4800 X114.022 Y119.737 E1321.74748
G0 F12000 X114.022 Y119.958
G0 X111.573 Y119.958
G0 X111.573 Y119.737
G1 F4800 X108.497 Y131.22 E1322.14288
G0 F12000 X107.918 Y131.22
G1 F4800 X118.12 Y128.486 E1322.49417
G0 F12000 X118.12 Y129.492
G1 F4800 X108.366 Y119.738 E1322.95297
G0 F12000 X107.432 Y119.737
G1 F4800 X104.355 Y131.22 E1323.34837
G0 F12000 X102.878 Y131.22
G1 F4800 X101.88 Y130.222 E1323.39531
G0 F12000 X101.881 Y120.414
G1 F4800 X104.404 Y119.738 E1323.48219
G0 F12000 X104.404 Y119.958
G0 X118.12 Y126.216
G1 F4800 X116.779 Y131.22 E1323.65449
G0 F12000 X110 Y119.958
G0 X110 Y119.696
;TYPE:SKIN
G1 F2400 X102.16 Y119.696 E1323.91525
G1 X102.16 Y117.284 E1323.99547
G1 X117.84 Y117.284 E1324.51699
G1 X117.84 Y119.696 E1324.59722
G1 X110 Y119.696 E1324.85798
G0 F12000 X110 Y119.958
G0 X117.526 Y119.958
G0 X117.526 Y119.496
G1 F2400 X117.64 Y119.382 E1324.86334
G0 F12000 X117.64 Y118.817
G1 F2400 X116.96 Y119.496 E1324.8953
G0 F12000 X116.395 Y119.496
G1 F2400 X117.64 Y118.251 E1324.95386
G0 F12000 X117.64 Y117.685
G1 F2400 X115.829 Y119.496 E1325.03905
G0 F12000 X115.263 Y119.496
G1 F2400 X117.276 Y117.484 E1325.13371
G0 F12000 X116.71 Y117.484
G1 F2400 X114.698 Y119.496 E1325.22835
G0 F12000 X114.132 Y119.496
G1 F2400 X116.144 Y117.484 E1325.32298
G0 F12000 X115.579 Y117.484
G1 F2400 X113.566 Y119.496 E1325.41765
G0 F12000 X113.001 Y119.496
G1 F2400 X115.013 Y117.484 E1325.51228
G0 F12000 X114.447 Y117.484
G1 F2400 X112.435 Y119.496 E1325.60692
G0 F12000 X111.869 Y119.496
G1 F2400 X113.882 Y117.484 E1325.70158
G0 F12000 X113.316 Y117.484
G1 F2400 X111.304 Y119.496 E1325.79622
G0 F12000 X110.738 Y119.496
G1 F2400 X112.75 Y117.484 E1325.89086
G0 F12000 X112.185 Y117.484
G1 F2400 X110.172 Y119.496 E1325.98552
G0 F12000 X109.607 Y119.496
G1 F2400 X111.619 Y117.484 E1326.08016
G0 F12000 X111.053 Y117.484
G1 F2400 X109.041 Y119.496 E1326.1748
G0 F12000 X108.475 Y119.496
G1 F2400 X110.488 Y117.484 E1326.26946
G0 F12000 X109.922 Y117.484
G1 F2400 X107.909 Y119.496 E1326.36412
G0 F12000 X107.344 Y119.496
G1 F2400 X109.356 Y117.484 E1326.45876
G0 F12000 X108.79 Y117.484
G1 F2400 X106.778 Y119.496 E1326.5534
G0 F12000 X106.212 Y119.496
G1 F2400 X108.225 Y117.484 E1326.64806
G0 F12000 X107.659 Y117.484
G1 F2400 X105.647 Y119.496 E1326.7427
G0 F12000 X105.081 Y119.496
G1 F2400 X107.093 Y117.484 E1326.83734
G0 F12000 X106.528 Y117.484
G1 F2400 X104.515 Y119.496 E1326.932
G0 F12000 X103.95 Y119.496
G1 F2400 X105.962 Y117.484 E1327.02664
G0 F12000 X105.396 Y117.484
G1 F2400 X103.384 Y119.496 E1327.12128
G0 F12000 X102.818 Y119.496
G1 F2400 X104.831 Y117.484 E1327.21594
G0 F12000 X104.265 Y117.484
G1 F2400 X102.36 Y119.389 E1327.30554
G0 F12000 X102.36 Y118.823
G1 F2400 X103.699 Y117.484 E1327.36853
G0 F12000 X103.134 Y117.484
G1 F2400 X102.36 Y118.257 E1327.40491
G0 F12000 X102.36 Y117.692
G1 F2400 X102.568 Y117.484 E1327.41469
G0 F12000 X102.568 Y116.724
G1 F2700 E1322.41469
;MESH:NONMESH
G0 F300 Z5.8
G0 F12000 X109.797 Y115.535
G0 X109.796 Y114.46
G0 X109.798 Y105.54
G0 X109.797 Y102.238
;TIME_ELAPSED:1361.122133
;LAYER:28
;TYPE:WALL-INNER
;MESH:v1.STL(1)
G1 F2700 E1327.41469
G1 F2400 X118.2 Y102.236 E1327.69418
G1 X118.2 Y88.7 E1328.14439
G1 X101.8 Y88.7 E1328.68985
G1 X101.8 Y102.239 E1329.14016
G1 X109.797 Y102.238 E1329.40614
G0 F12000 X109.806 Y102.638
G1 F2400 X118.6 Y102.636 E1329.69863
G1 X118.6 Y88.3 E1330.17545
G1 X101.4 Y88.3 E1330.74752
G1 X101.4 Y102.639 E1331.22444
G1 X109.806 Y102.638 E1331.50403
G0 F12000 X109.815 Y103.038
G1 F2400 X119 Y103.036 E1331.80952
G1 X119 Y87.9 E1332.31295
G1 X101 Y87.9 E1332.91163
G1 X101 Y103.039 E1333.41515
G1 X109.815 Y103.038 E1333.70834
G0 F12000 X109.823 Y103.438
G1 F2400 X119.4 Y103.436 E1334.02687
G1 X119.4 Y87.5 E1334.55691
G1 X100.6 Y87.5 E1335.1822
G1 X100.6 Y103.439 E1335.71233
G1 X109.823 Y103.438 E1336.01909
G0 F12000 X109.83 Y103.838
;TYPE:WALL-OUTER
G1 F2400 X119.8 Y103.836 E1336.35069
G1 X119.8 Y87.1 E1336.90733
G1 X100.2 Y87.1 E1337.55923
G1 X100.2 Y103.839 E1338.11597
G1 X109.83 Y103.838 E1338.43627
G0 F12000 X109.83 Y103.129
G0 X118.282 Y102.318
G0 X118.282 Y99.274
G0 X111.132 Y99.456
G0 X111.132 Y99.676
;TYPE:FILL
G1 F4800 X101.88 Y90.423 E1338.87148
G0 F12000 X101.881 Y91.574
G1 F4800 X112.307 Y88.78 E1339.23049
G0 F12000 X111.55 Y88.78
G1 F4800 X118.12 Y95.35 E1339.53952
G1 X118.119 Y95.505
G1 X102.548 Y99.677 E1340.07568
G0 F12000 X102.548 Y99.456
G0 X104.378 Y99.456
G0 X104.378 Y99.677
G1 F4800 X107.298 Y88.779 E1340.45093
G0 F12000 X105.893 Y88.78
G1 F4800 X116.789 Y99.676 E1340.96345
G1 X116.802 Y99.677
G1 X118.12 Y94.757 E1341.13286
G0 F12000 X118.119 Y91.364
G1 F4800 X101.88 Y95.715 E1341.69202
G0 F12000 X101.88 Y96.08
G1 F4800 X105.476 Y99.676 E1341.86116
G0 F12000 X105.476 Y99.456
G0 X108.519 Y99.456
G0 X108.519 Y99.677
G1 F4800 X111.44 Y88.779 E1342.23643
G0 F12000 X115.58 Y88.78
G1 F4800 X112.66 Y99.677 E1342.61165
G0 F12000 X112.66 Y99.456
G0 X118.028 Y99.528
G0 X118.007 Y99.676
G1 F4800 X118.119 Y99.646 E1342.61551
G0 F12000 X118.12 Y89.693
G1 F4800 X117.207 Y88.78 E1342.65845
G0 F12000 X103.157 Y88.779
G1 F4800 X101.88 Y93.546 E1342.82259
G0 F12000 X101.972 Y102.067
G0 X110 Y102.138
G0 X110 Y101.876
;TYPE:SKIN
G1 F2400 X102.16 Y101.876 E1343.08335
G1 X102.16 Y99.716 E1343.15519
G1 X117.84 Y99.716 E1343.67671
G1 X117.84 Y101.876 E1343.74856
G1 X110 Y101.876 E1344.00931
G0 F12000 X110 Y102.138
G0 X102.807 Y102.139
G0 X102.807 Y101.676
G1 F2400 X102.36 Y101.229 E1344.03034
G0 F12000 X102.36 Y100.663
G1 F2400 X103.373 Y101.676 E1344.07799
G0 F12000 X103.938 Y101.676
G1 F2400 X102.36 Y100.097 E1344.15224
G0 F12000 X102.745 Y99.916
G1 F2400 X104.504 Y101.676 E1344.235
G0 F12000 X105.07 Y101.676
G1 F2400 X103.31 Y99.916 E1344.31778
G0 F12000 X103.876 Y99.916
G1 F2400 X105.635 Y101.676 E1344.40054
G0 F12000 X106.201 Y101.676
G1 F2400 X104.442 Y99.916 E1344.48331
G0 F12000 X105.007 Y99.916
G1 F2400 X106.767 Y101.676 E1344.56609
G0 F12000 X107.332 Y101.676
G1 F2400 X105.573 Y99.916 E1344.64885
G0 F12000 X106.139 Y99.916
G1 F2400 X107.898 Y101.676 E1344.73161
G0 F12000 X108.464 Y101.676
G1 F2400 X106.705 Y99.916 E1344.81438
G0 F12000 X107.27 Y99.916
G1 F2400 X109.03 Y101.676 E1344.89716
G0 F12000 X109.595 Y101.676
G1 F2400 X107.836 Y99.916 E1344.97992
G0 F12000 X108.402 Y99.916
G1 F2400 X110.161 Y101.676 E1345.06268
G0 F12000 X110.727 Y101.676
G1 F2400 X108.967 Y99.916 E1345.14547
G0 F12000 X109.533 Y99.916
G1 F2400 X111.292 Y101.676 E1345.22823
G0 F12000 X111.858 Y101.676
G1 F2400 X110.099 Y99.916 E1345.31099
G0 F12000 X110.664 Y99.916
G1 F2400 X112.424 Y101.676 E1345.39378
G0 F12000 X112.989 Y101.676
G1 F2400 X111.23 Y99.916 E1345.47654
G0 F12000 X111.796 Y99.916
G1 F2400 X113.555 Y101.676 E1345.5593
G0 F12000 X114.121 Y101.676
G1 F2400 X112.361 Y99.916 E1345.64208
G0 F12000 X112.927 Y99.916
G1 F2400 X114.686 Y101.676 E1345.72485
G0 F12000 X115.252 Y101.676
G1 F2400 X113.493 Y99.916 E1345.80761
G0 F12000 X114.058 Y99.916
G1 F2400 X115.818 Y101.676 E1345.89039
G0 F12000 X116.383 Y101.676
G1 F2400 X114.624 Y99.916 E1345.97315
G0 F12000 X115.19 Y99.916
G1 F2400 X116.949 Y101.676 E1346.05592
G0 F12000 X117.515 Y101.676
G1 F2400 X115.756 Y99.916 E1346.13868
G0 F12000 X116.321 Y99.916
G1 F2400 X117.64 Y101.235 E1346.20072
G0 F12000 X117.64 Y100.669
G1 F2400 X116.887 Y99.916 E1346.23614
G0 F12000 X117.453 Y99.916
G1 F2400 X117.64 Y100.104 E1346.24496
G0 F12000 X118.4 Y100.104
G1 F2700 E1341.24496
G0 F12000 X118.028 Y102.064
G0 X113.756 Y102.052
G0 X109.999 Y103.629
G0 X110 Y104.704
G0 X109.998 Y115.296
G0 X109.999 Y116.371
G0 X101.972 Y117.932
G0 X101.972 Y120.472
G0 X110 Y131.3
;TYPE:WALL-INNER
G1 F2700 E1346.24496
G1 F2400 X118.2 Y131.3 E1346.51769
G1 X118.2 Y117.76 E1346.96803
G1 X101.8 Y117.76 E1347.5135
G1 X101.8 Y131.3 E1347.96384
G1 X110 Y131.3 E1348.23657
G0 F12000 X110 Y131.7
G1 F2400 X118.6 Y131.7 E1348.52261
G1 X118.6 Y117.36 E1348.99956
G1 X101.4 Y117.36 E1349.57164
G1 X101.4 Y131.7 E1350.04859
G1 X110 Y131.7 E1350.33462
G0 F12000 X110 Y132.1
G1 F2400 X119 Y132.1 E1350.63396
G1 X119 Y116.96 E1351.13752
G1 X101 Y116.96 E1351.7362
G1 X101 Y132.1 E1352.23976
G1 X110 Y132.1 E1352.5391
G0 F12000 X110 Y132.5
G1 F2400 X119.4 Y132.5 E1352.85175
G1 X119.4 Y116.56 E1353.38192
G1 X100.6 Y116.56 E1354.00721
G1 X100.6 Y132.5 E1354.53737
G1 X110 Y132.5 E1354.85002
G0 F12000 X110 Y132.9
;TYPE:WALL-OUTER
G1 F2400 X119.8 Y132.9 E1355.17597
G1 X119.8 Y116.16 E1355.73274
G1 X100.2 Y116.16 E1356.38464
G1 X100.2 Y132.9 E1356.94142
G1 X110 Y132.9 E1357.26737
G0 F12000 X110 Y132.19
G0 X108.735 Y131.22
;TYPE:FILL
G1 F4800 X101.88 Y124.365 E1357.5898
G1 X101.88 Y124.454
G1 X102.987 Y120.324 E1357.73202
G0 F12000 X102.765 Y120.324
G1 F4800 X101.88 Y120.562 E1357.7625
G0 F12000 X103.496 Y120.544
G0 X103.496 Y120.324
G1 F4800 X114.392 Y131.22 E1358.27501
G0 F12000 X112.491 Y131.22
G1 F4800 X115.411 Y120.322 E1358.65027
G0 F12000 X114.81 Y120.324
G1 F4800 X118.12 Y123.634 E1358.80596
G0 F12000 X118.12 Y124.492
G1 F4800 X101.88 Y128.844 E1359.36516
G0 F12000 X101.88 Y130.021
G1 F4800 X103.078 Y131.22 E1359.42154
G0 F12000 X104.208 Y131.22
G1 F4800 X107.128 Y120.324 E1359.79673
G0 F12000 X107.128 Y120.544
G0 X109.153 Y120.544
G0 X109.153 Y120.324
G1 F4800 X118.12 Y129.291 E1360.21851
G0 F12000 X118.12 Y128.633
G1 F4800 X108.467 Y131.22 E1360.5509
G1 X108.35 Y131.22
G1 X111.27 Y120.323 E1360.92612
G0 F12000 X111.27 Y120.544
G0 X118.028 Y120.471
G0 X118.119 Y120.351
G1 F4800 X101.88 Y124.703 E1361.48529
G0 F12000 X116.632 Y131.221
G1 F4800 X118.12 Y125.668 E1361.6765
G0 F12000 X110 Y120.544
G0 X110 Y120.282
;TYPE:SKIN
G1 F2400 X102.16 Y120.284 E1361.93726
G1 X102.16 Y118.12 E1362.00923
G1 X117.84 Y118.12 E1362.53075
G1 X117.84 Y120.28 E1362.60259
G1 X110 Y120.282 E1362.86335
G0 F12000 X110 Y120.544
G0 X102.547 Y120.544
G0 X102.547 Y120.084
G1 F2400 X102.36 Y119.896 E1362.87217
G0 F12000 X102.36 Y119.331
G1 F2400 X103.113 Y120.084 E1362.90759
G0 F12000 X103.679 Y120.084
G1 F2400 X102.36 Y118.765 E1362.96963
G0 F12000 X102.481 Y118.32
G1 F2400 X104.245 Y120.084 E1363.05261
G0 F12000 X104.809 Y120.083
G1 F2400 X103.047 Y118.32 E1363.13551
G0 F12000 X103.612 Y118.32
G1 F2400 X105.375 Y120.083 E1363.21844
G0 F12000 X105.941 Y120.083
G1 F2400 X104.178 Y118.32 E1363.30136
G0 F12000 X104.744 Y118.32
G1 F2400 X106.507 Y120.083 E1363.38429
G0 F12000 X107.072 Y120.082
G1 F2400 X105.309 Y118.32 E1363.46719
G0 F12000 X105.875 Y118.32
G1 F2400 X107.637 Y120.082 E1363.55007
G0 F12000 X108.203 Y120.082
G1 F2400 X106.441 Y118.32 E1363.63295
G0 F12000 X107.006 Y118.32
G1 F2400 X108.769 Y120.082 E1363.71585
G0 F12000 X109.334 Y120.082
G1 F2400 X107.572 Y118.32 E1363.79873
G0 F12000 X108.138 Y118.32
G1 F2400 X109.899 Y120.082 E1363.88159
G0 F12000 X110.465 Y120.082
G1 F2400 X108.704 Y118.32 E1363.96444
G0 F12000 X109.269 Y118.32
G1 F2400 X111.031 Y120.082 E1364.04732
G0 F12000 X111.596 Y120.081
G1 F2400 X109.835 Y118.32 E1364.13015
G0 F12000 X110.401 Y118.32
G1 F2400 X112.161 Y120.081 E1364.21296
G0 F12000 X112.727 Y120.081
G1 F2400 X110.966 Y118.32 E1364.29579
G0 F12000 X111.532 Y118.32
G1 F2400 X113.292 Y120.08 E1364.37858
G0 F12000 X113.858 Y120.08
G1 F2400 X112.098 Y118.32 E1364.46136
G0 F12000 X112.663 Y118.32
G1 F2400 X114.423 Y120.08 E1364.54415
G0 F12000 X114.989 Y120.08
G1 F2400 X113.229 Y118.32 E1364.62693
G0 F12000 X113.795 Y118.32
G1 F2400 X115.554 Y120.079 E1364.70967
G0 F12000 X116.12 Y120.079
G1 F2400 X114.36 Y118.32 E1364.79243
G0 F12000 X114.926 Y118.32
G1 F2400 X116.685 Y120.079 E1364.87517
G0 F12000 X117.251 Y120.079
G1 F2400 X115.492 Y118.32 E1364.95791
G0 F12000 X116.057 Y118.32
G1 F2400 X117.64 Y119.903 E1365.03237
G0 F12000 X117.64 Y119.337
G1 F2400 X116.623 Y118.32 E1365.0802
G0 F12000 X117.189 Y118.32
G1 F2400 X117.64 Y118.771 E1365.10142
G0 F12000 X118.4 Y118.771
G1 F2700 E1360.10142
;MESH:NONMESH
G0 F300 Z6
G0 F12000 X118.028 Y117.932
G0 X110 Y116.371
G0 X109.999 Y115.296
G0 X110.001 Y104.704
G0 X110 Y103.629
G0 X110 Y102.138
G0 X110 Y101.512
;TIME_ELAPSED:1407.030424
;LAYER:29
;TYPE:WALL-INNER
;MESH:v1.STL(1)
G1 F2700 E1365.10142
G1 F2400 X118.2 Y101.512 E1365.37415
G1 X118.2 Y88.7 E1365.80028
G1 X101.8 Y88.7 E1366.34575
G1 X101.8 Y101.512 E1366.77188
G1 X110 Y101.512 E1367.04461
G0 F12000 X110 Y101.912
G1 F2400 X118.6 Y101.912 E1367.33065
G1 X118.6 Y88.3 E1367.78338
G1 X101.4 Y88.3 E1368.35546
G1 X101.4 Y101.912 E1368.80819
G1 X110 Y101.912 E1369.09423
G0 F12000 X110 Y102.312
G1 F2400 X119 Y102.312 E1369.39357
G1 X119 Y87.9 E1369.87292
G1 X101 Y87.9 E1370.4716
G1 X101 Y102.312 E1370.95095
G1 X110 Y102.312 E1371.25029
G0 F12000 X110 Y102.712
G1 F2400 X119.4 Y102.712 E1371.56293
G1 X119.4 Y87.5 E1372.06888
G1 X100.6 Y87.5 E1372.69418
G1 X100.6 Y102.712 E1373.20013
G1 X110 Y102.712 E1373.51277
G0 F12000 X110 Y103.112
;TYPE:WALL-OUTER
G1 F2400 X119.8 Y103.112 E1373.83872
G1 X119.8 Y87.1 E1374.37128
G1 X100.2 Y87.1 E1375.02318
G1 X100.2 Y103.112 E1375.55574
G1 X110 Y103.112 E1375.88169
G0 F12000 X110 Y102.404
G0 X118.282 Y101.594
G0 X118.282 Y98.822
G0 X110.88 Y99.004
G0 X110.88 Y99.224
;TYPE:FILL
G1 F4800 X101.88 Y90.224 E1376.30503
G0 F12000 X101.88 Y91.72
G1 F4800 X112.851 Y88.78 E1376.6828
G0 F12000 X111.75 Y88.78
G1 F4800 X118.12 Y95.15 E1376.98242
G0 F12000 X118.119 Y95.651
G1 F4800 X104.781 Y99.225 E1377.4417
G0 F12000 X104.353 Y99.226
G1 F4800 X107.152 Y88.779 E1377.80142
G0 F12000 X106.093 Y88.78
G1 F4800 X116.537 Y99.224 E1378.29267
G0 F12000 X116.777 Y99.224
G1 F4800 X118.12 Y94.213 E1378.46522
G0 F12000 X118.119 Y91.51
G1 F4800 X101.88 Y95.861 E1379.02439
G1 X101.88 Y95.881
G1 X105.224 Y99.225 E1379.18168
G0 F12000 X105.224 Y99.004
G0 X108.494 Y99.004
G0 X108.494 Y99.225
G1 F4800 X111.294 Y88.779 E1379.54138
G0 F12000 X115.434 Y88.78
G1 F4800 X112.636 Y99.224 E1379.901
G0 F12000 X112.636 Y99.004
G0 X118.12 Y89.494
G1 F4800 X117.407 Y88.78 E1379.93456
G0 F12000 X103.011 Y88.779
G1 F4800 X101.88 Y93.001 E1380.07993
G0 F12000 X101.972 Y101.34
G0 X110 Y101.412
G0 X110 Y101.152
;TYPE:SKIN
G1 F2400 X102.16 Y101.152 E1380.34069
G1 X102.16 Y99.264 E1380.40349
G1 X117.84 Y99.264 E1380.92501
G1 X117.84 Y101.152 E1380.9878
G1 X110 Y101.152 E1381.24856
G0 F12000 X110 Y101.412
G0 X118.028 Y101.34
G0 X118.1 Y100.715
G0 X117.64 Y100.715
G1 F2400 X117.402 Y100.952 E1381.25973
G0 F12000 X116.837 Y100.952
G1 F2400 X117.64 Y100.149 E1381.2975
G0 F12000 X117.64 Y99.583
G1 F2400 X116.271 Y100.952 E1381.3619
G0 F12000 X115.705 Y100.952
G1 F2400 X117.194 Y99.464 E1381.43191
G0 F12000 X116.628 Y99.464
G1 F2400 X115.14 Y100.952 E1381.5019
G0 F12000 X114.574 Y100.952
G1 F2400 X116.062 Y99.464 E1381.57189
G0 F12000 X115.497 Y99.464
G1 F2400 X114.008 Y100.952 E1381.64191
G0 F12000 X113.443 Y100.952
G1 F2400 X114.931 Y99.464 E1381.7119
G0 F12000 X114.365 Y99.464
G1 F2400 X112.877 Y100.952 E1381.78189
G0 F12000 X112.311 Y100.952
G1 F2400 X113.8 Y99.464 E1381.8519
G0 F12000 X113.234 Y99.464
G1 F2400 X111.745 Y100.952 E1381.92192
G0 F12000 X111.18 Y100.952
G1 F2400 X112.668 Y99.464 E1381.99191
G0 F12000 X112.103 Y99.464
G1 F2400 X110.614 Y100.952 E1382.06192
G0 F12000 X110.048 Y100.952
G1 F2400 X111.537 Y99.464 E1382.13194
G0 F12000 X110.971 Y99.464
G1 F2400 X109.483 Y100.952 E1382.20193
G0 F12000 X108.917 Y100.952
G1 F2400 X110.406 Y99.464 E1382.27194
G0 F12000 X109.84 Y99.464
G1 F2400 X108.351 Y100.952 E1382.34196
G0 F12000 X107.786 Y100.952
G1 F2400 X109.274 Y99.464 E1382.41195
G0 F12000 X108.708 Y99.464
G1 F2400 X107.22 Y100.952 E1382.48194
G0 F12000 X106.654 Y100.952
G1 F2400 X108.143 Y99.464 E1382.55195
G0 F12000 X107.577 Y99.464
G1 F2400 X106.089 Y100.952 E1382.62194
G0 F12000 X105.523 Y100.952
G1 F2400 X107.011 Y99.464 E1382.69194
G0 F12000 X106.446 Y99.464
G1 F2400 X104.957 Y100.952 E1382.76195
G0 F12000 X104.392 Y100.952
G1 F2400 X105.88 Y99.464 E1382.83194
G0 F12000 X105.314 Y99.464
G1 F2400 X103.826 Y100.952 E1382.90193
G0 F12000 X103.26 Y100.952
G1 F2400 X104.749 Y99.464 E1382.97195
G0 F12000 X104.183 Y99.464
G1 F2400 X102.695 Y100.952 E1383.04194
G0 F12000 X102.36 Y100.721
G1 F2400 X103.617 Y99.464 E1383.10106
G0 F12000 X103.052 Y99.464
G1 F2400 X102.36 Y100.155 E1383.13359
G0 F12000 X102.36 Y99.59
G1 F2400 X102.486 Y99.464 E1383.13952
G0 F12000 X102.486 Y98.704
G1 F2700 E1378.13952
G0 F12000 X101.972 Y99.077
G0 X101.972 Y101.34
G0 X109.999 Y102.904
G0 X110 Y103.979
G0 X109.998 Y116.021
G0 X109.999 Y117.096
G0 X101.972 Y118.656
G0 X101.972 Y120.924
G0 X110 Y131.3
;TYPE:WALL-INNER
G1 F2700 E1383.13952
G1 F2400 X118.2 Y131.3 E1383.41225
G1 X118.2 Y118.484 E1383.83851
G1 X101.8 Y118.484 E1384.38398
G1 X101.8 Y131.3 E1384.81024
G1 X110 Y131.3 E1385.08297
G0 F12000 X110 Y131.7
G1 F2400 X118.6 Y131.7 E1385.36901
G1 X118.6 Y118.084 E1385.82188
G1 X101.4 Y118.084 E1386.39395
G1 X101.4 Y131.7 E1386.84682
G1 X110 Y131.7 E1387.13286
G0 F12000 X110 Y132.1
G1 F2400 X119 Y132.1 E1387.4322
G1 X119 Y117.684 E1387.91168
G1 X101 Y117.684 E1388.51036
G1 X101 Y132.1 E1388.98984
G1 X110 Y132.1 E1389.28918
G0 F12000 X110 Y132.5
G1 F2400 X119.4 Y132.5 E1389.60183
G1 X119.4 Y117.284 E1390.10791
G1 X100.6 Y117.284 E1390.7332
G1 X100.6 Y132.5 E1391.23929
G1 X110 Y132.5 E1391.55194
G0 F12000 X110 Y132.9
;TYPE:WALL-OUTER
G1 F2400 X119.8 Y132.9 E1391.87788
G1 X119.8 Y116.884 E1392.41058
G1 X100.2 Y116.884 E1393.06248
G1 X100.2 Y132.9 E1393.59517
G1 X110 Y132.9 E1393.92112
G0 F12000 X110 Y132.19
G0 X109.012 Y131.22
;TYPE:FILL
G1 F4800 X118.119 Y128.78 E1394.2347
G0 F12000 X118.12 Y129.092
G1 F4800 X109.804 Y120.776 E1394.62586
G0 F12000 X109.804 Y120.996
G0 X111.002 Y120.996
G0 X111.002 Y120.775
G1 F4800 X108.204 Y131.22 E1394.98551
G0 F12000 X108.935 Y131.22
G1 F4800 X101.88 Y124.165 E1395.31736
G0 F12000 X101.881 Y123.909
G1 F4800 X102.72 Y120.775 E1395.42527
G0 F12000 X102.72 Y120.996
G0 X104.148 Y120.996
G0 X104.148 Y120.776
G1 F4800 X114.592 Y131.22 E1395.91652
G0 F12000 X116.486 Y131.22
G1 F4800 X118.12 Y125.123 E1396.12646
G0 F12000 X118.12 Y124.638
G1 F4800 X101.88 Y128.99 E1396.68567
G0 F12000 X101.88 Y129.822
G1 F4800 X103.278 Y131.22 E1396.75143
G0 F12000 X104.062 Y131.221
G1 F4800 X106.861 Y120.775 E1397.11112
G0 F12000 X106.861 Y120.996
G0 X101.88 Y124.849
G1 F4800 X117.084 Y120.775 E1397.63464
G0 F12000 X117.084 Y120.996
G0 X115.461 Y120.996
G0 X115.461 Y120.775
G1 F4800 X118.12 Y123.435 E1397.75974
G0 F12000 X115.144 Y120.996
G0 X115.144 Y120.775
G1 F4800 X112.345 Y131.22 E1398.1194
G0 F12000 X110 Y120.996
G0 X110 Y120.734
;TYPE:SKIN
G1 F2400 X102.16 Y120.736 E1398.38016
G1 X102.16 Y118.844 E1398.44309
G1 X117.84 Y118.844 E1398.9646
G1 X117.84 Y120.732 E1399.0274
G1 X110 Y120.734 E1399.28816
G0 F12000 X110 Y120.996
G0 X117.055 Y120.996
G0 X117.055 Y120.533
G1 F2400 X117.64 Y119.948 E1399.31568
G0 F12000 X117.64 Y119.382
G1 F2400 X116.489 Y120.533 E1399.36982
G0 F12000 X115.924 Y120.533
G1 F2400 X117.413 Y119.044 E1399.43985
G0 F12000 X116.847 Y119.044
G1 F2400 X115.358 Y120.533 E1399.50989
G0 F12000 X114.792 Y120.533
G1 F2400 X116.282 Y119.044 E1399.57995
G0 F12000 X115.716 Y119.044
G1 F2400 X114.226 Y120.533 E1399.65001
G0 F12000 X113.66 Y120.533
G1 F2400 X115.15 Y119.044 E1399.72008
G0 F12000 X114.585 Y119.044
G1 F2400 X113.095 Y120.533 E1399.79014
G0 F12000 X112.529 Y120.533
G1 F2400 X114.019 Y119.044 E1399.8602
G0 F12000 X113.453 Y119.044
G1 F2400 X111.963 Y120.533 E1399.93026
G0 F12000 X111.397 Y120.534
G1 F2400 X112.887 Y119.044 E1400.00035
G0 F12000 X112.322 Y119.044
G1 F2400 X110.831 Y120.534 E1400.07045
G0 F12000 X110.266 Y120.534
G1 F2400 X111.756 Y119.044 E1400.14054
G0 F12000 X111.19 Y119.044
G1 F2400 X109.7 Y120.534 E1400.21062
G0 F12000 X109.134 Y120.534
G1 F2400 X110.625 Y119.044 E1400.28073
G0 F12000 X110.059 Y119.044
G1 F2400 X108.568 Y120.534 E1400.35084
G0 F12000 X108.002 Y120.535
G1 F2400 X109.493 Y119.044 E1400.42097
G0 F12000 X108.928 Y119.044
G1 F2400 X107.436 Y120.535 E1400.49113
G0 F12000 X106.871 Y120.535
G1 F2400 X108.362 Y119.044 E1400.56126
G0 F12000 X107.796 Y119.044
G1 F2400 X106.305 Y120.535 E1400.63139
G0 F12000 X105.739 Y120.535
G1 F2400 X107.231 Y119.044 E1400.70155
G0 F12000 X106.665 Y119.044
G1 F2400 X105.173 Y120.536 E1400.77173
G0 F12000 X104.607 Y120.536
G1 F2400 X106.099 Y119.044 E1400.84191
G0 F12000 X105.534 Y119.044
G1 F2400 X104.042 Y120.536 E1400.91209
G0 F12000 X103.476 Y120.536
G1 F2400 X104.968 Y119.044 E1400.98227
G0 F12000 X104.402 Y119.044
G1 F2400 X102.91 Y120.536 E1401.05244
G0 F12000 X102.36 Y120.52
G1 F2400 X103.837 Y119.044 E1401.12189
G0 F12000 X103.271 Y119.044
G1 F2400 X102.36 Y119.954 E1401.16472
G0 F12000 X102.36 Y119.389
G1 F2400 X102.705 Y119.044 E1401.18095
G0 F12000 X102.705 Y118.284
G1 F2700 E1396.18095
;MESH:NONMESH
G0 F300 Z6.2
G0 F12000 X110 Y117.096
G0 X109.999 Y116.021
G0 X110.001 Y103.979
G0 X110 Y102.904
G0 X110 Y101.412
G0 X110 Y100.928
;TIME_ELAPSED:1451.170643
;LAYER:30
;TYPE:WALL-INNER
;MESH:v1.STL(1)
G1 F2700 E1401.18095
G1 F2400 X118.2 Y100.928 E1401.45368
G1 X118.2 Y88.7 E1401.86039
G1 X101.8 Y88.7 E1402.40585
G1 X101.8 Y100.928 E1402.81256
G1 X110 Y100.928 E1403.08529
G0 F12000 X110 Y101.328
G1 F2400 X118.6 Y101.328 E1403.37133
G1 X118.6 Y88.3 E1403.80464
G1 X101.4 Y88.3 E1404.37672
G1 X101.4 Y101.328 E1404.81003
G1 X110 Y101.328 E1405.09607
G0 F12000 X110 Y101.728
G1 F2400 X119 Y101.728 E1405.39541
G1 X119 Y87.9 E1405.85533
G1 X101 Y87.9 E1406.45401
G1 X101 Y101.728 E1406.91393
G1 X110 Y101.728 E1407.21327
G0 F12000 X110 Y102.128
G1 F2400 X119.4 Y102.128 E1407.52592
G1 X119.4 Y87.5 E1408.01245
G1 X100.6 Y87.5 E1408.63774
G1 X100.6 Y102.128 E1409.12427
G1 X110 Y102.128 E1409.43691
G0 F12000 X110 Y102.528
;TYPE:WALL-OUTER
G1 F2400 X119.8 Y102.528 E1409.76286
G1 X119.8 Y87.1 E1410.276
G1 X100.2 Y87.1 E1410.9279
G1 X100.2 Y102.528 E1411.44104
G1 X110 Y102.528 E1411.76698
G0 F12000 X110 Y101.818
G0 X118.282 Y101.01
G0 X118.282 Y98.377
G0 X110.636 Y98.559
G0 X110.636 Y98.779
;TYPE:FILL
G1 F4800 X101.88 Y90.023 E1412.17884
G0 F12000 X102.864 Y88.779
G1 F4800 X101.88 Y92.453 E1412.30534
G0 F12000 X101.88 Y91.867
G1 F4800 X113.4 Y88.78 E1412.70202
G0 F12000 X111.951 Y88.78
G1 F4800 X118.12 Y94.95 E1412.99221
G0 F12000 X118.119 Y95.798
G1 F4800 X106.989 Y98.78 E1413.37546
G0 F12000 X106.989 Y98.559
G0 X108.467 Y98.559
G0 X108.467 Y98.78
G1 F4800 X111.147 Y88.779 E1413.71983
G0 F12000 X115.287 Y88.78
G1 F4800 X112.608 Y98.78 E1414.06416
G0 F12000 X112.608 Y98.559
G0 X116.293 Y98.559
G0 X116.293 Y98.779
G1 F4800 X106.294 Y88.78 E1414.53448
G0 F12000 X107.005 Y88.779
G1 F4800 X104.326 Y98.78 E1414.87884
G0 F12000 X104.979 Y98.779
G1 F4800 X101.88 Y95.68 E1415.02461
G0 F12000 X101.88 Y96.008
G1 F4800 X118.119 Y91.657 E1415.58377
G0 F12000 X118.12 Y93.664
G1 F4800 X116.749 Y98.779 E1415.7599
G0 F12000 X116.749 Y98.559
G0 X118.12 Y89.293
G1 F4800 X117.607 Y88.78 E1415.78403
G0 F12000 X118.028 Y98.631
G0 X118.028 Y100.756
G0 X110 Y100.828
G0 X110 Y100.568
;TYPE:SKIN
G1 F2400 X102.16 Y100.568 E1416.04479
G1 X102.16 Y98.82 E1416.10293
G1 X117.84 Y98.816 E1416.62445
G1 X117.84 Y100.568 E1416.68272
G1 X110 Y100.568 E1416.94348
G0 F12000 X110 Y100.828
G0 X102.63 Y100.828
G0 X102.63 Y100.367
G1 F2400 X102.36 Y100.097 E1416.95618
G0 F12000 X102.36 Y99.532
G1 F2400 X103.196 Y100.367 E1416.99548
G0 F12000 X103.762 Y100.367
G1 F2400 X102.414 Y99.02 E1417.05886
G0 F12000 X102.979 Y99.02
G1 F2400 X104.327 Y100.367 E1417.12224
G0 F12000 X104.893 Y100.367
G1 F2400 X103.545 Y99.02 E1417.18563
G0 F12000 X104.111 Y99.02
G1 F2400 X105.459 Y100.367 E1417.24901
G0 F12000 X106.024 Y100.367
G1 F2400 X104.677 Y99.02 E1417.31237
G0 F12000 X105.242 Y99.02
G1 F2400 X106.59 Y100.367 E1417.37575
G0 F12000 X107.156 Y100.367
G1 F2400 X105.807 Y99.019 E1417.43918
G0 F12000 X106.373 Y99.019
G1 F2400 X107.721 Y100.367 E1417.50258
G0 F12000 X108.287 Y100.367
G1 F2400 X106.939 Y99.019 E1417.56599
G0 F12000 X107.504 Y99.019
G1 F2400 X108.853 Y100.367 E1417.62942
G0 F12000 X109.418 Y100.367
G1 F2400 X108.07 Y99.019 E1417.69283
G0 F12000 X108.635 Y99.018
G1 F2400 X109.984 Y100.367 E1417.75628
G0 F12000 X110.55 Y100.367
G1 F2400 X109.201 Y99.018 E1417.81973
G0 F12000 X109.766 Y99.018
G1 F2400 X111.115 Y100.367 E1417.88318
G0 F12000 X111.681 Y100.367
G1 F2400 X110.332 Y99.018 E1417.94664
G0 F12000 X110.898 Y99.018
G1 F2400 X112.247 Y100.367 E1418.01009
G0 F12000 X112.813 Y100.367
G1 F2400 X111.463 Y99.018 E1418.07357
G0 F12000 X112.028 Y99.018
G1 F2400 X113.378 Y100.367 E1418.13704
G0 F12000 X113.944 Y100.367
G1 F2400 X112.594 Y99.018 E1418.20052
G0 F12000 X113.16 Y99.018
G1 F2400 X114.51 Y100.367 E1418.264
G0 F12000 X115.075 Y100.367
G1 F2400 X113.725 Y99.018 E1418.32747
G0 F12000 X114.291 Y99.018
G1 F2400 X115.641 Y100.367 E1418.39095
G0 F12000 X116.207 Y100.367
G1 F2400 X114.856 Y99.017 E1418.45447
G0 F12000 X115.422 Y99.017
G1 F2400 X116.772 Y100.367 E1418.51797
G0 F12000 X117.338 Y100.367
G1 F2400 X115.987 Y99.017 E1418.58149
G0 F12000 X116.553 Y99.017
G1 F2400 X117.64 Y100.104 E1418.63262
G0 F12000 X117.64 Y99.538
G1 F2400 X117.119 Y99.017 E1418.65713
G0 F12000 X117.119 Y98.259
G1 F2700 E1413.65713
G0 F12000 X118.028 Y98.631
G0 X118.028 Y100.756
G0 X109.999 Y102.318
G0 X110 Y103.393
G0 X109.998 Y116.607
G0 X109.999 Y117.682
G0 X101.972 Y119.244
G0 X101.972 Y121.369
G0 X110 Y131.3
;TYPE:WALL-INNER
G1 F2700 E1418.65713
G1 F2400 X118.2 Y131.3 E1418.92986
G1 X118.2 Y119.069 E1419.33667
G1 X101.8 Y119.072 E1419.88213
G1 X101.8 Y131.3 E1420.28884
G1 X110 Y131.3 E1420.56157
G0 F12000 X110 Y131.7
G1 F2400 X118.6 Y131.7 E1420.84761
G1 X118.6 Y118.669 E1421.28102
G1 X101.4 Y118.672 E1421.8531
G1 X101.4 Y131.7 E1422.28641
G1 X110 Y131.7 E1422.57245
G0 F12000 X110 Y132.1
G1 F2400 X119 Y132.1 E1422.87179
G1 X119 Y118.269 E1423.33181
G1 X101 Y118.272 E1423.93049
G1 X101 Y132.1 E1424.39041
G1 X110 Y132.1 E1424.68975
G0 F12000 X110 Y132.5
G1 F2400 X119.4 Y132.5 E1425.0024
G1 X119.4 Y117.869 E1425.48903
G1 X100.6 Y117.872 E1426.11432
G1 X100.6 Y132.5 E1426.60085
G1 X110 Y132.5 E1426.91349
G0 F12000 X110 Y132.9
;TYPE:WALL-OUTER
G1 F2400 X119.8 Y132.9 E1427.23944
G1 X119.8 Y117.469 E1427.75268
G1 X100.2 Y117.472 E1428.40458
G1 X100.2 Y132.9 E1428.91772
G1 X110 Y132.9 E1429.24366
G0 F12000 X110 Y132.19
G0 X109.56 Y131.22
;TYPE:FILL
G1 F4800 X118.119 Y128.926 E1429.53839
G1 X118.12 Y128.891
G1 X110.45 Y121.221 E1429.89916
G0 F12000 X110.736 Y121.22
G1 F4800 X108.057 Y131.22 E1430.24349
G0 F12000 X109.136 Y131.22
G1 F4800 X101.88 Y123.964 E1430.58479
G0 F12000 X101.88 Y123.361
G1 F4800 X102.454 Y121.22 E1430.65851
G0 F12000 X102.454 Y121.441
G0 X104.793 Y121.441
G0 X104.793 Y121.221
G1 F4800 X114.792 Y131.22 E1431.12884
G0 F12000 X116.339 Y131.22
G1 F4800 X118.12 Y124.574 E1431.35768
G0 F12000 X118.12 Y124.785
G1 F4800 X101.881 Y129.137 E1431.91685
G0 F12000 X101.88 Y129.621
G1 F4800 X103.479 Y131.22 E1431.99207
G0 F12000 X103.915 Y131.221
G1 F4800 X106.595 Y121.22 E1432.33644
G0 F12000 X106.595 Y121.441
G0 X101.881 Y124.995
G1 F4800 X115.972 Y121.22 E1432.82163
G1 X116.107 Y121.221
G1 X118.12 Y123.234 E1432.91632
G0 F12000 X114.877 Y121.441
G0 X114.877 Y121.22
G1 F4800 X112.198 Y131.22 E1433.26065
G0 F12000 X110 Y121.441
G0 X110 Y121.18
;TYPE:SKIN
G1 F2400 X102.16 Y121.18 E1433.52141
G1 X102.16 Y119.432 E1433.57955
G1 X117.84 Y119.428 E1434.10106
G1 X117.84 Y121.18 E1434.15934
G1 X110 Y121.18 E1434.4201
G0 F12000 X110 Y121.441
G0 X102.878 Y121.441
G0 X102.878 Y120.98
G1 F2400 X102.36 Y120.462 E1434.44446
G0 F12000 X102.36 Y119.896
G1 F2400 X103.443 Y120.98 E1434.49543
G0 F12000 X104.009 Y120.98
G1 F2400 X102.661 Y119.632 E1434.55883
G0 F12000 X103.227 Y119.632
G1 F2400 X104.575 Y120.98 E1434.62224
G0 F12000 X105.14 Y120.98
G1 F2400 X103.793 Y119.632 E1434.68562
G0 F12000 X104.358 Y119.632
G1 F2400 X105.706 Y120.98 E1434.74902
G0 F12000 X106.272 Y120.98
G1 F2400 X104.924 Y119.632 E1434.81243
G0 F12000 X105.489 Y119.631
G1 F2400 X106.837 Y120.98 E1434.87586
G0 F12000 X107.403 Y120.98
G1 F2400 X106.055 Y119.631 E1434.93929
G0 F12000 X106.62 Y119.631
G1 F2400 X107.969 Y120.98 E1435.00274
G0 F12000 X108.535 Y120.98
G1 F2400 X107.186 Y119.631 E1435.06619
G0 F12000 X107.752 Y119.631
G1 F2400 X109.1 Y120.98 E1435.12962
G0 F12000 X109.666 Y120.98
G1 F2400 X108.317 Y119.631 E1435.19308
G0 F12000 X108.882 Y119.63
G1 F2400 X110.232 Y120.98 E1435.25658
G0 F12000 X110.797 Y120.98
G1 F2400 X109.448 Y119.63 E1435.32005
G0 F12000 X110.014 Y119.63
G1 F2400 X111.363 Y120.98 E1435.38353
G0 F12000 X111.929 Y120.98
G1 F2400 X110.579 Y119.63 E1435.44703
G0 F12000 X111.145 Y119.63
G1 F2400 X112.494 Y120.98 E1435.51051
G0 F12000 X113.06 Y120.98
G1 F2400 X111.71 Y119.63 E1435.57401
G0 F12000 X112.276 Y119.63
G1 F2400 X113.626 Y120.98 E1435.63751
G0 F12000 X114.191 Y120.98
G1 F2400 X112.842 Y119.63 E1435.70098
G0 F12000 X113.407 Y119.63
G1 F2400 X114.757 Y120.98 E1435.76448
G0 F12000 X115.323 Y120.98
G1 F2400 X113.973 Y119.63 E1435.82798
G0 F12000 X114.539 Y119.63
G1 F2400 X115.888 Y120.98 E1435.89146
G0 F12000 X116.454 Y120.98
G1 F2400 X115.104 Y119.629 E1435.95498
G0 F12000 X115.669 Y119.629
G1 F2400 X117.02 Y120.98 E1436.01853
G0 F12000 X117.585 Y120.98
G1 F2400 X116.235 Y119.629 E1436.08205
G0 F12000 X116.801 Y119.629
G1 F2400 X117.64 Y120.468 E1436.12152
G0 F12000 X117.64 Y119.903
G1 F2400 X117.366 Y119.629 E1436.1344
G0 F12000 X117.366 Y118.869
G1 F2700 E1431.1344
;MESH:NONMESH
G0 F300 Z6.4
G0 F12000 X110 Y117.682
G0 X109.999 Y116.607
G0 X110.001 Y103.393
G0 X110 Y102.318
G0 X110 Y100.828
G0 X110 Y100.34
;TIME_ELAPSED:1494.103043
;LAYER:31
;TYPE:WALL-INNER
;MESH:v1.STL(1)
G1 F2700 E1436.1344
G1 F2400 X118.2 Y100.34 E1436.40714
G1 X118.2 Y88.7 E1436.79428
G1 X101.8 Y88.7 E1437.33975
G1 X101.8 Y100.34 E1437.7269
G1 X110 Y100.34 E1437.99963
G0 F12000 X110 Y100.74
G1 F2400 X118.6 Y100.74 E1438.28567
G1 X118.6 Y88.3 E1438.69943
G1 X101.4 Y88.3 E1439.2715
G1 X101.4 Y100.74 E1439.68526
G1 X110 Y100.74 E1439.97129
G0 F12000 X110 Y101.14
G1 F2400 X119 Y101.14 E1440.27063
G1 X119 Y87.9 E1440.711
G1 X101 Y87.9 E1441.30968
G1 X101 Y101.14 E1441.75004
G1 X110 Y101.14 E1442.04939
G0 F12000 X110 Y101.54
G1 F2400 X119.4 Y101.54 E1442.36203
G1 X119.4 Y87.5 E1442.829
G1 X100.6 Y87.5 E1443.45429
G1 X100.6 Y101.54 E1443.92127
G1 X110 Y101.54 E1444.23391
G0 F12000 X110 Y101.94
;TYPE:WALL-OUTER
G1 F2400 X119.8 Y101.94 E1444.55986
G1 X119.8 Y87.1 E1445.05344
G1 X100.2 Y87.1 E1445.70534
G1 X100.2 Y101.94 E1446.19892
G1 X110 Y101.94 E1446.52487
G0 F12000 X110 Y101.232
G0 X112.065 Y100.26
;TYPE:FILL
G1 F4800 X115.142 Y88.779 E1446.92021
G0 F12000 X113.945 Y88.78
G1 F4800 X101.88 Y92.013 E1447.33565
G1 X101.88 Y91.908
G1 X102.718 Y88.779 E1447.44339
G0 F12000 X101.88 Y89.824
G1 F4800 X112.316 Y100.26 E1447.93426
G0 F12000 X116.206 Y100.261
G1 F4800 X118.12 Y93.12 E1448.18016
G0 F12000 X118.119 Y91.803
G1 F4800 X101.88 Y96.154 E1448.73932
G0 F12000 X101.88 Y95.481
G1 F4800 X106.659 Y100.26 E1448.96411
G0 F12000 X107.924 Y100.26
G1 F4800 X111.001 Y88.779 E1449.35944
G0 F12000 X112.15 Y88.78
G1 F4800 X118.12 Y94.75 E1449.64026
G0 F12000 X118.12 Y95.944
G1 F4800 X102.01 Y100.26 E1450.19497
G0 F12000 X103.783 Y100.26
G1 F4800 X106.859 Y88.779 E1450.5903
G0 F12000 X106.493 Y88.78
G1 F4800 X117.973 Y100.26 E1451.13028
G0 F12000 X118.12 Y100.085
G1 F4800 X117.467 Y100.26 E1451.15277
G0 F12000 X118.12 Y89.093
G1 F4800 X117.807 Y88.78 E1451.16749
G1 F2700 E1446.16749
G0 F12000 X109.999 Y101.732
G0 X110 Y102.807
G0 X109.998 Y117.193
G0 X109.999 Y118.268
G0 X110 Y131.3
;TYPE:WALL-INNER
G1 F2700 E1451.16749
G1 F2400 X118.2 Y131.3 E1451.44022
G1 X118.2 Y119.656 E1451.82751
G1 X101.8 Y119.656 E1452.37297
G1 X101.8 Y131.3 E1452.76025
G1 X110 Y131.3 E1453.03299
G0 F12000 X110 Y131.7
G1 F2400 X118.6 Y131.7 E1453.31902
G1 X118.6 Y119.256 E1453.73291
G1 X101.4 Y119.256 E1454.30499
G1 X101.4 Y131.7 E1454.71888
G1 X110 Y131.7 E1455.00491
G0 F12000 X110 Y132.1
G1 F2400 X119 Y132.1 E1455.30425
G1 X119 Y118.856 E1455.74475
G1 X101 Y118.856 E1456.34343
G1 X101 Y132.1 E1456.78393
G1 X110 Y132.1 E1457.08327
G0 F12000 X110 Y132.5
G1 F2400 X119.4 Y132.5 E1457.39592
G1 X119.4 Y118.456 E1457.86302
G1 X100.6 Y118.456 E1458.48831
G1 X100.6 Y132.5 E1458.95542
G1 X110 Y132.5 E1459.26806
G0 F12000 X110 Y132.9
;TYPE:WALL-OUTER
G1 F2400 X119.8 Y132.9 E1459.59401
G1 X119.8 Y118.056 E1460.08773
G1 X100.2 Y118.056 E1460.73962
G1 X100.2 Y132.9 E1461.23334
G1 X110 Y132.9 E1461.55929
G0 F12000 X110 Y132.19
G0 X110.106 Y131.22
;TYPE:FILL
G1 F4800 X118.119 Y129.073 E1461.8352
G0 F12000 X118.12 Y128.691
G1 F4800 X109.165 Y119.737 E1462.25639
G0 F12000 X110.988 Y119.736
G1 F4800 X107.911 Y131.221 E1462.65186
G0 F12000 X109.335 Y131.22
G1 F4800 X101.88 Y123.765 E1463.00252
G0 F12000 X101.88 Y122.818
G1 F4800 X102.706 Y119.736 E1463.10864
G0 F12000 X103.508 Y119.737
G1 F4800 X114.992 Y131.22 E1463.64879
G0 F12000 X116.193 Y131.22
G1 F4800 X118.12 Y124.029 E1463.89641
G0 F12000 X118.119 Y124.931
G1 F4800 X101.88 Y129.283 E1464.45558
G1 X101.88 Y129.422
G1 X103.678 Y131.22 E1464.54015
G1 X103.77 Y131.22
G1 X106.847 Y119.736 E1464.93558
G0 F12000 X106.598 Y119.736
G1 F4800 X101.881 Y121 E1465.098
G0 F12000 X101.88 Y125.141
G1 F4800 X118.12 Y120.79 E1465.6572
G0 F12000 X118.12 Y123.034
G1 F4800 X114.822 Y119.737 E1465.8123
G0 F12000 X115.129 Y119.735
G1 F4800 X112.052 Y131.22 E1466.20777
G1 F2700 E1461.20777
;MESH:NONMESH
G0 F300 Z6.6
G0 F12000 X110 Y118.268
G0 X109.999 Y117.193
G0 X110.001 Y102.807
G0 X110 Y101.732
G0 X110 Y99.756
;TIME_ELAPSED:1523.831548
;LAYER:32
;TYPE:WALL-INNER
;MESH:v1.STL(1)
G1 F2700 E1466.20777
G1 F2400 X118.2 Y99.756 E1466.4805
G1 X118.2 Y88.7 E1466.84822
G1 X101.8 Y88.7 E1467.39369
G1 X101.8 Y99.756 E1467.76142
G1 X110 Y99.756 E1468.03415
G0 F12000 X110 Y100.156
G1 F2400 X118.6 Y100.156 E1468.32019
G1 X118.6 Y88.3 E1468.71452
G1 X101.4 Y88.3 E1469.28659
G1 X101.4 Y100.156 E1469.68092
G1 X110 Y100.156 E1469.96696
G0 F12000 X110 Y100.556
G1 F2400 X119 Y100.556 E1470.2663
G1 X119 Y87.9 E1470.68724
G1 X101 Y87.9 E1471.28593
G1 X101 Y100.556 E1471.70687
G1 X110 Y100.556 E1472.00621
G0 F12000 X110 Y100.956
G1 F2400 X119.4 Y100.956 E1472.31885
G1 X119.4 Y87.5 E1472.7664
G1 X100.6 Y87.5 E1473.39169
G1 X100.6 Y100.956 E1473.83924
G1 X110 Y100.956 E1474.15188
G0 F12000 X110 Y101.356
;TYPE:WALL-OUTER
G1 F2400 X119.8 Y101.356 E1474.47783
G1 X119.8 Y87.1 E1474.95199
G1 X100.2 Y87.1 E1475.60389
G1 X100.2 Y101.356 E1476.07805
G1 X110 Y101.356 E1476.40399
G0 F12000 X110 Y100.646
G0 X111.931 Y99.676
;TYPE:FILL
G1 F4800 X101.88 Y89.624 E1476.87679
G0 F12000 X102.572 Y88.779
G1 F4800 X101.88 Y91.364 E1476.96579
G0 F12000 X101.881 Y92.159
G1 F4800 X114.489 Y88.78 E1477.39993
G0 F12000 X114.996 Y88.779
G1 F4800 X112.076 Y99.677 E1477.77519
G0 F12000 X116.217 Y99.677
G1 F4800 X118.12 Y92.575 E1478.01973
G0 F12000 X118.12 Y91.948
G1 F4800 X101.881 Y96.3 E1478.57891
G0 F12000 X101.88 Y95.281
G1 F4800 X106.275 Y99.676 E1478.78563
G0 F12000 X104.735 Y99.676
G1 F4800 X118.12 Y96.09 E1479.24652
G0 F12000 X118.12 Y94.551
G1 F4800 X112.349 Y88.78 E1479.51797
G0 F12000 X110.854 Y88.779
G1 F4800 X107.934 Y99.677 E1479.89323
G0 F12000 X103.794 Y99.676
G1 F4800 X106.713 Y88.78 E1480.26841
G1 X106.693 Y88.78
G1 X117.588 Y99.676 E1480.7809
G0 F12000 X118.12 Y88.894
G1 F4800 X118.006 Y88.78 E1480.78626
G1 F2700 E1475.78626
G0 F12000 X109.999 Y101.146
G0 X110 Y102.221
G0 X109.998 Y117.779
G0 X109.999 Y118.854
G0 X110 Y131.3
;TYPE:WALL-INNER
G1 F2700 E1480.78626
G1 F2400 X118.2 Y131.3 E1481.05899
G1 X118.2 Y120.241 E1481.42682
G1 X101.8 Y120.244 E1481.97228
G1 X101.8 Y131.3 E1482.34001
G1 X110 Y131.3 E1482.61274
G0 F12000 X110 Y131.7
G1 F2400 X118.6 Y131.7 E1482.89878
G1 X118.6 Y119.841 E1483.29321
G1 X101.4 Y119.844 E1483.86528
G1 X101.4 Y131.7 E1484.25962
G1 X110 Y131.7 E1484.54565
G0 F12000 X110 Y132.1
G1 F2400 X119 Y132.1 E1484.84499
G1 X119 Y119.441 E1485.26603
G1 X101 Y119.444 E1485.86472
G1 X101 Y132.1 E1486.28566
G1 X110 Y132.1 E1486.585
G0 F12000 X110 Y132.5
G1 F2400 X119.4 Y132.5 E1486.89764
G1 X119.4 Y119.041 E1487.34529
G1 X100.6 Y119.044 E1487.97058
G1 X100.6 Y132.5 E1488.41813
G1 X110 Y132.5 E1488.73078
G0 F12000 X110 Y132.9
;TYPE:WALL-OUTER
G1 F2400 X119.8 Y132.9 E1489.05673
G1 X119.8 Y118.641 E1489.53098
G1 X100.2 Y118.644 E1490.18288
G1 X100.2 Y132.9 E1490.65704
G1 X110 Y132.9 E1490.98299
G0 F12000 X110 Y132.19
G0 X109.534 Y131.22
;TYPE:FILL
G1 F4800 X101.88 Y123.565 E1491.34303
G0 F12000 X101.88 Y122.271
G1 F4800 X102.402 Y120.324 E1491.41007
G0 F12000 X101.88 Y121.146
G1 F4800 X104.95 Y120.324 E1491.51578
G0 F12000 X104.295 Y120.324
G1 F4800 X115.191 Y131.22 E1492.02829
G0 F12000 X116.047 Y131.22
G1 F4800 X118.12 Y123.482 E1492.29474
G0 F12000 X118.12 Y122.835
G1 F4800 X115.606 Y120.321 E1492.41299
G0 F12000 X114.826 Y120.321
G1 F4800 X111.906 Y131.221 E1492.78831
G0 F12000 X110.65 Y131.22
G1 F4800 X118.12 Y129.218 E1493.04553
G0 F12000 X118.12 Y128.492
G1 F4800 X109.951 Y120.323 E1493.42977
G0 F12000 X110.685 Y120.322
G1 F4800 X107.765 Y131.22 E1493.80503
G0 F12000 X103.878 Y131.22
G1 F4800 X101.88 Y129.222 E1493.89901
G0 F12000 X101.88 Y129.429
G1 F4800 X118.119 Y125.077 E1494.45818
G0 F12000 X118.119 Y120.936
G1 F4800 X101.88 Y125.288 E1495.01735
G0 F12000 X103.624 Y131.22
G1 F4800 X106.543 Y120.323 E1495.39256
G1 F2700 E1490.39256
;MESH:NONMESH
G0 F300 Z6.8
G0 F12000 X110.001 Y118.854
G0 X110 Y117.779
G0 X110.002 Y102.221
G0 X110.001 Y101.146
G0 X110 Y99.304
;TIME_ELAPSED:1553.268675
;LAYER:33
;TYPE:WALL-INNER
;MESH:v1.STL(1)
G1 F2700 E1495.39256
G1 F2400 X118.2 Y99.304 E1495.6653
G1 X118.2 Y88.7 E1496.01799
G1 X101.8 Y88.7 E1496.56345
G1 X101.8 Y99.304 E1496.91614
G1 X110 Y99.304 E1497.18888
G0 F12000 X110 Y99.704
G1 F2400 X118.6 Y99.704 E1497.47491
G1 X118.6 Y88.3 E1497.85421
G1 X101.4 Y88.3 E1498.42629
G1 X101.4 Y99.704 E1498.80558
G1 X110 Y99.704 E1499.09162
G0 F12000 X110 Y100.104
G1 F2400 X119 Y100.104 E1499.39096
G1 X119 Y87.9 E1499.79687
G1 X101 Y87.9 E1500.39555
G1 X101 Y100.104 E1500.80146
G1 X110 Y100.104 E1501.1008
G0 F12000 X110 Y100.504
G1 F2400 X119.4 Y100.504 E1501.41345
G1 X119.4 Y87.5 E1501.84596
G1 X100.6 Y87.5 E1502.47125
G1 X100.6 Y100.504 E1502.90377
G1 X110 Y100.504 E1503.21641
G0 F12000 X110 Y100.904
;TYPE:WALL-OUTER
G1 F2400 X119.8 Y100.904 E1503.54236
G1 X119.8 Y87.1 E1504.00148
G1 X100.2 Y87.1 E1504.65338
G1 X100.2 Y100.904 E1505.1125
G1 X110 Y100.904 E1505.43845
G0 F12000 X110 Y100.194
G0 X111.68 Y99.224
;TYPE:FILL
G1 F4800 X101.88 Y89.424 E1505.89942
G0 F12000 X102.425 Y88.779
G1 F4800 X101.88 Y90.815 E1505.96952
G0 F12000 X101.881 Y92.306
G1 F4800 X115.038 Y88.78 E1506.42256
G1 X114.849 Y88.779
G1 X112.05 Y99.225 E1506.78225
G0 F12000 X107.909 Y99.225
G1 F4800 X110.707 Y88.779 E1507.14194
G0 F12000 X112.55 Y88.78
G1 F4800 X118.12 Y94.35 E1507.40393
G0 F12000 X118.12 Y96.237
G1 F4800 X106.968 Y99.225 E1507.78793
G0 F12000 X106.024 Y99.224
G1 F4800 X101.88 Y95.08 E1507.98285
G0 F12000 X101.881 Y96.447
G1 F4800 X118.12 Y92.095 E1508.54203
G1 X118.12 Y92.026
G1 X116.191 Y99.224 E1508.78988
G0 F12000 X117.337 Y99.224
G1 F4800 X106.893 Y88.78 E1509.28113
G0 F12000 X106.566 Y88.779
G1 F4800 X103.767 Y99.225 E1509.64083
G1 F2700 E1504.64083
G0 F12000 X109.999 Y100.694
G0 X110 Y101.769
G0 X109.998 Y118.231
G0 X109.999 Y119.306
G0 X110 Y131.3
;TYPE:WALL-INNER
G1 F2700 E1509.64083
G1 F2400 X118.2 Y131.3 E1509.91356
G1 X118.2 Y120.693 E1510.26635
G1 X101.8 Y120.696 E1510.81182
G1 X101.8 Y131.3 E1511.16451
G1 X110 Y131.3 E1511.43724
G0 F12000 X110 Y131.7
G1 F2400 X118.6 Y131.7 E1511.72328
G1 X118.6 Y120.293 E1512.10267
G1 X101.4 Y120.296 E1512.67475
G1 X101.4 Y131.7 E1513.05405
G1 X110 Y131.7 E1513.34008
G0 F12000 X110 Y132.1
G1 F2400 X119 Y132.1 E1513.63943
G1 X119 Y119.893 E1514.04543
G1 X101 Y119.896 E1514.64411
G1 X101 Y132.1 E1515.05002
G1 X110 Y132.1 E1515.34936
G0 F12000 X110 Y132.5
G1 F2400 X119.4 Y132.5 E1515.66201
G1 X119.4 Y119.493 E1516.09462
G1 X100.6 Y119.496 E1516.71991
G1 X100.6 Y132.5 E1517.15243
G1 X110 Y132.5 E1517.46507
G0 F12000 X110 Y132.9
;TYPE:WALL-OUTER
G1 F2400 X119.8 Y132.9 E1517.79102
G1 X119.8 Y119.093 E1518.25024
G1 X100.2 Y119.096 E1518.90214
G1 X100.2 Y132.9 E1519.36127
G1 X110 Y132.9 E1519.68722
G0 F12000 X110 Y132.19
G0 X109.735 Y131.22
;TYPE:FILL
G1 F4800 X101.88 Y123.365 E1520.05669
G0 F12000 X101.88 Y121.722
G1 F4800 X102.134 Y120.776 E1520.08927
G0 F12000 X101.881 Y121.293
G1 F4800 X103.813 Y120.775 E1520.1558
G0 F12000 X104.948 Y120.776
G1 F4800 X115.392 Y131.22 E1520.64705
G0 F12000 X115.9 Y131.22
G1 F4800 X118.12 Y122.934 E1520.93236
G0 F12000 X118.12 Y122.634
G1 F4800 X116.26 Y120.774 E1521.01985
G0 F12000 X114.558 Y120.773
G1 F4800 X111.759 Y131.221 E1521.37961
G0 F12000 X111.199 Y131.22
G1 F4800 X118.119 Y129.366 E1521.61789
G0 F12000 X118.12 Y128.291
G1 F4800 X110.604 Y120.775 E1521.97142
G1 X110.417 Y120.774
G1 X107.618 Y131.221 E1522.33114
G0 F12000 X104.078 Y131.22
G1 F4800 X101.88 Y129.022 E1522.43453
G0 F12000 X101.88 Y129.576
G1 F4800 X118.119 Y125.224 E1522.9937
G0 F12000 X118.119 Y121.083
G1 F4800 X101.88 Y125.435 E1523.55287
G0 F12000 X103.477 Y131.22
G1 F4800 X106.276 Y120.774 E1523.91256
G1 F2700 E1518.91256
;MESH:NONMESH
G0 F300 Z7
G0 F12000 X109.797 Y119.306
G0 X109.796 Y118.231
G0 X109.798 Y101.769
G0 X109.797 Y100.694
G0 X109.796 Y98.858
;TIME_ELAPSED:1581.737973
;LAYER:34
;TYPE:WALL-INNER
;MESH:v1.STL(1)
G1 F2700 E1523.91256
G1 F2400 X118.2 Y98.856 E1524.19208
G1 X118.2 Y88.7 E1524.52987
G1 X101.8 Y88.7 E1525.07534
G1 X101.8 Y98.859 E1525.41322
G1 X109.796 Y98.858 E1525.67917
G0 F12000 X109.806 Y99.258
G1 F2400 X118.6 Y99.256 E1525.97166
G1 X118.6 Y88.3 E1526.33606
G1 X101.4 Y88.3 E1526.90813
G1 X101.4 Y99.259 E1527.27263
G1 X109.806 Y99.258 E1527.55222
G0 F12000 X109.814 Y99.658
G1 F2400 X119 Y99.656 E1527.85775
G1 X119 Y87.9 E1528.24875
G1 X101 Y87.9 E1528.84743
G1 X101 Y99.659 E1529.23854
G1 X109.814 Y99.658 E1529.53169
G0 F12000 X109.822 Y100.058
G1 F2400 X119.4 Y100.056 E1529.85026
G1 X119.4 Y87.5 E1530.26787
G1 X100.6 Y87.5 E1530.89316
G1 X100.6 Y100.059 E1531.31088
G1 X109.822 Y100.058 E1531.6176
G0 F12000 X109.83 Y100.458
;TYPE:WALL-OUTER
G1 F2400 X119.8 Y100.456 E1531.94921
G1 X119.8 Y87.1 E1532.39343
G1 X100.2 Y87.1 E1533.04533
G1 X100.2 Y100.459 E1533.48965
G1 X109.83 Y100.458 E1533.80995
G0 F12000 X109.83 Y99.749
G0 X109.18 Y98.778
;TYPE:FILL
G1 F4800 X118.119 Y96.383 E1534.11774
G0 F12000 X118.12 Y94.151
G1 F4800 X112.75 Y88.78 E1534.37036
G0 F12000 X114.703 Y88.779
G1 F4800 X112.024 Y98.778 E1534.71465
G0 F12000 X111.433 Y98.777
G1 F4800 X101.88 Y89.224 E1535.164
G0 F12000 X102.279 Y88.779
G1 F4800 X101.88 Y90.27 E1535.21533
G0 F12000 X101.881 Y92.452
G1 F4800 X115.582 Y88.78 E1535.68711
G0 F12000 X118.12 Y91.482
G1 F4800 X116.165 Y98.777 E1535.93831
G0 F12000 X117.089 Y98.776
G1 F4800 X107.093 Y88.78 E1536.40849
G0 F12000 X106.421 Y88.779
G1 F4800 X103.741 Y98.779 E1536.75283
G0 F12000 X105.777 Y98.778
G1 F4800 X101.88 Y94.881 E1536.93613
G0 F12000 X101.881 Y96.593
G1 F4800 X118.12 Y92.241 E1537.4953
G0 F12000 X110.561 Y88.78
G1 F4800 X107.882 Y98.779 E1537.8396
G1 F2700 E1532.8396
G0 F12000 X109.999 Y100.249
G0 X110 Y101.324
G0 X109.999 Y118.676
G0 X110 Y119.751
G0 X110 Y131.3
;TYPE:WALL-INNER
G1 F2700 E1537.8396
G1 F2400 X118.2 Y131.3 E1538.11233
G1 X118.2 Y121.14 E1538.45026
G1 X101.8 Y121.14 E1538.99572
G1 X101.8 Y131.3 E1539.33364
G1 X110 Y131.3 E1539.60638
G0 F12000 X110 Y131.7
G1 F2400 X118.6 Y131.7 E1539.89241
G1 X118.6 Y120.74 E1540.25695
G1 X101.4 Y120.74 E1540.82902
G1 X101.4 Y131.7 E1541.19355
G1 X110 Y131.7 E1541.47959
G0 F12000 X110 Y132.1
G1 F2400 X119 Y132.1 E1541.77893
G1 X119 Y120.34 E1542.17007
G1 X101 Y120.34 E1542.76875
G1 X101 Y132.1 E1543.15989
G1 X110 Y132.1 E1543.45923
G0 F12000 X110 Y132.5
G1 F2400 X119.4 Y132.5 E1543.77188
G1 X119.4 Y119.94 E1544.18962
G1 X100.6 Y119.94 E1544.81491
G1 X100.6 Y132.5 E1545.23266
G1 X110 Y132.5 E1545.54531
G0 F12000 X110 Y132.9
;TYPE:WALL-OUTER
G1 F2400 X119.8 Y132.9 E1545.87126
G1 X119.8 Y119.54 E1546.31561
G1 X100.2 Y119.54 E1546.96751
G1 X100.2 Y132.9 E1547.41187
G1 X110 Y132.9 E1547.73782
G0 F12000 X110 Y132.19
G0 X109.935 Y131.22
;TYPE:FILL
G1 F4800 X101.88 Y123.165 E1548.1167
G0 F12000 X101.88 Y121.439
G1 F4800 X102.699 Y121.22 E1548.1449
G0 F12000 X105.592 Y121.22
G1 F4800 X115.591 Y131.22 E1548.61524
G1 X115.754 Y131.221
G1 X118.12 Y122.391 E1548.91929
G1 X118.12 Y122.435
G1 X116.905 Y121.22 E1548.97644
G0 F12000 X118.119 Y121.229
G1 F4800 X101.88 Y125.581 E1549.53561
G0 F12000 X101.88 Y128.822
G1 F4800 X104.278 Y131.22 E1549.6484
G0 F12000 X103.331 Y131.22
G1 F4800 X106.01 Y121.22 E1549.99273
G0 F12000 X110.151 Y121.22
G1 F4800 X107.472 Y131.22 E1550.33706
G0 F12000 X111.613 Y131.221
G1 F4800 X114.292 Y121.22 E1550.68143
G0 F12000 X111.248 Y121.22
G1 F4800 X118.12 Y128.092 E1551.00466
G0 F12000 X118.12 Y129.511
G1 F4800 X111.744 Y131.22 E1551.22422
G0 F12000 X118.119 Y125.37
G1 F4800 X101.88 Y129.722 E1551.78339
G1 F2700 E1546.78339
;MESH:NONMESH
G0 F300 Z7.2
G0 F12000 X110.001 Y119.751
G0 X110 Y118.676
G0 X110.001 Y101.324
G0 X110 Y100.249
G0 X110 Y98.412
;TIME_ELAPSED:1610.405458
;LAYER:35
;TYPE:WALL-INNER
;MESH:v1.STL(1)
G1 F2700 E1551.78339
G1 F2400 X118.2 Y98.412 E1552.05612
G1 X118.2 Y88.7 E1552.37914
G1 X101.8 Y88.7 E1552.92461
G1 X101.8 Y98.412 E1553.24763
G1 X110 Y98.412 E1553.52036
G0 F12000 X110 Y98.812
G1 F2400 X118.6 Y98.812 E1553.8064
G1 X118.6 Y88.3 E1554.15603
G1 X101.4 Y88.3 E1554.72811
G1 X101.4 Y98.812 E1555.07774
G1 X110 Y98.812 E1555.36377
G0 F12000 X110 Y99.212
G1 F2400 X119 Y99.212 E1555.66312
G1 X119 Y87.9 E1556.03935
G1 X101 Y87.9 E1556.63804
G1 X101 Y99.212 E1557.01428
G1 X110 Y99.212 E1557.31362
G0 F12000 X110 Y99.612
G1 F2400 X119.4 Y99.612 E1557.62626
G1 X119.4 Y87.5 E1558.02911
G1 X100.6 Y87.5 E1558.6544
G1 X100.6 Y99.612 E1559.05725
G1 X110 Y99.612 E1559.36989
G0 F12000 X110 Y100.012
;TYPE:WALL-OUTER
G1 F2400 X119.8 Y100.012 E1559.69584
G1 X119.8 Y87.1 E1560.12529
G1 X100.2 Y87.1 E1560.77719
G1 X100.2 Y100.012 E1561.20665
G1 X110 Y100.012 E1561.5326
G0 F12000 X110 Y99.304
G0 X111.188 Y98.332
;TYPE:FILL
G1 F4800 X101.88 Y89.023 E1561.97044
G0 F12000 X102.132 Y88.779
G1 F4800 X101.88 Y89.722 E1562.00291
G0 F12000 X101.881 Y92.599
G1 F4800 X116.131 Y88.78 E1562.49359
G0 F12000 X114.556 Y88.779
G1 F4800 X111.996 Y98.332 E1562.82253
G0 F12000 X111.393 Y98.332
G1 F4800 X118.12 Y96.53 E1563.05416
G0 F12000 X116.845 Y98.332
G1 F4800 X107.294 Y88.78 E1563.50344
G0 F12000 X106.274 Y88.779
G1 F4800 X103.714 Y98.333 E1563.83241
G0 F12000 X105.531 Y98.332
G1 F4800 X101.88 Y94.68 E1564.00417
G0 F12000 X101.881 Y96.74
G1 F4800 X118.12 Y92.388 E1564.56334
G0 F12000 X118.12 Y90.933
G1 F4800 X116.137 Y98.333 E1564.81815
G0 F12000 X118.12 Y93.95
G1 F4800 X112.95 Y88.78 E1565.06133
G0 F12000 X110.414 Y88.779
G1 F4800 X107.855 Y98.332 E1565.39027
G1 F2700 E1560.39027
G0 F12000 X109.999 Y99.804
G0 X110 Y100.879
G0 X109.999 Y119.121
G0 X110 Y120.196
G0 X110 Y131.3
;TYPE:WALL-INNER
G1 F2700 E1565.39027
G1 F2400 X118.2 Y131.3 E1565.663
G1 X118.2 Y121.584 E1565.98615
G1 X101.8 Y121.584 E1566.53162
G1 X101.8 Y131.3 E1566.85478
G1 X110 Y131.3 E1567.12751
G0 F12000 X110 Y131.7
G1 F2400 X118.6 Y131.7 E1567.41355
G1 X118.6 Y121.184 E1567.76331
G1 X101.4 Y121.184 E1568.33538
G1 X101.4 Y131.7 E1568.68515
G1 X110 Y131.7 E1568.97119
G0 F12000 X110 Y132.1
G1 F2400 X119 Y132.1 E1569.27053
G1 X119 Y120.784 E1569.6469
G1 X101 Y120.784 E1570.24558
G1 X101 Y132.1 E1570.62195
G1 X110 Y132.1 E1570.92129
G0 F12000 X110 Y132.5
G1 F2400 X119.4 Y132.5 E1571.23394
G1 X119.4 Y120.384 E1571.63692
G1 X100.6 Y120.384 E1572.26221
G1 X100.6 Y132.5 E1572.66519
G1 X110 Y132.5 E1572.97783
G0 F12000 X110 Y132.9
;TYPE:WALL-OUTER
G1 F2400 X119.8 Y132.9 E1573.30378
G1 X119.8 Y119.984 E1573.73337
G1 X100.2 Y119.984 E1574.38527
G1 X100.2 Y132.9 E1574.81486
G1 X110 Y132.9 E1575.14081
G0 F12000 X110 Y132.19
G0 X110.135 Y131.22
;TYPE:FILL
G1 F4800 X101.88 Y122.964 E1575.52912
G0 F12000 X101.88 Y125.728
G1 F4800 X117.046 Y121.664 E1576.05134
G0 F12000 X117.55 Y121.664
G1 F4800 X118.12 Y122.234 E1576.07815
G0 F12000 X118.12 Y121.842
G1 F4800 X115.607 Y131.22 E1576.40107
G1 X115.792 Y131.22
G1 X106.236 Y121.664 E1576.85055
G0 F12000 X105.744 Y121.663
G1 F4800 X103.184 Y131.22 E1577.17963
G0 F12000 X104.479 Y131.22
G1 F4800 X101.88 Y128.621 E1577.30188
G0 F12000 X101.88 Y129.869
G1 F4800 X118.119 Y125.517 E1577.86105
G0 F12000 X118.12 Y127.891
G1 F4800 X111.893 Y121.664 E1578.15395
G0 F12000 X109.885 Y121.664
G1 F4800 X107.325 Y131.22 E1578.48299
G0 F12000 X111.466 Y131.221
G1 F4800 X114.026 Y121.664 E1578.81206
G0 F12000 X118.12 Y129.658
G1 F4800 X112.292 Y131.22 E1579.01274
G1 F2700 E1574.01274
;MESH:NONMESH
G0 F300 Z7.4
G0 F12000 X110.001 Y120.196
G0 X110 Y119.121
G0 X110.001 Y100.879
G0 X110 Y99.804
G0 X110 Y97.968
;TIME_ELAPSED:1638.283044
;LAYER:36
;TYPE:WALL-INNER
;MESH:v1.STL(1)
G1 F2700 E1579.01274
G1 F2400 X118.2 Y97.968 E1579.28548
G1 X118.2 Y88.7 E1579.59373
G1 X101.8 Y88.7 E1580.1392
G1 X101.8 Y97.968 E1580.44745
G1 X110 Y97.968 E1580.72019
G0 F12000 X110 Y98.368
G1 F2400 X118.6 Y98.368 E1581.00622
G1 X118.6 Y88.3 E1581.34109
G1 X101.4 Y88.3 E1581.91316
G1 X101.4 Y98.368 E1582.24802
G1 X110 Y98.368 E1582.53406
G0 F12000 X110 Y98.768
G1 F2400 X119 Y98.768 E1582.8334
G1 X119 Y87.9 E1583.19487
G1 X101 Y87.9 E1583.79355
G1 X101 Y98.768 E1584.15503
G1 X110 Y98.768 E1584.45437
G0 F12000 X110 Y99.168
G1 F2400 X119.4 Y99.168 E1584.76701
G1 X119.4 Y87.5 E1585.15509
G1 X100.6 Y87.5 E1585.78038
G1 X100.6 Y99.168 E1586.16846
G1 X110 Y99.168 E1586.48111
G0 F12000 X110 Y99.568
;TYPE:WALL-OUTER
G1 F2400 X119.8 Y99.568 E1586.80706
G1 X119.8 Y87.1 E1587.22174
G1 X100.2 Y87.1 E1587.87364
G1 X100.2 Y99.568 E1588.28833
G1 X110 Y99.568 E1588.61428
G0 F12000 X110 Y98.859
G0 X110.944 Y97.888
;TYPE:FILL
G1 F4800 X101.88 Y88.824 E1589.04062
G1 X101.986 Y88.779
G1 X101.88 Y89.177 E1589.05432
G0 F12000 X101.881 Y92.745
G1 F4800 X116.676 Y88.78 E1589.56377
G0 F12000 X118.12 Y90.388
G1 F4800 X116.11 Y97.889 E1589.82206
G0 F12000 X116.6 Y97.888
G1 F4800 X107.493 Y88.78 E1590.25044
G0 F12000 X106.128 Y88.779
G1 F4800 X103.687 Y97.889 E1590.56413
G0 F12000 X105.287 Y97.888
G1 F4800 X101.88 Y94.481 E1590.72439
G0 F12000 X101.88 Y96.886
G1 F4800 X118.12 Y92.534 E1591.28359
G0 F12000 X118.12 Y93.75
G1 F4800 X113.15 Y88.78 E1591.51736
G0 F12000 X114.41 Y88.779
G1 F4800 X111.969 Y97.888 E1591.83102
G0 F12000 X113.595 Y97.888
G1 F4800 X118.119 Y96.676 E1591.9868
G0 F12000 X107.828 Y97.888
G1 F4800 X110.269 Y88.779 E1592.30045
G1 F2700 E1587.30045
G0 F12000 X109.999 Y99.359
G0 X110 Y100.434
G0 X109.999 Y119.566
G0 X110 Y120.641
G0 X110 Y131.3
;TYPE:WALL-INNER
G1 F2700 E1592.30045
G1 F2400 X118.2 Y131.3 E1592.57318
G1 X118.2 Y122.028 E1592.88157
G1 X101.8 Y122.028 E1593.42704
G1 X101.8 Y131.3 E1593.73543
G1 X110 Y131.3 E1594.00816
G0 F12000 X110 Y131.7
G1 F2400 X118.6 Y131.7 E1594.2942
G1 X118.6 Y121.628 E1594.62919
G1 X101.4 Y121.628 E1595.20127
G1 X101.4 Y131.7 E1595.53626
G1 X110 Y131.7 E1595.8223
G0 F12000 X110 Y132.1
G1 F2400 X119 Y132.1 E1596.12164
G1 X119 Y121.228 E1596.48325
G1 X101 Y121.228 E1597.08193
G1 X101 Y132.1 E1597.44353
G1 X110 Y132.1 E1597.74287
G0 F12000 X110 Y132.5
G1 F2400 X119.4 Y132.5 E1598.05552
G1 X119.4 Y120.828 E1598.44373
G1 X100.6 Y120.828 E1599.06902
G1 X100.6 Y132.5 E1599.45723
G1 X110 Y132.5 E1599.76988
G0 F12000 X110 Y132.9
;TYPE:WALL-OUTER
G1 F2400 X119.8 Y132.9 E1600.09583
G1 X119.8 Y120.428 E1600.51065
G1 X100.2 Y120.428 E1601.16255
G1 X100.2 Y132.9 E1601.57737
G1 X110 Y132.9 E1601.90332
G0 F12000 X110 Y132.19
G0 X110.335 Y131.22
;TYPE:FILL
G1 F4800 X101.88 Y122.765 E1602.30101
G0 F12000 X101.881 Y125.873
G1 F4800 X115.933 Y122.108 E1602.78487
G0 F12000 X117.903 Y122.108
G1 F4800 X115.461 Y131.221 E1603.09866
G0 F12000 X115.992 Y131.22
G1 F4800 X106.88 Y122.108 E1603.52727
G0 F12000 X105.479 Y122.108
G1 F4800 X103.038 Y131.22 E1603.84102
G0 F12000 X104.678 Y131.22
G1 F4800 X101.88 Y128.422 E1603.97263
G0 F12000 X101.88 Y130.015
G1 F4800 X118.119 Y125.663 E1604.5318
G0 F12000 X118.12 Y127.691
G1 F4800 X112.537 Y122.108 E1604.79441
G0 F12000 X113.762 Y122.107
G1 F4800 X111.32 Y131.22 E1605.1082
G0 F12000 X112.837 Y131.22
G1 F4800 X118.12 Y129.804 E1605.29011
G0 F12000 X107.179 Y131.22
G1 F4800 X109.62 Y122.108 E1605.60387
G1 F2700 E1600.60387
;MESH:NONMESH
G0 F300 Z7.6
G0 F12000 X109.797 Y120.641
G0 X109.796 Y119.566
G0 X109.797 Y100.434
G0 X109.796 Y99.359
G0 X109.796 Y97.57
;TIME_ELAPSED:1665.650195
;LAYER:37
;TYPE:WALL-INNER
;MESH:v1.STL(1)
G1 F2700 E1605.60387
G1 F2400 X118.2 Y97.568 E1605.88339
G1 X118.2 Y88.7 E1606.17834
G1 X101.8 Y88.7 E1606.7238
G1 X101.8 Y97.571 E1607.01885
G1 X109.796 Y97.57 E1607.2848
G0 F12000 X109.806 Y97.97
G1 F2400 X118.6 Y97.968 E1607.57729
G1 X118.6 Y88.3 E1607.89885
G1 X101.4 Y88.3 E1608.47092
G1 X101.4 Y97.971 E1608.79258
G1 X109.806 Y97.97 E1609.07217
G0 F12000 X109.814 Y98.37
G1 F2400 X119 Y98.368 E1609.37769
G1 X119 Y87.9 E1609.72586
G1 X101 Y87.9 E1610.32454
G1 X101 Y98.371 E1610.67281
G1 X109.814 Y98.37 E1610.96597
G0 F12000 X109.822 Y98.77
G1 F2400 X119.4 Y98.768 E1611.28453
G1 X119.4 Y87.5 E1611.65931
G1 X100.6 Y87.5 E1612.2846
G1 X100.6 Y98.771 E1612.65947
G1 X109.822 Y98.77 E1612.9662
G0 F12000 X109.829 Y99.17
;TYPE:WALL-OUTER
G1 F2400 X119.8 Y99.168 E1613.29783
G1 X119.8 Y87.1 E1613.69922
G1 X100.2 Y87.1 E1614.35112
G1 X100.2 Y99.171 E1614.7526
G1 X109.829 Y99.17 E1615.07286
G0 F12000 X109.829 Y98.461
G0 X110.746 Y97.49
;TYPE:FILL
G1 F4800 X102.037 Y88.78 E1615.48253
G0 F12000 X105.981 Y88.779
G1 F4800 X103.646 Y97.491 E1615.78252
G0 F12000 X105.091 Y97.491
G1 F4800 X101.88 Y94.28 E1615.93355
G0 F12000 X101.881 Y92.892
G1 F4800 X117.224 Y88.78 E1616.46187
G0 F12000 X118.12 Y89.839
G1 F4800 X116.07 Y97.489 E1616.72529
G0 F12000 X116.402 Y97.488
G1 F4800 X107.694 Y88.78 E1617.13489
G0 F12000 X110.121 Y88.78
G1 F4800 X107.787 Y97.49 E1617.43481
G0 F12000 X111.929 Y97.489
G1 F4800 X114.263 Y88.779 E1617.73472
G0 F12000 X113.351 Y88.78
G1 F4800 X118.12 Y93.55 E1617.95906
G0 F12000 X118.12 Y92.681
G1 F4800 X101.88 Y97.033 E1618.51827
G0 F12000 X115.633 Y97.489
G1 F4800 X118.119 Y96.823 E1618.60387
G1 F2700 E1613.60387
G0 F12000 X109.999 Y98.961
G0 X110 Y100.036
G0 X109.999 Y119.964
G0 X110 Y121.039
G0 X110 Y131.3
;TYPE:WALL-INNER
G1 F2700 E1618.60387
G1 F2400 X118.2 Y131.3 E1618.8766
G1 X118.2 Y122.428 E1619.17169
G1 X101.8 Y122.428 E1619.71715
G1 X101.8 Y131.3 E1620.01224
G1 X110 Y131.3 E1620.28497
G0 F12000 X110 Y131.7
G1 F2400 X118.6 Y131.7 E1620.57101
G1 X118.6 Y122.028 E1620.8927
G1 X101.4 Y122.028 E1621.46477
G1 X101.4 Y131.7 E1621.78646
G1 X110 Y131.7 E1622.0725
G0 F12000 X110 Y132.1
G1 F2400 X119 Y132.1 E1622.37184
G1 X119 Y121.628 E1622.72014
G1 X101 Y121.628 E1623.31882
G1 X101 Y132.1 E1623.66712
G1 X110 Y132.1 E1623.96647
G0 F12000 X110 Y132.5
G1 F2400 X119.4 Y132.5 E1624.27911
G1 X119.4 Y121.228 E1624.65402
G1 X100.6 Y121.228 E1625.27931
G1 X100.6 Y132.5 E1625.65422
G1 X110 Y132.5 E1625.96686
G0 F12000 X110 Y132.9
;TYPE:WALL-OUTER
G1 F2400 X119.8 Y132.9 E1626.29281
G1 X119.8 Y120.828 E1626.69433
G1 X100.2 Y120.828 E1627.34623
G1 X100.2 Y132.9 E1627.74774
G1 X110 Y132.9 E1628.07369
G0 F12000 X110 Y132.19
G0 X110.536 Y131.22
;TYPE:FILL
G1 F4800 X101.88 Y122.564 E1628.48085
G0 F12000 X105.225 Y122.508
G1 F4800 X102.891 Y131.22 E1628.78083
G0 F12000 X101.88 Y130.162
G1 F4800 X118.12 Y125.81 E1629.34003
G0 F12000 X118.12 Y127.491
G1 F4800 X113.138 Y122.508 E1629.57439
G0 F12000 X113.507 Y122.507
G1 F4800 X111.173 Y131.22 E1629.8744
G0 F12000 X113.386 Y131.22
G1 F4800 X118.12 Y129.951 E1630.03742
G0 F12000 X116.192 Y131.22
G1 F4800 X107.481 Y122.508 E1630.44718
G0 F12000 X109.366 Y122.507
G1 F4800 X107.032 Y131.22 E1630.74719
G0 F12000 X104.879 Y131.22
G1 F4800 X101.88 Y128.221 E1630.88826
G0 F12000 X101.88 Y126.021
G1 F4800 X114.991 Y122.508 E1631.33971
G0 F12000 X117.648 Y122.508
G1 F4800 X115.314 Y131.221 E1631.63972
G1 F2700 E1626.63972
;MESH:NONMESH
G0 F300 Z7.8
G0 F12000 X109.797 Y121.039
G0 X109.796 Y119.964
G0 X109.797 Y100.036
G0 X109.796 Y98.961
G0 X109.796 Y97.218
;TIME_ELAPSED:1692.986654
;LAYER:38
;TYPE:WALL-INNER
;MESH:v1.STL(1)
G1 F2700 E1631.63972
G1 F2400 X118.2 Y97.216 E1631.91924
G1 X118.2 Y88.7 E1632.20249
G1 X101.8 Y88.7 E1632.74795
G1 X101.8 Y97.219 E1633.03129
G1 X109.796 Y97.218 E1633.29724
G0 F12000 X109.805 Y97.618
G1 F2400 X118.6 Y97.616 E1633.58977
G1 X118.6 Y88.3 E1633.89962
G1 X101.4 Y88.3 E1634.47169
G1 X101.4 Y97.619 E1634.78164
G1 X109.805 Y97.618 E1635.06119
G0 F12000 X109.814 Y98.018
G1 F2400 X119 Y98.016 E1635.36672
G1 X119 Y87.9 E1635.70318
G1 X101 Y87.9 E1636.30186
G1 X101 Y98.019 E1636.63842
G1 X109.814 Y98.018 E1636.93158
G0 F12000 X109.822 Y98.418
G1 F2400 X119.4 Y98.416 E1637.25014
G1 X119.4 Y87.5 E1637.61321
G1 X100.6 Y87.5 E1638.2385
G1 X100.6 Y98.419 E1638.60167
G1 X109.822 Y98.418 E1638.90839
G0 F12000 X109.829 Y98.818
;TYPE:WALL-OUTER
G1 F2400 X119.8 Y98.816 E1639.24003
G1 X119.8 Y87.1 E1639.62971
G1 X100.2 Y87.1 E1640.28161
G1 X100.2 Y98.819 E1640.67138
G1 X109.829 Y98.818 E1640.99164
G0 F12000 X109.829 Y98.109
G0 X110.594 Y97.137
;TYPE:FILL
G1 F4800 X102.236 Y88.78 E1641.38475
G1 X102.317 Y88.779
G1 X101.881 Y88.896 E1641.39977
G0 F12000 X105.835 Y88.779
G1 F4800 X103.594 Y97.139 E1641.68764
G0 F12000 X104.938 Y97.139
G1 F4800 X101.88 Y94.081 E1641.83148
G0 F12000 X101.88 Y93.038
G1 F4800 X117.769 Y88.78 E1642.3786
G0 F12000 X118.12 Y89.294
G1 F4800 X116.018 Y97.137 E1642.64866
G0 F12000 X116.249 Y97.136
G1 F4800 X107.893 Y88.78 E1643.0417
G0 F12000 X109.976 Y88.779
G1 F4800 X107.736 Y97.139 E1643.32957
G0 F12000 X111.877 Y97.138
G1 F4800 X114.117 Y88.78 E1643.61736
G0 F12000 X113.55 Y88.78
G1 F4800 X118.12 Y93.35 E1643.83232
G0 F12000 X118.119 Y92.827
G1 F4800 X102.026 Y97.14 E1644.38647
G0 F12000 X117.493 Y97.136
G1 F4800 X118.12 Y96.968 E1644.40806
G1 F2700 E1639.40806
G0 F12000 X109.999 Y98.609
G0 X110 Y99.684
G0 X109.999 Y120.316
G0 X110 Y121.391
G0 X110 Y131.3
;TYPE:WALL-INNER
G1 F2700 E1644.40806
G1 F2400 X118.2 Y131.3 E1644.68079
G1 X118.2 Y122.78 E1644.96417
G1 X101.8 Y122.78 E1645.50963
G1 X101.8 Y131.3 E1645.79301
G1 X110 Y131.3 E1646.06574
G0 F12000 X110 Y131.7
G1 F2400 X118.6 Y131.7 E1646.35178
G1 X118.6 Y122.38 E1646.66176
G1 X101.4 Y122.38 E1647.23384
G1 X101.4 Y131.7 E1647.54382
G1 X110 Y131.7 E1647.82986
G0 F12000 X110 Y132.1
G1 F2400 X119 Y132.1 E1648.1292
G1 X119 Y121.98 E1648.46579
G1 X101 Y121.98 E1649.06448
G1 X101 Y132.1 E1649.40107
G1 X110 Y132.1 E1649.70041
G0 F12000 X110 Y132.5
G1 F2400 X119.4 Y132.5 E1650.01306
G1 X119.4 Y121.58 E1650.37626
G1 X100.6 Y121.58 E1651.00155
G1 X100.6 Y132.5 E1651.36475
G1 X110 Y132.5 E1651.67739
G0 F12000 X110 Y132.9
;TYPE:WALL-OUTER
G1 F2400 X119.8 Y132.9 E1652.00334
G1 X119.8 Y121.18 E1652.39315
G1 X100.2 Y121.18 E1653.04505
G1 X100.2 Y132.9 E1653.43486
G1 X110 Y132.9 E1653.76081
G0 F12000 X110 Y132.19
G0 X110.735 Y131.22
;TYPE:FILL
G1 F4800 X102.376 Y122.861 E1654.15399
G0 F12000 X104.985 Y122.859
G1 F4800 X102.745 Y131.22 E1654.44188
G0 F12000 X101.881 Y130.307
G1 F4800 X118.12 Y125.956 E1655.00105
G0 F12000 X118.12 Y127.291
G1 F4800 X113.689 Y122.861 E1655.20944
G0 F12000 X113.267 Y122.86
G1 F4800 X111.027 Y131.22 E1655.49731
G0 F12000 X113.931 Y131.22
G1 F4800 X118.12 Y130.097 E1655.64155
G0 F12000 X116.392 Y131.22
G1 F4800 X108.032 Y122.861 E1656.03476
G0 F12000 X109.126 Y122.859
G1 F4800 X106.886 Y131.22 E1656.32265
G0 F12000 X105.078 Y131.22
G1 F4800 X101.88 Y128.022 E1656.47308
G0 F12000 X101.881 Y126.166
G1 F4800 X114.222 Y122.859 E1656.89802
G0 F12000 X117.408 Y122.86
G1 F4800 X115.168 Y131.22 E1657.18589
G1 F2700 E1652.18589
;MESH:NONMESH
G0 F300 Z8
G0 F12000 X110.001 Y121.391
G0 X110 Y120.316
G0 X110.001 Y99.684
G0 X110 Y98.609
G0 X110 Y96.864
;TIME_ELAPSED:1719.888936
;LAYER:39
;TYPE:WALL-INNER
;MESH:v1.STL(1)
G1 F2700 E1657.18589
G1 F2400 X118.2 Y96.864 E1657.45862
G1 X118.2 Y88.7 E1657.73015
G1 X101.8 Y88.7 E1658.27562
G1 X101.8 Y96.864 E1658.54716
G1 X110 Y96.864 E1658.81989
G0 F12000 X110 Y97.264
G1 F2400 X118.6 Y97.264 E1659.10593
G1 X118.6 Y88.3 E1659.40407
G1 X101.4 Y88.3 E1659.97614
G1 X101.4 Y97.264 E1660.27429
G1 X110 Y97.264 E1660.56033
G0 F12000 X110 Y97.664
G1 F2400 X119 Y97.664 E1660.85967
G1 X119 Y87.9 E1661.18442
G1 X101 Y87.9 E1661.7831
G1 X101 Y97.664 E1662.10785
G1 X110 Y97.664 E1662.40719
G0 F12000 X110 Y98.064
G1 F2400 X119.4 Y98.064 E1662.71984
G1 X119.4 Y87.5 E1663.0712
G1 X100.6 Y87.5 E1663.69649
G1 X100.6 Y98.064 E1664.04785
G1 X110 Y98.064 E1664.3605
G0 F12000 X110 Y98.464
;TYPE:WALL-OUTER
G1 F2400 X119.8 Y98.464 E1664.68644
G1 X119.8 Y87.1 E1665.06441
G1 X100.2 Y87.1 E1665.71631
G1 X100.2 Y98.464 E1666.09428
G1 X110 Y98.464 E1666.42023
G0 F12000 X110 Y97.756
G0 X110.439 Y96.784
;TYPE:FILL
G1 F4800 X102.436 Y88.78 E1666.79669
G0 F12000 X102.862 Y88.78
G1 F4800 X101.88 Y89.042 E1666.83049
G0 F12000 X105.688 Y88.779
G1 F4800 X103.543 Y96.785 E1667.10617
G0 F12000 X103.897 Y96.784
G1 F4800 X118.12 Y92.973 E1667.59591
G1 X118.12 Y93.151
G1 X113.749 Y88.78 E1667.80151
G0 F12000 X113.971 Y88.779
G1 F4800 X111.826 Y96.784 E1668.07715
G0 F12000 X115.967 Y96.784
G1 F4800 X118.112 Y88.78 E1668.35276
G1 X118.119 Y88.832
G1 X101.881 Y93.183 E1668.91189
G0 F12000 X101.88 Y93.881
G1 F4800 X104.783 Y96.784 E1669.04844
G0 F12000 X107.685 Y96.785
G1 F4800 X109.83 Y88.779 E1669.32411
G0 F12000 X108.093 Y88.78
G1 F4800 X116.096 Y96.784 E1669.70057
G1 F2700 E1664.70057
G0 F12000 X109.999 Y98.256
G0 X110 Y99.331
G0 X109.999 Y120.669
G0 X110 Y121.744
G0 X110 Y131.3
;TYPE:WALL-INNER
G1 F2700 E1669.70057
G1 F2400 X118.2 Y131.3 E1669.9733
G1 X118.2 Y123.132 E1670.24497
G1 X101.8 Y123.132 E1670.79044
G1 X101.8 Y131.3 E1671.06211
G1 X110 Y131.3 E1671.33484
G0 F12000 X110 Y131.7
G1 F2400 X118.6 Y131.7 E1671.62088
G1 X118.6 Y122.732 E1671.91915
G1 X101.4 Y122.732 E1672.49123
G1 X101.4 Y131.7 E1672.7895
G1 X110 Y131.7 E1673.07554
G0 F12000 X110 Y132.1
G1 F2400 X119 Y132.1 E1673.37488
G1 X119 Y122.332 E1673.69977
G1 X101 Y122.332 E1674.29845
G1 X101 Y132.1 E1674.62334
G1 X110 Y132.1 E1674.92268
G0 F12000 X110 Y132.5
G1 F2400 X119.4 Y132.5 E1675.23532
G1 X119.4 Y121.932 E1675.58682
G1 X100.6 Y121.932 E1676.21211
G1 X100.6 Y132.5 E1676.5636
G1 X110 Y132.5 E1676.87624
G0 F12000 X110 Y132.9
;TYPE:WALL-OUTER
G1 F2400 X119.8 Y132.9 E1677.20219
G1 X119.8 Y121.532 E1677.58029
G1 X100.2 Y121.532 E1678.23219
G1 X100.2 Y132.9 E1678.61029
G1 X110 Y132.9 E1678.93624
G0 F12000 X110 Y132.19
G0 X110.881 Y131.22
;TYPE:FILL
G1 F4800 X113.027 Y123.212 E1679.21199
G0 F12000 X113.453 Y123.211
G1 F4800 X101.881 Y126.312 E1679.61045
G0 F12000 X101.88 Y127.822
G1 F4800 X105.278 Y131.22 E1679.77029
G0 F12000 X106.74 Y131.22
G1 F4800 X108.886 Y123.211 E1680.04606
G0 F12000 X108.583 Y123.212
G1 F4800 X116.591 Y131.22 E1680.42274
G0 F12000 X115.022 Y131.22
G1 F4800 X117.168 Y123.212 E1680.69848
G0 F12000 X114.24 Y123.212
G1 F4800 X118.12 Y127.092 E1680.88098
G0 F12000 X118.119 Y126.102
G1 F4800 X101.88 Y130.454 E1681.44015
G0 F12000 X102.599 Y131.221
G1 F4800 X104.745 Y123.211 E1681.71596
G0 F12000 X102.926 Y123.212
G1 F4800 X110.934 Y131.22 E1682.09264
G0 F12000 X114.476 Y131.22
G1 F4800 X118.119 Y130.243 E1682.21808
G1 F2700 E1677.21808
;MESH:NONMESH
G0 F300 Z8.2
G0 F12000 X110.001 Y121.744
G0 X110 Y120.669
G0 X110.001 Y99.331
G0 X110 Y98.256
G0 X110 Y96.512
;TIME_ELAPSED:1745.987010
;LAYER:40
;TYPE:WALL-INNER
;MESH:v1.STL(1)
G1 F2700 E1682.21808
G1 F2400 X118.2 Y96.512 E1682.49082
G1 X118.2 Y88.7 E1682.75065
G1 X101.8 Y88.7 E1683.29611
G1 X101.8 Y96.512 E1683.55594
G1 X110 Y96.512 E1683.82867
G0 F12000 X110 Y96.912
G1 F2400 X118.6 Y96.912 E1684.11471
G1 X118.6 Y88.3 E1684.40115
G1 X101.4 Y88.3 E1684.97322
G1 X101.4 Y96.912 E1685.25966
G1 X110 Y96.912 E1685.54569
G0 F12000 X110 Y97.312
G1 F2400 X119 Y97.312 E1685.84504
G1 X119 Y87.9 E1686.15808
G1 X101 Y87.9 E1686.75676
G1 X101 Y97.312 E1687.06981
G1 X110 Y97.312 E1687.36915
G0 F12000 X110 Y97.712
G1 F2400 X119.4 Y97.712 E1687.68179
G1 X119.4 Y87.5 E1688.02145
G1 X100.6 Y87.5 E1688.64674
G1 X100.6 Y97.712 E1688.98639
G1 X110 Y97.712 E1689.29903
G0 F12000 X110 Y98.112
;TYPE:WALL-OUTER
G1 F2400 X119.8 Y98.112 E1689.62498
G1 X119.8 Y87.1 E1689.99124
G1 X100.2 Y87.1 E1690.64314
G1 X100.2 Y98.112 E1691.0094
G1 X110 Y98.112 E1691.33535
G0 F12000 X110 Y97.404
G0 X110.288 Y96.432
;TYPE:FILL
G1 F4800 X102.637 Y88.78 E1691.69526
G0 F12000 X103.41 Y88.779
G1 F4800 X101.88 Y89.189 E1691.74794
G0 F12000 X105.541 Y88.779
G1 F4800 X103.491 Y96.433 E1692.01149
G0 F12000 X104.631 Y96.432
G1 F4800 X101.88 Y93.68 E1692.14091
G0 F12000 X101.88 Y93.331
G1 F4800 X118.119 Y88.979 E1692.70008
G0 F12000 X117.965 Y88.78
G1 F4800 X115.914 Y96.433 E1692.9636
G1 X115.945 Y96.432
G1 X108.293 Y88.78 E1693.32353
G0 F12000 X109.683 Y88.779
G1 F4800 X107.632 Y96.433 E1693.58708
G0 F12000 X105.759 Y96.432
G1 F4800 X118.119 Y93.121 E1694.01267
G1 X118.12 Y92.95
G1 X113.95 Y88.78 E1694.20882
G1 X113.824 Y88.779
G1 X111.773 Y96.433 E1694.47237
G1 F2700 E1689.47237
G0 F12000 X109.999 Y97.904
G0 X110 Y98.979
G0 X109.999 Y121.021
G0 X110 Y122.096
G0 X110 Y131.3
;TYPE:WALL-INNER
G1 F2700 E1694.47237
G1 F2400 X118.2 Y131.3 E1694.7451
G1 X118.2 Y123.484 E1695.00506
G1 X101.8 Y123.484 E1695.55053
G1 X101.8 Y131.3 E1695.81049
G1 X110 Y131.3 E1696.08322
G0 F12000 X110 Y131.7
G1 F2400 X118.6 Y131.7 E1696.36926
G1 X118.6 Y123.084 E1696.65583
G1 X101.4 Y123.084 E1697.22791
G1 X101.4 Y131.7 E1697.51447
G1 X110 Y131.7 E1697.80051
G0 F12000 X110 Y132.1
G1 F2400 X119 Y132.1 E1698.09985
G1 X119 Y122.684 E1698.41303
G1 X101 Y122.684 E1699.01171
G1 X101 Y132.1 E1699.32489
G1 X110 Y132.1 E1699.62423
G0 F12000 X110 Y132.5
G1 F2400 X119.4 Y132.5 E1699.93688
G1 X119.4 Y122.284 E1700.27666
G1 X100.6 Y122.284 E1700.90195
G1 X100.6 Y132.5 E1701.24174
G1 X110 Y132.5 E1701.55438
G0 F12000 X110 Y132.9
;TYPE:WALL-OUTER
G1 F2400 X119.8 Y132.9 E1701.88033
G1 X119.8 Y121.884 E1702.24673
G1 X100.2 Y121.884 E1702.89863
G1 X100.2 Y132.9 E1703.26502
G1 X110 Y132.9 E1703.59097
G0 F12000 X110 Y132.19
G0 X110.734 Y131.22
;TYPE:FILL
G1 F4800 X112.786 Y123.563 E1703.85463
G1 X112.687 Y123.564
G1 X101.881 Y126.459 E1704.22671
G0 F12000 X101.88 Y127.621
G1 F4800 X105.478 Y131.22 E1704.39597
G0 F12000 X106.593 Y131.22
G1 F4800 X108.644 Y123.564 E1704.65959
G0 F12000 X109.136 Y123.564
G1 F4800 X116.792 Y131.22 E1705.01971
G0 F12000 X118.119 Y130.39
G1 F4800 X115.025 Y131.22 E1705.12625
G1 X114.875 Y131.22
G1 X116.927 Y123.563 E1705.38991
G0 F12000 X114.793 Y123.564
G1 F4800 X118.12 Y126.891 E1705.5464
G0 F12000 X118.12 Y126.249
G1 F4800 X101.88 Y130.601 E1706.10561
G0 F12000 X102.452 Y131.221
G1 F4800 X104.503 Y123.564 E1706.36926
G0 F12000 X103.479 Y123.564
G1 F4800 X111.135 Y131.22 E1706.72937
G1 F2700 E1701.72937
;MESH:NONMESH
G0 F300 Z8.4
G0 F12000 X110.001 Y122.096
G0 X110 Y121.021
G0 X110.001 Y98.979
G0 X110 Y97.904
G0 X110 Y96.16
;TIME_ELAPSED:1771.088265
;LAYER:41
;TYPE:WALL-INNER
;MESH:v1.STL(1)
G1 F2700 E1706.72937
G1 F2400 X118.2 Y96.16 E1707.00211
G1 X118.2 Y88.7 E1707.25023
G1 X101.8 Y88.7 E1707.79569
G1 X101.8 Y96.16 E1708.04381
G1 X110 Y96.16 E1708.31655
G0 F12000 X110 Y96.56
G1 F2400 X118.6 Y96.56 E1708.60258
G1 X118.6 Y88.3 E1708.87731
G1 X101.4 Y88.3 E1709.44939
G1 X101.4 Y96.56 E1709.72412
G1 X110 Y96.56 E1710.01015
G0 F12000 X110 Y96.96
G1 F2400 X119 Y96.96 E1710.30949
G1 X119 Y87.9 E1710.61083
G1 X101 Y87.9 E1711.20951
G1 X101 Y96.96 E1711.51085
G1 X110 Y96.96 E1711.81019
G0 F12000 X110 Y97.36
G1 F2400 X119.4 Y97.36 E1712.12284
G1 X119.4 Y87.5 E1712.45078
G1 X100.6 Y87.5 E1713.07607
G1 X100.6 Y97.36 E1713.40402
G1 X110 Y97.36 E1713.71666
G0 F12000 X110 Y97.76
;TYPE:WALL-OUTER
G1 F2400 X119.8 Y97.76 E1714.04261
G1 X119.8 Y87.1 E1714.39716
G1 X100.2 Y87.1 E1715.04906
G1 X100.2 Y97.76 E1715.40362
G1 X110 Y97.76 E1715.72957
G0 F12000 X110 Y97.051
G0 X110.135 Y96.08
;TYPE:FILL
G1 F4800 X102.836 Y88.78 E1716.07291
G0 F12000 X101.881 Y89.335
G1 F4800 X103.955 Y88.78 E1716.14432
G0 F12000 X105.395 Y88.779
G1 F4800 X103.439 Y96.081 E1716.39575
G0 F12000 X104.479 Y96.08
G1 F4800 X101.88 Y93.481 E1716.518
G1 X101.881 Y93.476
G1 X118.119 Y89.125 E1717.07713
G0 F12000 X117.819 Y88.779
G1 F4800 X115.863 Y96.08 E1717.32852
G1 X115.792 Y96.08
G1 X108.493 Y88.78 E1717.67187
G0 F12000 X109.537 Y88.779
G1 F4800 X107.58 Y96.081 E1717.92331
G1 X107.617 Y96.08
G1 X118.12 Y93.266 E1718.28496
G0 F12000 X118.12 Y92.75
G1 F4800 X114.15 Y88.78 E1718.47169
G0 F12000 X113.678 Y88.779
G1 F4800 X111.721 Y96.08 E1718.7231
G1 F2700 E1713.7231
G0 F12000 X109.999 Y97.551
G0 X110 Y98.626
G0 X109.999 Y121.374
G0 X110 Y122.449
G0 X110 Y131.3
;TYPE:WALL-INNER
G1 F2700 E1718.7231
G1 F2400 X118.2 Y131.3 E1718.99583
G1 X118.2 Y123.836 E1719.24409
G1 X101.8 Y123.836 E1719.78955
G1 X101.8 Y131.3 E1720.03781
G1 X110 Y131.3 E1720.31054
G0 F12000 X110 Y131.7
G1 F2400 X118.6 Y131.7 E1720.59658
G1 X118.6 Y123.436 E1720.87144
G1 X101.4 Y123.436 E1721.44351
G1 X101.4 Y131.7 E1721.71837
G1 X110 Y131.7 E1722.00441
G0 F12000 X110 Y132.1
G1 F2400 X119 Y132.1 E1722.30375
G1 X119 Y123.036 E1722.60522
G1 X101 Y123.036 E1723.2039
G1 X101 Y132.1 E1723.50537
G1 X110 Y132.1 E1723.80472
G0 F12000 X110 Y132.5
G1 F2400 X119.4 Y132.5 E1724.11736
G1 X119.4 Y122.636 E1724.44544
G1 X100.6 Y122.636 E1725.07073
G1 X100.6 Y132.5 E1725.39881
G1 X110 Y132.5 E1725.71145
G0 F12000 X110 Y132.9
;TYPE:WALL-OUTER
G1 F2400 X119.8 Y132.9 E1726.0374
G1 X119.8 Y122.236 E1726.39209
G1 X100.2 Y122.236 E1727.04399
G1 X100.2 Y132.9 E1727.39867
G1 X110 Y132.9 E1727.72462
G0 F12000 X110 Y132.19
G0 X110.588 Y131.22
;TYPE:FILL
G1 F4800 X112.545 Y123.915 E1727.97616
G0 F12000 X111.918 Y123.916
G1 F4800 X101.88 Y126.605 E1728.32179
G0 F12000 X101.88 Y127.422
G1 F4800 X105.678 Y131.22 E1728.50044
G0 F12000 X106.447 Y131.221
G1 F4800 X108.404 Y123.915 E1728.752
G0 F12000 X109.688 Y123.916
G1 F4800 X116.992 Y131.22 E1729.09556
G0 F12000 X118.119 Y130.536
G1 F4800 X115.569 Y131.22 E1729.18337
G0 F12000 X114.729 Y131.22
G1 F4800 X116.686 Y123.916 E1729.43487
G0 F12000 X115.345 Y123.916
G1 F4800 X118.12 Y126.692 E1729.56542
G0 F12000 X118.119 Y126.395
G1 F4800 X101.88 Y130.747 E1730.1246
G0 F12000 X102.306 Y131.22
G1 F4800 X104.263 Y123.916 E1730.3761
G0 F12000 X104.031 Y123.916
G1 F4800 X111.335 Y131.22 E1730.71965
G1 F2700 E1725.71965
;MESH:NONMESH
G0 F300 Z8.6
G0 F12000 X109.797 Y122.449
G0 X109.796 Y121.374
G0 X109.797 Y98.626
G0 X109.796 Y97.551
G0 X109.796 Y95.818
;TIME_ELAPSED:1795.729641
;LAYER:42
;TYPE:WALL-INNER
;MESH:v1.STL(1)
G1 F2700 E1730.71965
G1 F2400 X118.2 Y95.816 E1730.99917
G1 X118.2 Y88.7 E1731.23585
G1 X101.8 Y88.7 E1731.78132
G1 X101.8 Y95.819 E1732.0181
G1 X109.796 Y95.818 E1732.28404
G0 F12000 X109.805 Y96.218
G1 F2400 X118.6 Y96.216 E1732.57657
G1 X118.6 Y88.3 E1732.83985
G1 X101.4 Y88.3 E1733.41193
G1 X101.4 Y96.219 E1733.67532
G1 X109.805 Y96.218 E1733.95487
G0 F12000 X109.814 Y96.618
G1 F2400 X119 Y96.616 E1734.2604
G1 X119 Y87.9 E1734.55029
G1 X101 Y87.9 E1735.14897
G1 X101 Y96.619 E1735.43897
G1 X109.814 Y96.618 E1735.73212
G0 F12000 X109.822 Y97.018
G1 F2400 X119.4 Y97.016 E1736.05069
G1 X119.4 Y87.5 E1736.36719
G1 X100.6 Y87.5 E1736.99248
G1 X100.6 Y97.019 E1737.30909
G1 X109.822 Y97.018 E1737.61581
G0 F12000 X109.829 Y97.418
;TYPE:WALL-OUTER
G1 F2400 X119.8 Y97.416 E1737.94745
G1 X119.8 Y87.1 E1738.29056
G1 X100.2 Y87.1 E1738.94246
G1 X100.2 Y97.419 E1739.28567
G1 X109.829 Y97.418 E1739.60593
G0 F12000 X109.829 Y96.709
G0 X109.994 Y95.737
;TYPE:FILL
G1 F4800 X103.037 Y88.78 E1739.93317
G0 F12000 X101.88 Y89.482
G1 F4800 X104.504 Y88.78 E1740.02351
G0 F12000 X105.248 Y88.779
G1 F4800 X103.384 Y95.739 E1740.26316
G0 F12000 X104.339 Y95.739
G1 F4800 X101.88 Y93.28 E1740.37882
G0 F12000 X101.88 Y93.624
G1 F4800 X118.119 Y89.272 E1740.93799
G0 F12000 X117.672 Y88.78
G1 F4800 X115.808 Y95.736 E1741.17751
G1 X115.649 Y95.736
G1 X108.694 Y88.78 E1741.50468
G0 F12000 X109.39 Y88.779
G1 F4800 X107.525 Y95.739 E1741.74434
G0 F12000 X109.445 Y95.738
G1 F4800 X118.12 Y93.413 E1742.04305
G0 F12000 X118.12 Y92.55
G1 F4800 X114.35 Y88.78 E1742.22038
G0 F12000 X113.531 Y88.779
G1 F4800 X111.666 Y95.738 E1742.46001
G1 F2700 E1737.46001
G0 F12000 X109.999 Y97.209
G0 X110 Y98.284
G0 X109.999 Y121.716
G0 X110 Y122.791
G0 X110 Y131.3
;TYPE:WALL-INNER
G1 F2700 E1742.46001
G1 F2400 X118.2 Y131.3 E1742.73274
G1 X118.2 Y124.18 E1742.96955
G1 X101.8 Y124.18 E1743.51502
G1 X101.8 Y131.3 E1743.75183
G1 X110 Y131.3 E1744.02456
G0 F12000 X110 Y131.7
G1 F2400 X118.6 Y131.7 E1744.3106
G1 X118.6 Y123.78 E1744.57402
G1 X101.4 Y123.78 E1745.14609
G1 X101.4 Y131.7 E1745.40951
G1 X110 Y131.7 E1745.69555
G0 F12000 X110 Y132.1
G1 F2400 X119 Y132.1 E1745.99489
G1 X119 Y123.38 E1746.28492
G1 X101 Y123.38 E1746.8836
G1 X101 Y132.1 E1747.17363
G1 X110 Y132.1 E1747.47297
G0 F12000 X110 Y132.5
G1 F2400 X119.4 Y132.5 E1747.78562
G1 X119.4 Y122.98 E1748.10226
G1 X100.6 Y122.98 E1748.72755
G1 X100.6 Y132.5 E1749.04418
G1 X110 Y132.5 E1749.35683
G0 F12000 X110 Y132.9
;TYPE:WALL-OUTER
G1 F2400 X119.8 Y132.9 E1749.68278
G1 X119.8 Y122.58 E1750.02602
G1 X100.2 Y122.58 E1750.67792
G1 X100.2 Y132.9 E1751.02116
G1 X110 Y132.9 E1751.34711
G0 F12000 X110 Y132.19
G0 X110.441 Y131.22
;TYPE:FILL
G1 F4800 X112.306 Y124.259 E1751.5868
G0 F12000 X111.182 Y124.26
G1 F4800 X101.88 Y126.752 E1751.9071
G0 F12000 X101.88 Y127.221
G1 F4800 X105.879 Y131.22 E1752.0952
G0 F12000 X106.3 Y131.221
G1 F4800 X108.165 Y124.259 E1752.33492
G0 F12000 X110.233 Y124.261
G1 F4800 X117.192 Y131.22 E1752.66225
G0 F12000 X118.119 Y130.683
G1 F4800 X116.118 Y131.22 E1752.73116
G0 F12000 X114.582 Y131.22
G1 F4800 X116.447 Y124.259 E1752.97085
G0 F12000 X115.89 Y124.261
G1 F4800 X118.12 Y126.491 E1753.07574
G1 X118.119 Y126.542
G1 X101.88 Y130.894 E1753.63491
G0 F12000 X102.159 Y131.22
G1 F4800 X104.024 Y124.259 E1753.8746
G0 F12000 X104.576 Y124.261
G1 F4800 X111.535 Y131.22 E1754.20193
G1 F2700 E1749.20193
;MESH:NONMESH
G0 F300 Z8.8
G0 F12000 X110.001 Y122.791
G0 X110 Y121.716
G0 X110.001 Y98.284
G0 X110 Y97.209
G0 X110 Y95.532
;TIME_ELAPSED:1820.169145
;LAYER:43
;TYPE:WALL-INNER
;MESH:v1.STL(1)
G1 F2700 E1754.20193
G1 F2400 X118.2 Y95.532 E1754.47467
G1 X118.2 Y88.7 E1754.7019
G1 X101.8 Y88.7 E1755.24736
G1 X101.8 Y95.532 E1755.4746
G1 X110 Y95.532 E1755.74733
G0 F12000 X110 Y95.932
G1 F2400 X118.6 Y95.932 E1756.03337
G1 X118.6 Y88.3 E1756.28721
G1 X101.4 Y88.3 E1756.85928
G1 X101.4 Y95.932 E1757.11313
G1 X110 Y95.932 E1757.39916
G0 F12000 X110 Y96.332
G1 F2400 X119 Y96.332 E1757.6985
G1 X119 Y87.9 E1757.97895
G1 X101 Y87.9 E1758.57764
G1 X101 Y96.332 E1758.85809
G1 X110 Y96.332 E1759.15743
G0 F12000 X110 Y96.732
G1 F2400 X119.4 Y96.732 E1759.47007
G1 X119.4 Y87.5 E1759.77713
G1 X100.6 Y87.5 E1760.40242
G1 X100.6 Y96.732 E1760.70948
G1 X110 Y96.732 E1761.02212
G0 F12000 X110 Y97.132
;TYPE:WALL-OUTER
G1 F2400 X119.8 Y97.132 E1761.34807
G1 X119.8 Y87.1 E1761.68174
G1 X100.2 Y87.1 E1762.33364
G1 X100.2 Y97.132 E1762.6673
G1 X110 Y97.132 E1762.99325
G0 F12000 X110 Y96.423
G0 X109.908 Y95.452
;TYPE:FILL
G1 F4800 X103.236 Y88.78 E1763.30708
G0 F12000 X101.881 Y89.628
G1 F4800 X105.048 Y88.78 E1763.41613
G1 X105.103 Y88.779
G1 X103.315 Y95.452 E1763.6459
G0 F12000 X104.251 Y95.452
G1 F4800 X101.88 Y93.081 E1763.75743
G0 F12000 X101.881 Y93.769
G1 F4800 X118.119 Y89.418 E1764.31656
G0 F12000 X117.526 Y88.779
G1 F4800 X115.738 Y95.453 E1764.54636
G1 X115.565 Y95.452
G1 X108.893 Y88.78 E1764.86019
G0 F12000 X109.244 Y88.779
G1 F4800 X107.456 Y95.452 E1765.08997
G0 F12000 X111.056 Y95.452
G1 F4800 X118.119 Y93.56 E1765.33317
G0 F12000 X118.12 Y92.35
G1 F4800 X114.55 Y88.78 E1765.50109
G0 F12000 X113.385 Y88.779
G1 F4800 X111.597 Y95.453 E1765.73089
G1 F2700 E1760.73089
G0 F12000 X109.999 Y96.923
G0 X110 Y97.998
G0 X109.999 Y122.002
G0 X110 Y123.077
G0 X110 Y131.3
;TYPE:WALL-INNER
G1 F2700 E1765.73089
G1 F2400 X118.2 Y131.3 E1766.00363
G1 X118.2 Y124.464 E1766.23099
G1 X101.8 Y124.464 E1766.77646
G1 X101.8 Y131.3 E1767.00383
G1 X110 Y131.3 E1767.27656
G0 F12000 X110 Y131.7
G1 F2400 X118.6 Y131.7 E1767.5626
G1 X118.6 Y124.064 E1767.81657
G1 X101.4 Y124.064 E1768.38864
G1 X101.4 Y131.7 E1768.64262
G1 X110 Y131.7 E1768.92866
G0 F12000 X110 Y132.1
G1 F2400 X119 Y132.1 E1769.228
G1 X119 Y123.664 E1769.50858
G1 X101 Y123.664 E1770.10726
G1 X101 Y132.1 E1770.38784
G1 X110 Y132.1 E1770.68719
G0 F12000 X110 Y132.5
G1 F2400 X119.4 Y132.5 E1770.99983
G1 X119.4 Y123.264 E1771.30702
G1 X100.6 Y123.264 E1771.93231
G1 X100.6 Y132.5 E1772.2395
G1 X110 Y132.5 E1772.55215
G0 F12000 X110 Y132.9
;TYPE:WALL-OUTER
G1 F2400 X119.8 Y132.9 E1772.8781
G1 X119.8 Y122.864 E1773.2119
G1 X100.2 Y122.864 E1773.86379
G1 X100.2 Y132.9 E1774.19759
G1 X110 Y132.9 E1774.52354
G0 F12000 X110 Y132.19
G0 X110.295 Y131.221
;TYPE:FILL
G1 F4800 X112.084 Y124.544 E1774.75345
G0 F12000 X110.716 Y124.544
G1 F4800 X117.392 Y131.22 E1775.06747
G0 F12000 X116.662 Y131.22
G1 F4800 X118.12 Y130.829 E1775.11768
G0 F12000 X114.436 Y131.22
G1 F4800 X116.225 Y124.544 E1775.34756
G1 X116.373 Y124.544
G1 X118.12 Y126.291 E1775.42973
G0 F12000 X118.119 Y126.688
G1 F4800 X101.88 Y131.04 E1775.9889
G0 F12000 X102.013 Y131.22
G1 F4800 X103.802 Y124.544 E1776.21878
G0 F12000 X105.059 Y124.544
G1 F4800 X111.735 Y131.22 E1776.5328
G0 F12000 X106.154 Y131.22
G1 F4800 X107.943 Y124.544 E1776.76268
G0 F12000 X110.667 Y124.544
G1 F4800 X101.88 Y126.898 E1777.06524
G1 X101.88 Y127.022
G1 X106.078 Y131.22 E1777.2627
G1 F2700 E1772.2627
;MESH:NONMESH
G0 F300 Z9
G0 F12000 X109.797 Y123.077
G0 X109.796 Y122.002
G0 X109.797 Y97.998
G0 X109.796 Y96.923
G0 X109.796 Y95.246
;TIME_ELAPSED:1844.725486
;LAYER:44
;TYPE:WALL-INNER
;MESH:v1.STL(1)
G1 F2700 E1777.2627
G1 F2400 X118.2 Y95.244 E1777.54222
G1 X118.2 Y88.7 E1777.75988
G1 X101.8 Y88.7 E1778.30534
G1 X101.8 Y95.247 E1778.5231
G1 X109.796 Y95.246 E1778.78904
G0 F12000 X109.805 Y95.646
G1 F2400 X118.6 Y95.644 E1779.08157
G1 X118.6 Y88.3 E1779.32583
G1 X101.4 Y88.3 E1779.8979
G1 X101.4 Y95.647 E1780.14227
G1 X109.805 Y95.646 E1780.42182
G0 F12000 X109.814 Y96.046
G1 F2400 X119 Y96.044 E1780.72734
G1 X119 Y87.9 E1780.99822
G1 X101 Y87.9 E1781.5969
G1 X101 Y96.047 E1781.86787
G1 X109.814 Y96.046 E1782.16102
G0 F12000 X109.822 Y96.446
G1 F2400 X119.4 Y96.444 E1782.47959
G1 X119.4 Y87.5 E1782.77707
G1 X100.6 Y87.5 E1783.40236
G1 X100.6 Y96.447 E1783.69994
G1 X109.822 Y96.446 E1784.00666
G0 F12000 X109.829 Y96.846
;TYPE:WALL-OUTER
G1 F2400 X119.8 Y96.844 E1784.3383
G1 X119.8 Y87.1 E1784.66238
G1 X100.2 Y87.1 E1785.31428
G1 X100.2 Y96.847 E1785.63847
G1 X109.829 Y96.846 E1785.95873
G0 F12000 X109.829 Y96.137
G0 X109.821 Y95.165
;TYPE:FILL
G1 F4800 X103.436 Y88.78 E1786.25906
G0 F12000 X104.957 Y88.779
G1 F4800 X103.245 Y95.167 E1786.47903
G0 F12000 X104.165 Y95.166
G1 F4800 X101.88 Y92.881 E1786.58651
G0 F12000 X101.881 Y93.915
G1 F4800 X118.12 Y89.564 E1787.14567
G0 F12000 X117.38 Y88.779
G1 F4800 X115.669 Y95.165 E1787.36556
G1 X115.477 Y95.165
G1 X109.092 Y88.78 E1787.66589
G1 X109.098 Y88.78
G1 X107.386 Y95.166 E1787.88579
G0 F12000 X111.527 Y95.166
G1 F4800 X113.239 Y88.779 E1788.10572
G0 F12000 X114.749 Y88.78
G1 F4800 X118.12 Y92.151 E1788.26428
G0 F12000 X118.12 Y93.705
G1 F4800 X112.672 Y95.165 E1788.45188
G0 F12000 X105.593 Y88.78
G1 F4800 X101.881 Y89.774 E1788.57969
G1 F2700 E1783.57969
G0 F12000 X109.999 Y96.637
G0 X110 Y97.712
G0 X109.999 Y122.288
G0 X110 Y123.363
G0 X110 Y131.3
;TYPE:WALL-INNER
G1 F2700 E1788.57969
G1 F2400 X118.2 Y131.3 E1788.85242
G1 X118.2 Y124.752 E1789.07021
G1 X101.8 Y124.752 E1789.61568
G1 X101.8 Y131.3 E1789.83346
G1 X110 Y131.3 E1790.1062
G0 F12000 X110 Y131.7
G1 F2400 X118.6 Y131.7 E1790.39223
G1 X118.6 Y124.352 E1790.63663
G1 X101.4 Y124.352 E1791.2087
G1 X101.4 Y131.7 E1791.4531
G1 X110 Y131.7 E1791.73914
G0 F12000 X110 Y132.1
G1 F2400 X119 Y132.1 E1792.03848
G1 X119 Y123.952 E1792.30948
G1 X101 Y123.952 E1792.90816
G1 X101 Y132.1 E1793.17917
G1 X110 Y132.1 E1793.47851
G0 F12000 X110 Y132.5
G1 F2400 X119.4 Y132.5 E1793.79115
G1 X119.4 Y123.552 E1794.08876
G1 X100.6 Y123.552 E1794.71406
G1 X100.6 Y132.5 E1795.01167
G1 X110 Y132.5 E1795.32431
G0 F12000 X110 Y132.9
;TYPE:WALL-OUTER
G1 F2400 X119.8 Y132.9 E1795.65026
G1 X119.8 Y123.152 E1795.97448
G1 X100.2 Y123.152 E1796.62638
G1 X100.2 Y132.9 E1796.9506
G1 X110 Y132.9 E1797.27655
G0 F12000 X110 Y132.19
G0 X110.149 Y131.22
;TYPE:FILL
G1 F4800 X111.861 Y124.831 E1797.49654
G0 F12000 X111.204 Y124.833
G1 F4800 X117.591 Y131.22 E1797.79697
G0 F12000 X117.208 Y131.22
G1 F4800 X118.12 Y130.975 E1797.82838
G0 F12000 X114.29 Y131.221
G1 F4800 X116.002 Y124.832 E1798.04837
G0 F12000 X116.861 Y124.833
G1 F4800 X118.12 Y126.092 E1798.10759
G0 F12000 X118.119 Y126.834
G1 F4800 X101.88 Y131.186 E1798.66676
G1 X101.88 Y131.169
G1 X103.579 Y124.832 E1798.88498
G0 F12000 X105.547 Y124.833
G1 F4800 X111.934 Y131.22 E1799.1854
G0 F12000 X106.277 Y131.22
G1 F4800 X101.88 Y126.822 E1799.39225
G0 F12000 X101.881 Y127.044
G1 F4800 X110.138 Y124.832 E1799.67656
G0 F12000 X107.72 Y124.831
G1 F4800 X106.008 Y131.22 E1799.89656
G1 F2700 E1794.89656
;MESH:NONMESH
G0 F300 Z9.2
G0 F12000 X110.001 Y123.363
G0 X110 Y122.288
G0 X110.001 Y97.712
G0 X110 Y96.637
G0 X110 Y94.96
;TIME_ELAPSED:1869.491234
;LAYER:45
;TYPE:WALL-INNER
;MESH:v1.STL(1)
G1 F2700 E1799.89656
G1 F2400 X118.2 Y94.96 E1800.16929
G1 X118.2 Y88.7 E1800.3775
G1 X101.8 Y88.7 E1800.92296
G1 X101.8 Y94.96 E1801.13117
G1 X110 Y94.96 E1801.40391
G0 F12000 X110 Y95.36
G1 F2400 X118.6 Y95.36 E1801.68994
G1 X118.6 Y88.3 E1801.92476
G1 X101.4 Y88.3 E1802.49683
G1 X101.4 Y95.36 E1802.73165
G1 X110 Y95.36 E1803.01769
G0 F12000 X110 Y95.76
G1 F2400 X119 Y95.76 E1803.31703
G1 X119 Y87.9 E1803.57845
G1 X101 Y87.9 E1804.17714
G1 X101 Y95.76 E1804.43856
G1 X110 Y95.76 E1804.7379
G0 F12000 X110 Y96.16
G1 F2400 X119.4 Y96.16 E1805.05055
G1 X119.4 Y87.5 E1805.33858
G1 X100.6 Y87.5 E1805.96387
G1 X100.6 Y96.16 E1806.2519
G1 X110 Y96.16 E1806.56455
G0 F12000 X110 Y96.56
;TYPE:WALL-OUTER
G1 F2400 X119.8 Y96.56 E1806.8905
G1 X119.8 Y87.1 E1807.20514
G1 X100.2 Y87.1 E1807.85704
G1 X100.2 Y96.56 E1808.17168
G1 X110 Y96.56 E1808.49763
G0 F12000 X110 Y95.852
G0 X109.736 Y94.88
;TYPE:FILL
G1 F4800 X103.636 Y88.78 E1808.78455
G0 F12000 X104.81 Y88.779
G1 F4800 X103.175 Y94.881 E1808.99467
G0 F12000 X104.079 Y94.88
G1 F4800 X101.88 Y92.68 E1809.09812
G0 F12000 X101.881 Y94.062
G1 F4800 X118.12 Y89.711 E1809.65729
G0 F12000 X117.233 Y88.779
G1 F4800 X115.598 Y94.88 E1809.86737
G0 F12000 X115.393 Y94.88
G1 F4800 X109.293 Y88.78 E1810.15429
G0 F12000 X108.951 Y88.78
G1 F4800 X107.316 Y94.88 E1810.36434
G0 F12000 X111.457 Y94.88
G1 F4800 X113.092 Y88.779 E1810.57442
G0 F12000 X114.95 Y88.78
G1 F4800 X118.12 Y91.95 E1810.72353
G0 F12000 X118.12 Y93.852
G1 F4800 X114.283 Y94.88 E1810.85565
G0 F12000 X106.142 Y88.78
G1 F4800 X101.881 Y89.921 E1811.00236
G1 F2700 E1806.00236
G0 F12000 X109.999 Y96.352
G0 X110 Y97.427
G0 X109.999 Y122.573
G0 X110 Y123.648
G0 X110 Y131.3
;TYPE:WALL-INNER
G1 F2700 E1811.00236
G1 F2400 X118.2 Y131.3 E1811.27509
G1 X118.2 Y125.036 E1811.48344
G1 X101.8 Y125.036 E1812.0289
G1 X101.8 Y131.3 E1812.23724
G1 X110 Y131.3 E1812.50998
G0 F12000 X110 Y131.7
G1 F2400 X118.6 Y131.7 E1812.79601
G1 X118.6 Y124.636 E1813.03096
G1 X101.4 Y124.636 E1813.60304
G1 X101.4 Y131.7 E1813.83799
G1 X110 Y131.7 E1814.12402
G0 F12000 X110 Y132.1
G1 F2400 X119 Y132.1 E1814.42337
G1 X119 Y124.236 E1814.68492
G1 X101 Y124.236 E1815.28361
G1 X101 Y132.1 E1815.54516
G1 X110 Y132.1 E1815.8445
G0 F12000 X110 Y132.5
G1 F2400 X119.4 Y132.5 E1816.15715
G1 X119.4 Y123.836 E1816.44532
G1 X100.6 Y123.836 E1817.07061
G1 X100.6 Y132.5 E1817.35877
G1 X110 Y132.5 E1817.67142
G0 F12000 X110 Y132.9
;TYPE:WALL-OUTER
G1 F2400 X119.8 Y132.9 E1817.99737
G1 X119.8 Y123.436 E1818.31214
G1 X100.2 Y123.436 E1818.96404
G1 X100.2 Y132.9 E1819.27881
G1 X110 Y132.9 E1819.60476
G0 F12000 X110 Y132.19
G0 X110.002 Y131.22
;TYPE:FILL
G1 F4800 X111.638 Y125.115 E1819.81498
G1 X111.688 Y125.116
G1 X117.792 Y131.22 E1820.10209
G1 X117.757 Y131.22
G1 X118.12 Y131.122 E1820.1146
G0 F12000 X114.143 Y131.221
G1 F4800 X115.779 Y125.116 E1820.32482
G0 F12000 X117.345 Y125.116
G1 F4800 X118.12 Y125.891 E1820.36127
G0 F12000 X118.12 Y126.981
G1 F4800 X102.3 Y131.22 E1820.90601
G0 F12000 X101.88 Y130.62
G1 F4800 X103.355 Y125.116 E1821.09553
G0 F12000 X101.88 Y126.622
G1 F4800 X106.478 Y131.22 E1821.31181
G0 F12000 X105.861 Y131.22
G1 F4800 X107.497 Y125.115 E1821.52202
G0 F12000 X106.031 Y125.116
G1 F4800 X112.135 Y131.22 E1821.80914
G0 F12000 X109.628 Y125.115
G1 F4800 X101.88 Y127.191 E1822.07593
G1 F2700 E1817.07593
;MESH:NONMESH
G0 F300 Z9.4
G0 F12000 X110.001 Y123.648
G0 X110 Y122.573
G0 X110.001 Y97.427
G0 X110 Y96.352
G0 X110 Y94.676
;TIME_ELAPSED:1894.099183
;LAYER:46
;TYPE:WALL-INNER
;MESH:v1.STL(1)
G1 F2700 E1822.07593
G1 F2400 X118.2 Y94.676 E1822.34866
G1 X118.2 Y88.7 E1822.54742
G1 X101.8 Y88.7 E1823.09289
G1 X101.8 Y94.676 E1823.29165
G1 X110 Y94.676 E1823.56438
G0 F12000 X110 Y95.076
G1 F2400 X118.6 Y95.076 E1823.85042
G1 X118.6 Y88.3 E1824.07579
G1 X101.4 Y88.3 E1824.64787
G1 X101.4 Y95.076 E1824.87324
G1 X110 Y95.076 E1825.15927
G0 F12000 X110 Y95.476
G1 F2400 X119 Y95.476 E1825.45862
G1 X119 Y87.9 E1825.71059
G1 X101 Y87.9 E1826.30928
G1 X101 Y95.476 E1826.56126
G1 X110 Y95.476 E1826.8606
G0 F12000 X110 Y95.876
G1 F2400 X119.4 Y95.876 E1827.17324
G1 X119.4 Y87.5 E1827.45183
G1 X100.6 Y87.5 E1828.07712
G1 X100.6 Y95.876 E1828.35571
G1 X110 Y95.876 E1828.66835
G0 F12000 X110 Y96.276
;TYPE:WALL-OUTER
G1 F2400 X119.8 Y96.276 E1828.9943
G1 X119.8 Y87.1 E1829.2995
G1 X100.2 Y87.1 E1829.9514
G1 X100.2 Y96.276 E1830.25659
G1 X110 Y96.276 E1830.58254
G0 F12000 X110 Y95.566
G0 X109.652 Y94.596
;TYPE:FILL
G1 F4800 X103.836 Y88.78 E1830.85611
G0 F12000 X104.664 Y88.779
G1 F4800 X103.105 Y94.597 E1831.05644
G0 F12000 X103.995 Y94.596
G1 F4800 X101.88 Y92.481 E1831.15592
G0 F12000 X101.88 Y94.208
G1 F4800 X118.12 Y89.857 E1831.71512
G0 F12000 X117.087 Y88.779
G1 F4800 X115.528 Y94.596 E1831.91542
G0 F12000 X115.309 Y94.596
G1 F4800 X109.493 Y88.78 E1832.18899
G0 F12000 X108.805 Y88.779
G1 F4800 X107.246 Y94.597 E1832.38932
G0 F12000 X111.387 Y94.596
G1 F4800 X112.946 Y88.78 E1832.58959
G0 F12000 X115.15 Y88.78
G1 F4800 X118.12 Y91.751 E1832.72931
G0 F12000 X118.119 Y93.998
G1 F4800 X115.89 Y94.596 E1832.80607
G0 F12000 X106.686 Y88.78
G1 F4800 X101.881 Y90.067 E1832.97152
G1 F2700 E1827.97152
G0 F12000 X109.999 Y96.066
G0 X110 Y97.141
G0 X109.999 Y122.859
G0 X110 Y123.934
G0 X110 Y131.3
;TYPE:WALL-INNER
G1 F2700 E1832.97152
G1 F2400 X118.2 Y131.3 E1833.24425
G1 X118.2 Y125.32 E1833.44315
G1 X101.8 Y125.324 E1833.98862
G1 X101.8 Y131.3 E1834.18738
G1 X110 Y131.3 E1834.46011
G0 F12000 X110 Y131.7
G1 F2400 X118.6 Y131.7 E1834.74615
G1 X118.6 Y124.92 E1834.97165
G1 X101.4 Y124.924 E1835.54373
G1 X101.4 Y131.7 E1835.7691
G1 X110 Y131.7 E1836.05514
G0 F12000 X110 Y132.1
G1 F2400 X119 Y132.1 E1836.35448
G1 X119 Y124.52 E1836.60659
G1 X101 Y124.524 E1837.20527
G1 X101 Y132.1 E1837.45725
G1 X110 Y132.1 E1837.75659
G0 F12000 X110 Y132.5
G1 F2400 X119.4 Y132.5 E1838.06924
G1 X119.4 Y124.12 E1838.34796
G1 X100.6 Y124.124 E1838.97325
G1 X100.6 Y132.5 E1839.25183
G1 X110 Y132.5 E1839.56448
G0 F12000 X110 Y132.9
;TYPE:WALL-OUTER
G1 F2400 X119.8 Y132.9 E1839.89043
G1 X119.8 Y123.72 E1840.19576
G1 X100.2 Y123.724 E1840.84765
G1 X100.2 Y132.9 E1841.15285
G1 X110 Y132.9 E1841.4788
G0 F12000 X110 Y132.19
G0 X109.856 Y131.22
;TYPE:FILL
G1 F4800 X111.415 Y125.4 E1841.6792
G0 F12000 X112.173 Y125.402
G1 F4800 X117.991 Y131.22 E1841.95286
G0 F12000 X113.997 Y131.22
G1 F4800 X115.557 Y125.4 E1842.15327
G0 F12000 X117.829 Y125.401
G1 F4800 X118.12 Y125.692 E1842.16695
G0 F12000 X118.12 Y127.127
G1 F4800 X102.846 Y131.22 E1842.69289
G0 F12000 X101.88 Y130.076
G1 F4800 X103.133 Y125.403 E1842.85381
G0 F12000 X101.88 Y126.422
G1 F4800 X106.678 Y131.22 E1843.07949
G0 F12000 X105.715 Y131.22
G1 F4800 X107.274 Y125.402 E1843.27982
G0 F12000 X106.518 Y125.403
G1 F4800 X112.335 Y131.22 E1843.55344
G0 F12000 X109.103 Y125.402
G1 F4800 X101.881 Y127.337 E1843.80212
G1 F2700 E1838.80212
;MESH:NONMESH
G0 F300 Z9.6
G0 F12000 X110.001 Y123.934
G0 X110 Y122.859
G0 X110.001 Y97.141
G0 X110 Y96.066
G0 X110 Y94.388
;TIME_ELAPSED:1918.508867
;LAYER:47
;TYPE:WALL-INNER
;MESH:v1.STL(1)
G1 F2700 E1843.80212
G1 F2400 X118.2 Y94.388 E1844.07485
G1 X118.2 Y88.7 E1844.26403
G1 X101.8 Y88.7 E1844.8095
G1 X101.8 Y94.388 E1844.99868
G1 X110 Y94.388 E1845.27142
G0 F12000 X110 Y94.788
G1 F2400 X118.6 Y94.788 E1845.55745
G1 X118.6 Y88.3 E1845.77324
G1 X101.4 Y88.3 E1846.34532
G1 X101.4 Y94.788 E1846.56111
G1 X110 Y94.788 E1846.84715
G0 F12000 X110 Y95.188
G1 F2400 X119 Y95.188 E1847.14649
G1 X119 Y87.9 E1847.38889
G1 X101 Y87.9 E1847.98757
G1 X101 Y95.188 E1848.22997
G1 X110 Y95.188 E1848.52931
G0 F12000 X110 Y95.588
G1 F2400 X119.4 Y95.588 E1848.84196
G1 X119.4 Y87.5 E1849.11097
G1 X100.6 Y87.5 E1849.73626
G1 X100.6 Y95.588 E1850.00526
G1 X110 Y95.588 E1850.31791
G0 F12000 X110 Y95.988
;TYPE:WALL-OUTER
G1 F2400 X119.8 Y95.988 E1850.64386
G1 X119.8 Y87.1 E1850.93947
G1 X100.2 Y87.1 E1851.59137
G1 X100.2 Y95.988 E1851.88699
G1 X110 Y95.988 E1852.21294
G0 F12000 X110 Y95.28
G0 X109.564 Y94.308
;TYPE:FILL
G1 F4800 X104.037 Y88.78 E1852.47294
G0 F12000 X104.517 Y88.779
G1 F4800 X103.035 Y94.308 E1852.66332
G0 F12000 X103.907 Y94.308
G1 F4800 X101.88 Y92.28 E1852.75869
G0 F12000 X102.057 Y94.308
G1 F4800 X118.12 Y90.004 E1853.31179
G0 F12000 X118.12 Y91.55
G1 F4800 X115.35 Y88.78 E1853.44209
G0 F12000 X116.94 Y88.779
G1 F4800 X115.458 Y94.308 E1853.63247
G0 F12000 X115.221 Y94.308
G1 F4800 X109.693 Y88.78 E1853.89249
G0 F12000 X108.658 Y88.779
G1 F4800 X107.176 Y94.309 E1854.08291
G0 F12000 X111.317 Y94.308
G1 F4800 X112.799 Y88.78 E1854.27327
G0 F12000 X107.235 Y88.78
G1 F4800 X101.881 Y90.214 E1854.45762
G0 F12000 X117.513 Y94.308
G1 F4800 X118.119 Y94.145 E1854.47849
G1 F2700 E1849.47849
G0 F12000 X109.999 Y95.78
G0 X110 Y96.855
G0 X109.999 Y123.145
G0 X110 Y124.22
G0 X110 Y131.3
;TYPE:WALL-INNER
G1 F2700 E1854.47849
G1 F2400 X118.2 Y131.3 E1854.75122
G1 X118.2 Y125.608 E1854.94054
G1 X101.8 Y125.608 E1855.48601
G1 X101.8 Y131.3 E1855.67532
G1 X110 Y131.3 E1855.94806
G0 F12000 X110 Y131.7
G1 F2400 X118.6 Y131.7 E1856.23409
G1 X118.6 Y125.208 E1856.45002
G1 X101.4 Y125.208 E1857.02209
G1 X101.4 Y131.7 E1857.23802
G1 X110 Y131.7 E1857.52405
G0 F12000 X110 Y132.1
G1 F2400 X119 Y132.1 E1857.82339
G1 X119 Y124.808 E1858.06593
G1 X101 Y124.808 E1858.66461
G1 X101 Y132.1 E1858.90714
G1 X110 Y132.1 E1859.20648
G0 F12000 X110 Y132.5
G1 F2400 X119.4 Y132.5 E1859.51913
G1 X119.4 Y124.408 E1859.78827
G1 X100.6 Y124.408 E1860.41356
G1 X100.6 Y132.5 E1860.6827
G1 X110 Y132.5 E1860.99535
G0 F12000 X110 Y132.9
;TYPE:WALL-OUTER
G1 F2400 X119.8 Y132.9 E1861.3213
G1 X119.8 Y124.008 E1861.61705
G1 X100.2 Y124.008 E1862.26894
G1 X100.2 Y132.9 E1862.56469
G1 X110 Y132.9 E1862.89064
G0 F12000 X110 Y132.19
G0 X109.709 Y131.22
;TYPE:FILL
G1 F4800 X111.191 Y125.688 E1863.08113
G0 F12000 X112.66 Y125.688
G1 F4800 X118.12 Y131.148 E1863.33795
G1 X117.991 Y131.221
G1 X118.119 Y130.741 E1863.35447
G0 F12000 X118.12 Y127.274
G1 F4800 X103.394 Y131.22 E1863.86154
G0 F12000 X105.568 Y131.22
G1 F4800 X107.05 Y125.687 E1864.05205
G1 X107.004 Y125.688
G1 X112.535 Y131.22 E1864.31224
G0 F12000 X113.85 Y131.221
G1 F4800 X115.332 Y125.688 E1864.50275
G0 F12000 X108.584 Y125.688
G1 F4800 X101.88 Y127.484 E1864.73359
G0 F12000 X101.88 Y126.221
G1 F4800 X106.878 Y131.22 E1864.96871
G0 F12000 X101.88 Y129.527
G1 F4800 X102.909 Y125.688 E1865.1009
G1 F2700 E1860.1009
;MESH:NONMESH
G0 F300 Z9.8
G0 F12000 X110.001 Y124.22
G0 X110 Y123.145
G0 X110.001 Y96.855
G0 X110 Y95.78
G0 X110 Y94.104
;TIME_ELAPSED:1942.738008
;LAYER:48
;TYPE:WALL-INNER
;MESH:v1.STL(1)
G1 F2700 E1865.1009
G1 F2400 X118.2 Y94.104 E1865.37363
G1 X118.2 Y88.7 E1865.55337
G1 X101.8 Y88.7 E1866.09884
G1 X101.8 Y94.104 E1866.27857
G1 X110 Y94.104 E1866.55131
G0 F12000 X110 Y94.504
G1 F2400 X118.6 Y94.504 E1866.83734
G1 X118.6 Y88.3 E1867.04369
G1 X101.4 Y88.3 E1867.61577
G1 X101.4 Y94.504 E1867.82211
G1 X110 Y94.504 E1868.10815
G0 F12000 X110 Y94.904
G1 F2400 X119 Y94.904 E1868.40749
G1 X119 Y87.9 E1868.64044
G1 X101 Y87.9 E1869.23913
G1 X101 Y94.904 E1869.47208
G1 X110 Y94.904 E1869.77142
G0 F12000 X110 Y95.304
G1 F2400 X119.4 Y95.304 E1870.08407
G1 X119.4 Y87.5 E1870.34363
G1 X100.6 Y87.5 E1870.96892
G1 X100.6 Y95.304 E1871.22848
G1 X110 Y95.304 E1871.54113
G0 F12000 X110 Y95.704
;TYPE:WALL-OUTER
G1 F2400 X119.8 Y95.704 E1871.86708
G1 X119.8 Y87.1 E1872.15325
G1 X100.2 Y87.1 E1872.80514
G1 X100.2 Y95.704 E1873.09131
G1 X110 Y95.704 E1873.41726
G0 F12000 X110 Y94.994
G0 X109.48 Y94.024
;TYPE:FILL
G1 F4800 X104.236 Y88.78 E1873.66393
G1 X104.371 Y88.779
G1 X102.965 Y94.025 E1873.84457
G0 F12000 X103.66 Y94.025
G1 F4800 X118.119 Y90.15 E1874.34245
G0 F12000 X118.12 Y91.35
G1 F4800 X115.55 Y88.78 E1874.46333
G0 F12000 X116.794 Y88.78
G1 F4800 X115.388 Y94.025 E1874.64394
G0 F12000 X115.137 Y94.024
G1 F4800 X109.893 Y88.78 E1874.8906
G0 F12000 X108.512 Y88.779
G1 F4800 X107.106 Y94.025 E1875.07124
G0 F12000 X103.823 Y94.024
G1 F4800 X101.88 Y92.081 E1875.16263
G0 F12000 X101.88 Y90.36
G1 F4800 X107.779 Y88.78 E1875.36575
G0 F12000 X112.653 Y88.779
G1 F4800 X111.247 Y94.025 E1875.54639
G1 F2700 E1870.54639
G0 F12000 X109.999 Y95.494
G0 X110 Y96.569
G0 X109.999 Y123.431
G0 X110 Y124.506
G0 X110 Y131.3
;TYPE:WALL-INNER
G1 F2700 E1875.54639
G1 F2400 X118.2 Y131.3 E1875.81913
G1 X118.2 Y125.892 E1875.999
G1 X101.8 Y125.896 E1876.54446
G1 X101.8 Y131.3 E1876.7242
G1 X110 Y131.3 E1876.99693
G0 F12000 X110 Y131.7
G1 F2400 X118.6 Y131.7 E1877.28297
G1 X118.6 Y125.492 E1877.48945
G1 X101.4 Y125.496 E1878.06152
G1 X101.4 Y131.7 E1878.26787
G1 X110 Y131.7 E1878.55391
G0 F12000 X110 Y132.1
G1 F2400 X119 Y132.1 E1878.85325
G1 X119 Y125.092 E1879.08633
G1 X101 Y125.096 E1879.68502
G1 X101 Y132.1 E1879.91797
G1 X110 Y132.1 E1880.21731
G0 F12000 X110 Y132.5
G1 F2400 X119.4 Y132.5 E1880.52996
G1 X119.4 Y124.692 E1880.78965
G1 X100.6 Y124.696 E1881.41494
G1 X100.6 Y132.5 E1881.67451
G1 X110 Y132.5 E1881.98715
G0 F12000 X110 Y132.9
;TYPE:WALL-OUTER
G1 F2400 X119.8 Y132.9 E1882.3131
G1 X119.8 Y124.292 E1882.5994
G1 X100.2 Y124.296 E1883.2513
G1 X100.2 Y132.9 E1883.53747
G1 X110 Y132.9 E1883.86342
G0 F12000 X110 Y132.19
G0 X109.563 Y131.22
;TYPE:FILL
G1 F4800 X110.969 Y125.973 E1884.04409
G0 F12000 X113.145 Y125.973
G1 F4800 X118.12 Y130.948 E1884.2781
G0 F12000 X117.845 Y131.221
G1 F4800 X118.12 Y130.196 E1884.3134
G0 F12000 X118.12 Y127.42
G1 F4800 X103.939 Y131.22 E1884.8017
G0 F12000 X105.422 Y131.22
G1 F4800 X106.827 Y125.974 E1884.98233
G0 F12000 X107.489 Y125.975
G1 F4800 X112.735 Y131.22 E1885.22907
G0 F12000 X113.704 Y131.22
G1 F4800 X115.11 Y125.972 E1885.40977
G0 F12000 X108.061 Y125.974
G1 F4800 X101.881 Y127.63 E1885.62257
G0 F12000 X101.881 Y128.982
G1 F4800 X102.686 Y125.976 E1885.72607
G0 F12000 X101.88 Y126.022
G1 F4800 X107.078 Y131.22 E1885.97057
G1 F2700 E1880.97057
;MESH:NONMESH
G0 F300 Z10
G0 F12000 X110.001 Y124.506
G0 X110 Y123.431
G0 X110.001 Y96.569
G0 X110 Y95.494
G0 X110 Y93.864
;TIME_ELAPSED:1965.918863
;LAYER:49
;TYPE:WALL-INNER
;MESH:v1.STL(1)
G1 F2700 E1885.97057
G1 F2400 X118.2 Y93.864 E1886.2433
G1 X118.2 Y88.7 E1886.41506
G1 X101.8 Y88.7 E1886.96053
G1 X101.8 Y93.864 E1887.13228
G1 X110 Y93.864 E1887.40501
G0 F12000 X110 Y94.264
G1 F2400 X118.6 Y94.264 E1887.69105
G1 X118.6 Y88.3 E1887.88942
G1 X101.4 Y88.3 E1888.46149
G1 X101.4 Y94.264 E1888.65985
G1 X110 Y94.264 E1888.94589
G0 F12000 X110 Y94.664
G1 F2400 X119 Y94.664 E1889.24523
G1 X119 Y87.9 E1889.4702
G1 X101 Y87.9 E1890.06889
G1 X101 Y94.664 E1890.29386
G1 X110 Y94.664 E1890.5932
G0 F12000 X110 Y95.064
G1 F2400 X119.4 Y95.064 E1890.90584
G1 X119.4 Y87.5 E1891.15742
G1 X100.6 Y87.5 E1891.78271
G1 X100.6 Y95.064 E1892.03429
G1 X110 Y95.064 E1892.34694
G0 F12000 X110 Y95.464
;TYPE:WALL-OUTER
G1 F2400 X119.8 Y95.464 E1892.67289
G1 X119.8 Y87.1 E1892.95108
G1 X100.2 Y87.1 E1893.60297
G1 X100.2 Y95.464 E1893.88116
G1 X110 Y95.464 E1894.20711
G0 F12000 X110 Y94.756
G0 X109.44 Y93.784
;TYPE:FILL
G1 F4800 X104.437 Y88.78 E1894.44246
G0 F12000 X104.224 Y88.779
G1 F4800 X102.882 Y93.785 E1894.61484
G0 F12000 X103.783 Y93.784
G1 F4800 X101.88 Y91.88 E1894.70438
G0 F12000 X101.881 Y90.507
G1 F4800 X108.328 Y88.78 E1894.92636
G1 X108.365 Y88.779
G1 X107.024 Y93.784 E1895.0987
G0 F12000 X105.106 Y93.784
G1 F4800 X118.119 Y90.297 E1895.54679
G0 F12000 X118.12 Y91.15
G1 F4800 X115.751 Y88.78 E1895.65824
G0 F12000 X116.647 Y88.78
G1 F4800 X115.306 Y93.785 E1895.83058
G0 F12000 X115.097 Y93.784
G1 F4800 X110.094 Y88.78 E1896.06593
G0 F12000 X112.506 Y88.779
G1 F4800 X111.164 Y93.785 E1896.23831
G1 F2700 E1891.23831
G0 F12000 X109.999 Y95.256
G0 X110 Y96.331
G0 X109.999 Y123.669
G0 X110 Y124.744
G0 X110 Y131.3
;TYPE:WALL-INNER
G1 F2700 E1896.23831
G1 F2400 X118.2 Y131.3 E1896.51104
G1 X118.2 Y126.132 E1896.68293
G1 X101.8 Y126.132 E1897.22839
G1 X101.8 Y131.3 E1897.40028
G1 X110 Y131.3 E1897.67302
G0 F12000 X110 Y131.7
G1 F2400 X118.6 Y131.7 E1897.95905
G1 X118.6 Y125.732 E1898.15755
G1 X101.4 Y125.732 E1898.72962
G1 X101.4 Y131.7 E1898.92812
G1 X110 Y131.7 E1899.21416
G0 F12000 X110 Y132.1
G1 F2400 X119 Y132.1 E1899.5135
G1 X119 Y125.332 E1899.7386
G1 X101 Y125.332 E1900.33729
G1 X101 Y132.1 E1900.56239
G1 X110 Y132.1 E1900.86173
G0 F12000 X110 Y132.5
G1 F2400 X119.4 Y132.5 E1901.17438
G1 X119.4 Y124.932 E1901.42609
G1 X100.6 Y124.932 E1902.05138
G1 X100.6 Y132.5 E1902.30309
G1 X110 Y132.5 E1902.61574
G0 F12000 X110 Y132.9
;TYPE:WALL-OUTER
G1 F2400 X119.8 Y132.9 E1902.94169
G1 X119.8 Y124.532 E1903.22001
G1 X100.2 Y124.532 E1903.87191
G1 X100.2 Y132.9 E1904.15023
G1 X110 Y132.9 E1904.47618
G0 F12000 X110 Y132.19
G0 X109.416 Y131.22
;TYPE:FILL
G1 F4800 X110.758 Y126.212 E1904.64862
G0 F12000 X113.585 Y126.212
G1 F4800 X118.12 Y130.748 E1904.86196
G0 F12000 X117.698 Y131.221
G1 F4800 X118.12 Y129.647 E1904.91616
G0 F12000 X118.12 Y127.567
G1 F4800 X104.488 Y131.22 E1905.38556
G0 F12000 X105.275 Y131.22
G1 F4800 X106.617 Y126.212 E1905.558
G0 F12000 X107.723 Y126.212
G1 F4800 X101.88 Y127.778 E1905.7592
G0 F12000 X101.88 Y128.434
G1 F4800 X102.476 Y126.211 E1905.83575
G0 F12000 X102.271 Y126.212
G1 F4800 X107.279 Y131.22 E1906.07131
G0 F12000 X107.928 Y126.212
G1 F4800 X112.936 Y131.22 E1906.30687
G0 F12000 X113.557 Y131.22
G1 F4800 X114.899 Y126.212 E1906.47931
G1 F2700 E1901.47931
;MESH:NONMESH
G0 F300 Z10.2
G0 F12000 X110.001 Y124.744
G0 X110 Y123.669
G0 X110.001 Y96.331
G0 X110 Y95.256
G0 X110 Y93.628
;TIME_ELAPSED:1988.657564
;LAYER:50
;TYPE:WALL-INNER
;MESH:v1.STL(1)
G1 F2700 E1906.47931
G1 F2400 X118.2 Y93.628 E1906.75204
G1 X118.2 Y88.7 E1906.91595
G1 X101.8 Y88.7 E1907.46142
G1 X101.8 Y93.628 E1907.62532
G1 X110 Y93.628 E1907.89806
G0 F12000 X110 Y94.028
G1 F2400 X118.6 Y94.028 E1908.18409
G1 X118.6 Y88.3 E1908.37461
G1 X101.4 Y88.3 E1908.94668
G1 X101.4 Y94.028 E1909.1372
G1 X110 Y94.028 E1909.42323
G0 F12000 X110 Y94.428
G1 F2400 X119 Y94.428 E1909.72257
G1 X119 Y87.9 E1909.9397
G1 X101 Y87.9 E1910.53838
G1 X101 Y94.428 E1910.7555
G1 X110 Y94.428 E1911.05484
G0 F12000 X110 Y94.828
G1 F2400 X119.4 Y94.828 E1911.36749
G1 X119.4 Y87.5 E1911.61122
G1 X100.6 Y87.5 E1912.23651
G1 X100.6 Y94.828 E1912.48024
G1 X110 Y94.828 E1912.79288
G0 F12000 X110 Y95.228
;TYPE:WALL-OUTER
G1 F2400 X119.8 Y95.228 E1913.11883
G1 X119.8 Y87.1 E1913.38917
G1 X100.2 Y87.1 E1914.04107
G1 X100.2 Y95.228 E1914.31141
G1 X110 Y95.228 E1914.63736
G0 F12000 X110 Y94.52
G0 X109.404 Y93.547
;TYPE:FILL
G1 F4800 X104.636 Y88.78 E1914.86161
G0 F12000 X104.078 Y88.779
G1 F4800 X102.8 Y93.549 E1915.02585
G0 F12000 X103.747 Y93.547
G1 F4800 X101.88 Y91.681 E1915.11365
G0 F12000 X101.881 Y90.653
G1 F4800 X108.873 Y88.78 E1915.3544
G0 F12000 X108.219 Y88.779
G1 F4800 X106.941 Y93.549 E1915.51865
G0 F12000 X106.532 Y93.548
G1 F4800 X118.119 Y90.443 E1915.91763
G0 F12000 X118.12 Y90.95
G1 F4800 X115.95 Y88.78 E1916.0197
G0 F12000 X116.501 Y88.78
G1 F4800 X115.223 Y93.548 E1916.18388
G1 X115.06 Y93.547
G1 X110.293 Y88.78 E1916.40811
G0 F12000 X112.36 Y88.779
G1 F4800 X111.082 Y93.549 E1916.57235
G1 F2700 E1911.57235
G0 F12000 X109.999 Y95.02
G0 X110 Y96.095
G0 X109.999 Y123.905
G0 X110 Y124.98
G0 X110 Y131.3
;TYPE:WALL-INNER
G1 F2700 E1916.57235
G1 F2400 X118.2 Y131.3 E1916.84509
G1 X118.2 Y126.368 E1917.00913
G1 X101.8 Y126.368 E1917.55459
G1 X101.8 Y131.3 E1917.71863
G1 X110 Y131.3 E1917.99136
G0 F12000 X110 Y131.7
G1 F2400 X118.6 Y131.7 E1918.2774
G1 X118.6 Y125.968 E1918.46805
G1 X101.4 Y125.968 E1919.04012
G1 X101.4 Y131.7 E1919.23077
G1 X110 Y131.7 E1919.51681
G0 F12000 X110 Y132.1
G1 F2400 X119 Y132.1 E1919.81615
G1 X119 Y125.568 E1920.0334
G1 X101 Y125.568 E1920.63209
G1 X101 Y132.1 E1920.84934
G1 X110 Y132.1 E1921.14868
G0 F12000 X110 Y132.5
G1 F2400 X119.4 Y132.5 E1921.46133
G1 X119.4 Y125.168 E1921.70519
G1 X100.6 Y125.168 E1922.33048
G1 X100.6 Y132.5 E1922.57434
G1 X110 Y132.5 E1922.88699
G0 F12000 X110 Y132.9
;TYPE:WALL-OUTER
G1 F2400 X119.8 Y132.9 E1923.21294
G1 X119.8 Y124.768 E1923.48341
G1 X100.2 Y124.768 E1924.13531
G1 X100.2 Y132.9 E1924.40578
G1 X110 Y132.9 E1924.73173
G0 F12000 X110 Y132.19
G0 X109.27 Y131.22
;TYPE:FILL
G1 F4800 X110.549 Y126.448 E1924.89605
G0 F12000 X108.363 Y126.448
G1 F4800 X113.135 Y131.22 E1925.12051
G0 F12000 X113.411 Y131.22
G1 F4800 X114.69 Y126.448 E1925.28483
G0 F12000 X114.02 Y126.448
G1 F4800 X118.12 Y130.548 E1925.47768
G0 F12000 X117.552 Y131.22
G1 F4800 X118.12 Y129.103 E1925.55058
G0 F12000 X118.119 Y127.713
G1 F4800 X105.032 Y131.22 E1926.00122
G1 X105.129 Y131.221
G1 X106.408 Y126.448 E1926.16557
G0 F12000 X107.386 Y126.448
G1 F4800 X101.88 Y127.923 E1926.35515
G1 X101.88 Y127.889
G1 X102.266 Y126.448 E1926.40477
G0 F12000 X102.707 Y126.448
G1 F4800 X107.478 Y131.22 E1926.62921
G1 F2700 E1921.62921
;MESH:NONMESH
G0 F300 Z10.4
G0 F12000 X109.728 Y124.98
G0 X109.727 Y123.905
G0 X109.728 Y96.095
G0 X109.727 Y95.02
G0 X109.727 Y93.395
;TIME_ELAPSED:2010.823481
;LAYER:51
;TYPE:WALL-INNER
;MESH:v1.STL(1)
G1 F2700 E1926.62921
G1 F2400 X118.2 Y93.392 E1926.91102
G1 X118.2 Y88.7 E1927.06708
G1 X101.8 Y88.7 E1927.61254
G1 X101.8 Y93.396 E1927.76873
G1 X109.727 Y93.395 E1928.03239
G0 F12000 X109.74 Y93.795
G1 F2400 X118.6 Y93.792 E1928.32707
G1 X118.6 Y88.3 E1928.50974
G1 X101.4 Y88.3 E1929.08181
G1 X101.4 Y93.796 E1929.26461
G1 X109.74 Y93.795 E1929.542
G0 F12000 X109.752 Y94.195
G1 F2400 X119 Y94.192 E1929.84959
G1 X119 Y87.9 E1930.05886
G1 X101 Y87.9 E1930.65754
G1 X101 Y94.196 E1930.86695
G1 X109.752 Y94.195 E1931.15804
G0 F12000 X109.762 Y94.595
G1 F2400 X119.4 Y94.592 E1931.4786
G1 X119.4 Y87.5 E1931.71448
G1 X100.6 Y87.5 E1932.33977
G1 X100.6 Y94.596 E1932.57579
G1 X109.762 Y94.595 E1932.88052
G0 F12000 X109.772 Y94.995
;TYPE:WALL-OUTER
G1 F2400 X119.8 Y94.992 E1933.21405
G1 X119.8 Y87.1 E1933.47654
G1 X100.2 Y87.1 E1934.12844
G1 X100.2 Y94.996 E1934.39106
G1 X109.772 Y94.995 E1934.70943
G0 F12000 X109.772 Y94.285
G0 X109.369 Y93.313
;TYPE:FILL
G1 F4800 X104.836 Y88.78 E1934.92264
G0 F12000 X103.932 Y88.779
G1 F4800 X102.716 Y93.317 E1935.0789
G0 F12000 X103.713 Y93.315
G1 F4800 X101.88 Y91.481 E1935.16515
G0 F12000 X101.881 Y90.799
G1 F4800 X109.417 Y88.78 E1935.42463
G0 F12000 X110.493 Y88.78
G1 F4800 X115.024 Y93.312 E1935.63778
G1 X115.14 Y93.313
G1 X116.355 Y88.779 E1935.7939
G0 F12000 X116.149 Y88.78
G1 F4800 X118.12 Y90.751 E1935.88661
G1 X118.119 Y90.589
G1 X107.948 Y93.315 E1936.23684
G0 F12000 X106.857 Y93.315
G1 F4800 X108.073 Y88.779 E1936.39304
G0 F12000 X112.214 Y88.779
G1 F4800 X110.999 Y93.314 E1936.54919
G1 F2700 E1931.54919
G0 F12000 X109.999 Y94.785
G0 X110 Y95.86
G0 X109.999 Y124.14
G0 X110 Y125.215
G0 X110 Y131.3
;TYPE:WALL-INNER
G1 F2700 E1936.54919
G1 F2400 X118.2 Y131.3 E1936.82192
G1 X118.2 Y126.604 E1936.97811
G1 X101.8 Y126.604 E1937.52358
G1 X101.8 Y131.3 E1937.67977
G1 X110 Y131.3 E1937.9525
G0 F12000 X110 Y131.7
G1 F2400 X118.6 Y131.7 E1938.23854
G1 X118.6 Y126.204 E1938.42134
G1 X101.4 Y126.204 E1938.99341
G1 X101.4 Y131.7 E1939.17621
G1 X110 Y131.7 E1939.46225
G0 F12000 X110 Y132.1
G1 F2400 X119 Y132.1 E1939.76159
G1 X119 Y125.804 E1939.97099
G1 X101 Y125.804 E1940.56968
G1 X101 Y132.1 E1940.77908
G1 X110 Y132.1 E1941.07842
G0 F12000 X110 Y132.5
G1 F2400 X119.4 Y132.5 E1941.39107
G1 X119.4 Y125.404 E1941.62708
G1 X100.6 Y125.404 E1942.25237
G1 X100.6 Y132.5 E1942.48839
G1 X110 Y132.5 E1942.80103
G0 F12000 X110 Y132.9
;TYPE:WALL-OUTER
G1 F2400 X119.8 Y132.9 E1943.12698
G1 X119.8 Y125.004 E1943.3896
G1 X100.2 Y125.004 E1944.0415
G1 X100.2 Y132.9 E1944.30412
G1 X110 Y132.9 E1944.63007
G0 F12000 X110 Y132.19
G0 X109.124 Y131.221
;TYPE:FILL
G1 F4800 X110.34 Y126.684 E1944.7863
G0 F12000 X108.799 Y126.685
G1 F4800 X113.334 Y131.22 E1944.99961
G1 X113.265 Y131.22
G1 X114.481 Y126.683 E1945.15584
G1 X114.456 Y126.685
G1 X118.12 Y130.349 E1945.32818
G0 F12000 X117.406 Y131.22
G1 F4800 X118.12 Y128.558 E1945.41985
G0 F12000 X118.119 Y127.859
G1 F4800 X105.577 Y131.22 E1945.85172
G0 F12000 X104.983 Y131.22
G1 F4800 X106.198 Y126.684 E1946.00791
G0 F12000 X107.05 Y126.684
G1 F4800 X101.88 Y128.069 E1946.18592
G0 F12000 X101.88 Y127.345
G1 F4800 X102.057 Y126.684 E1946.20868
G0 F12000 X103.142 Y126.685
G1 F4800 X107.678 Y131.22 E1946.42202
G0 F12000 X102.021 Y131.22
G1 F4800 X101.88 Y131.079 E1946.42865
G1 F2700 E1941.42865
;MESH:NONMESH
G0 F300 Z10.6
G0 F12000 X109.728 Y125.215
G0 X109.727 Y124.14
G0 X109.728 Y95.86
G0 X109.727 Y94.785
G0 X109.727 Y93.159
;TIME_ELAPSED:2033.061993
;LAYER:52
;TYPE:WALL-INNER
;MESH:v1.STL(1)
G1 F2700 E1946.42865
G1 F2400 X118.2 Y93.156 E1946.71046
G1 X118.2 Y88.7 E1946.85867
G1 X101.8 Y88.7 E1947.40414
G1 X101.8 Y93.16 E1947.55248
G1 X109.727 Y93.159 E1947.81613
G0 F12000 X109.74 Y93.559
G1 F2400 X118.6 Y93.556 E1948.11082
G1 X118.6 Y88.3 E1948.28563
G1 X101.4 Y88.3 E1948.85771
G1 X101.4 Y93.56 E1949.03265
G1 X109.74 Y93.559 E1949.31004
G0 F12000 X109.751 Y93.959
G1 F2400 X119 Y93.956 E1949.61767
G1 X119 Y87.9 E1949.81909
G1 X101 Y87.9 E1950.41777
G1 X101 Y93.96 E1950.61933
G1 X109.751 Y93.959 E1950.91039
G0 F12000 X109.762 Y94.359
G1 F2400 X119.4 Y94.356 E1951.23095
G1 X119.4 Y87.5 E1951.45898
G1 X100.6 Y87.5 E1952.08427
G1 X100.6 Y94.36 E1952.31244
G1 X109.762 Y94.359 E1952.61717
G0 F12000 X109.772 Y94.759
;TYPE:WALL-OUTER
G1 F2400 X119.8 Y94.756 E1952.9507
G1 X119.8 Y87.1 E1953.20534
G1 X100.2 Y87.1 E1953.85724
G1 X100.2 Y94.76 E1954.11201
G1 X109.772 Y94.759 E1954.43038
G0 F12000 X109.772 Y94.049
G0 X109.378 Y93.078
;TYPE:FILL
G1 F4800 X118.119 Y90.736 E1954.73136
G1 X118.12 Y90.55
G1 X116.35 Y88.78 E1954.81461
G1 X116.208 Y88.779
G1 X115.056 Y93.077 E1954.96261
G1 X114.99 Y93.076
G1 X110.693 Y88.78 E1955.1647
G0 F12000 X109.966 Y88.78
G1 F4800 X101.881 Y90.946 E1955.4431
G0 F12000 X101.88 Y91.28
G1 F4800 X103.679 Y93.079 E1955.52771
G0 F12000 X102.632 Y93.081
G1 F4800 X103.785 Y88.78 E1955.67582
G0 F12000 X105.036 Y88.78
G1 F4800 X109.334 Y93.078 E1955.87798
G0 F12000 X110.915 Y93.078
G1 F4800 X112.067 Y88.779 E1956.02601
G0 F12000 X107.926 Y88.779
G1 F4800 X106.773 Y93.08 E1956.17412
G1 F2700 E1951.17412
G0 F12000 X109.999 Y94.549
G0 X110 Y95.624
G0 X109.999 Y124.376
G0 X110 Y125.451
G0 X110 Y131.3
;TYPE:WALL-INNER
G1 F2700 E1956.17412
G1 F2400 X118.2 Y131.3 E1956.44685
G1 X118.2 Y126.84 E1956.59519
G1 X101.8 Y126.84 E1957.14065
G1 X101.8 Y131.3 E1957.28899
G1 X110 Y131.3 E1957.56173
G0 F12000 X110 Y131.7
G1 F2400 X118.6 Y131.7 E1957.84777
G1 X118.6 Y126.44 E1958.02271
G1 X101.4 Y126.44 E1958.59479
G1 X101.4 Y131.7 E1958.76974
G1 X110 Y131.7 E1959.05577
G0 F12000 X110 Y132.1
G1 F2400 X119 Y132.1 E1959.35511
G1 X119 Y126.04 E1959.55667
G1 X101 Y126.04 E1960.15535
G1 X101 Y132.1 E1960.35691
G1 X110 Y132.1 E1960.65625
G0 F12000 X110 Y132.5
G1 F2400 X119.4 Y132.5 E1960.9689
G1 X119.4 Y125.64 E1961.19706
G1 X100.6 Y125.64 E1961.82235
G1 X100.6 Y132.5 E1962.05052
G1 X110 Y132.5 E1962.36316
G0 F12000 X110 Y132.9
;TYPE:WALL-OUTER
G1 F2400 X119.8 Y132.9 E1962.68911
G1 X119.8 Y125.24 E1962.94388
G1 X100.2 Y125.24 E1963.59578
G1 X100.2 Y132.9 E1963.85055
G1 X110 Y132.9 E1964.1765
G0 F12000 X110 Y132.19
G0 X108.977 Y131.221
;TYPE:FILL
G1 F4800 X110.129 Y126.92 E1964.3246
G0 F12000 X109.235 Y126.92
G1 F4800 X113.535 Y131.22 E1964.52686
G0 F12000 X113.118 Y131.22
G1 F4800 X114.27 Y126.92 E1964.67492
G0 F12000 X114.892 Y126.92
G1 F4800 X118.12 Y130.148 E1964.82675
G0 F12000 X117.259 Y131.22
G1 F4800 X118.119 Y128.01 E1964.93728
G1 X118.119 Y128.006
G1 X106.125 Y131.22 E1965.35028
G0 F12000 X104.836 Y131.221
G1 F4800 X105.988 Y126.919 E1965.49841
G0 F12000 X106.718 Y126.92
G1 F4800 X101.88 Y128.216 E1965.66499
G0 F12000 X103.578 Y126.92
G1 F4800 X107.878 Y131.22 E1965.86725
G0 F12000 X102.221 Y131.22
G1 F4800 X101.88 Y130.878 E1965.88332
G1 F2700 E1960.88332
;MESH:NONMESH
G0 F300 Z10.8
G0 F12000 X110.001 Y125.451
G0 X110 Y124.376
G0 X110.001 Y95.624
G0 X110 Y94.549
G0 X110 Y92.924
;TIME_ELAPSED:2055.157115
;LAYER:53
;TYPE:WALL-INNER
;MESH:v1.STL(1)
G1 F2700 E1965.88332
G1 F2400 X118.2 Y92.924 E1966.15605
G1 X118.2 Y88.7 E1966.29654
G1 X101.8 Y88.7 E1966.84201
G1 X101.8 Y92.924 E1966.9825
G1 X110 Y92.924 E1967.25523
G0 F12000 X110 Y93.324
G1 F2400 X118.6 Y93.324 E1967.54127
G1 X118.6 Y88.3 E1967.70837
G1 X101.4 Y88.3 E1968.28044
G1 X101.4 Y93.324 E1968.44754
G1 X110 Y93.324 E1968.73358
G0 F12000 X110 Y93.724
G1 F2400 X119 Y93.724 E1969.03292
G1 X119 Y87.9 E1969.22662
G1 X101 Y87.9 E1969.82531
G1 X101 Y93.724 E1970.01901
G1 X110 Y93.724 E1970.31835
G0 F12000 X110 Y94.124
G1 F2400 X119.4 Y94.124 E1970.631
G1 X119.4 Y87.5 E1970.85131
G1 X100.6 Y87.5 E1971.47661
G1 X100.6 Y94.124 E1971.69692
G1 X110 Y94.124 E1972.00957
G0 F12000 X110 Y94.524
;TYPE:WALL-OUTER
G1 F2400 X119.8 Y94.524 E1972.33552
G1 X119.8 Y87.1 E1972.58244
G1 X100.2 Y87.1 E1973.23434
G1 X100.2 Y94.524 E1973.48126
G1 X110 Y94.524 E1973.80721
G0 F12000 X110 Y93.814
G0 X109.3 Y92.844
;TYPE:FILL
G1 F4800 X105.236 Y88.78 E1973.99837
G0 F12000 X103.639 Y88.779
G1 F4800 X102.549 Y92.844 E1974.13835
G0 F12000 X103.643 Y92.844
G1 F4800 X101.88 Y91.081 E1974.22127
G1 X101.881 Y91.092
G1 X110.51 Y88.78 E1974.5184
G0 F12000 X110.893 Y88.78
G1 F4800 X114.956 Y92.844 E1974.70953
G1 X114.973 Y92.845
G1 X116.062 Y88.779 E1974.84953
G0 F12000 X116.55 Y88.78
G1 F4800 X118.12 Y90.351 E1974.92341
G0 F12000 X118.119 Y90.882
G1 F4800 X110.797 Y92.844 E1975.17553
G1 X110.831 Y92.845
G1 X111.921 Y88.779 E1975.31554
G0 F12000 X107.78 Y88.78
G1 F4800 X106.691 Y92.844 E1975.45548
G1 F2700 E1970.45548
G0 F12000 X109.999 Y94.314
G0 X110 Y95.389
G0 X109.999 Y124.611
G0 X110 Y125.686
G0 X110 Y131.3
;TYPE:WALL-INNER
G1 F2700 E1975.45548
G1 F2400 X118.2 Y131.3 E1975.72821
G1 X118.2 Y127.072 E1975.86883
G1 X101.8 Y127.076 E1976.4143
G1 X101.8 Y131.3 E1976.55479
G1 X110 Y131.3 E1976.82752
G0 F12000 X110 Y131.7
G1 F2400 X118.6 Y131.7 E1977.11356
G1 X118.6 Y126.672 E1977.28079
G1 X101.4 Y126.676 E1977.85287
G1 X101.4 Y131.7 E1978.01997
G1 X110 Y131.7 E1978.306
G0 F12000 X110 Y132.1
G1 F2400 X119 Y132.1 E1978.60534
G1 X119 Y126.272 E1978.79918
G1 X101 Y126.276 E1979.39787
G1 X101 Y132.1 E1979.59157
G1 X110 Y132.1 E1979.89092
G0 F12000 X110 Y132.5
G1 F2400 X119.4 Y132.5 E1980.20356
G1 X119.4 Y125.872 E1980.42401
G1 X100.6 Y125.876 E1981.0493
G1 X100.6 Y132.5 E1981.26961
G1 X110 Y132.5 E1981.58226
G0 F12000 X110 Y132.9
;TYPE:WALL-OUTER
G1 F2400 X119.8 Y132.9 E1981.90821
G1 X119.8 Y125.472 E1982.15527
G1 X100.2 Y125.476 E1982.80716
G1 X100.2 Y132.9 E1983.05409
G1 X110 Y132.9 E1983.38004
G0 F12000 X110 Y132.19
G0 X108.831 Y131.221
;TYPE:FILL
G1 F4800 X109.921 Y127.154 E1983.52008
G0 F12000 X109.669 Y127.155
G1 F4800 X113.735 Y131.22 E1983.71131
G0 F12000 X112.972 Y131.221
G1 F4800 X114.062 Y127.153 E1983.85138
G0 F12000 X115.325 Y127.153
G1 F4800 X118.12 Y129.949 E1983.98287
G0 F12000 X117.113 Y131.22
G1 F4800 X118.12 Y127.462 E1984.11228
G0 F12000 X118.12 Y128.152
G1 F4800 X106.671 Y131.22 E1984.50651
G0 F12000 X108.078 Y131.22
G1 F4800 X104.014 Y127.156 E1984.69766
G0 F12000 X105.779 Y127.154
G1 F4800 X104.69 Y131.22 E1984.83767
G0 F12000 X102.421 Y131.22
G1 F4800 X101.88 Y130.679 E1984.86311
G0 F12000 X101.88 Y128.362
G1 F4800 X106.386 Y127.155 E1985.01827
G1 F2700 E1980.01827
;MESH:NONMESH
G0 F300 Z11
G0 F12000 X110.001 Y125.686
G0 X110 Y124.611
G0 X110.001 Y95.389
G0 X110 Y94.314
G0 X110 Y92.688
;TIME_ELAPSED:2076.997810
;LAYER:54
;TYPE:WALL-INNER
;MESH:v1.STL(1)
G1 F2700 E1985.01827
G1 F2400 X118.2 Y92.688 E1985.291
G1 X118.2 Y88.7 E1985.42364
G1 X101.8 Y88.7 E1985.96911
G1 X101.8 Y92.688 E1986.10175
G1 X110 Y92.688 E1986.37448
G0 F12000 X110 Y93.088
G1 F2400 X118.6 Y93.088 E1986.66052
G1 X118.6 Y88.3 E1986.81977
G1 X101.4 Y88.3 E1987.39184
G1 X101.4 Y93.088 E1987.55109
G1 X110 Y93.088 E1987.83713
G0 F12000 X110 Y93.488
G1 F2400 X119 Y93.488 E1988.13647
G1 X119 Y87.9 E1988.32233
G1 X101 Y87.9 E1988.92101
G1 X101 Y93.488 E1989.10687
G1 X110 Y93.488 E1989.40621
G0 F12000 X110 Y93.888
G1 F2400 X119.4 Y93.888 E1989.71886
G1 X119.4 Y87.5 E1989.93132
G1 X100.6 Y87.5 E1990.55661
G1 X100.6 Y93.888 E1990.76908
G1 X110 Y93.888 E1991.08172
G0 F12000 X110 Y94.288
;TYPE:WALL-OUTER
G1 F2400 X119.8 Y94.288 E1991.40767
G1 X119.8 Y87.1 E1991.64675
G1 X100.2 Y87.1 E1992.29864
G1 X100.2 Y94.288 E1992.53772
G1 X110 Y94.288 E1992.86367
G0 F12000 X110 Y93.579
G0 X109.264 Y92.608
;TYPE:FILL
G1 F4800 X105.437 Y88.78 E1993.0437
G0 F12000 X103.492 Y88.779
G1 F4800 X102.466 Y92.609 E1993.17558
G0 F12000 X103.607 Y92.608
G1 F4800 X101.88 Y90.88 E1993.25684
G0 F12000 X101.881 Y91.239
G1 F4800 X111.059 Y88.78 E1993.57286
G1 X111.094 Y88.78
G1 X114.921 Y92.608 E1993.7529
G1 X114.889 Y92.609
G1 X115.915 Y88.779 E1993.88478
G0 F12000 X116.75 Y88.78
G1 F4800 X118.12 Y90.15 E1993.94922
G0 F12000 X118.119 Y91.029
G1 F4800 X112.227 Y92.608 E1994.1521
G0 F12000 X110.748 Y92.608
G1 F4800 X111.774 Y88.779 E1994.28395
G0 F12000 X107.633 Y88.779
G1 F4800 X106.607 Y92.608 E1994.41579
G1 F2700 E1989.41579
G0 F12000 X109.999 Y94.079
G0 X110 Y95.154
G0 X109.999 Y124.846
G0 X110 Y125.921
G0 X110 Y131.3
;TYPE:WALL-INNER
G1 F2700 E1994.41579
G1 F2400 X118.2 Y131.3 E1994.68852
G1 X118.2 Y127.308 E1994.8213
G1 X101.8 Y127.308 E1995.36677
G1 X101.8 Y131.3 E1995.49954
G1 X110 Y131.3 E1995.77227
G0 F12000 X110 Y131.7
G1 F2400 X118.6 Y131.7 E1996.05831
G1 X118.6 Y126.908 E1996.21769
G1 X101.4 Y126.908 E1996.78977
G1 X101.4 Y131.7 E1996.94915
G1 X110 Y131.7 E1997.23519
G0 F12000 X110 Y132.1
G1 F2400 X119 Y132.1 E1997.53453
G1 X119 Y126.508 E1997.72052
G1 X101 Y126.508 E1998.3192
G1 X101 Y132.1 E1998.50519
G1 X110 Y132.1 E1998.80453
G0 F12000 X110 Y132.5
G1 F2400 X119.4 Y132.5 E1999.11718
G1 X119.4 Y126.108 E1999.32978
G1 X100.6 Y126.108 E1999.95507
G1 X100.6 Y132.5 E2000.16767
G1 X110 Y132.5 E2000.48031
G0 F12000 X110 Y132.9
;TYPE:WALL-OUTER
G1 F2400 X119.8 Y132.9 E2000.80626
G1 X119.8 Y125.708 E2001.04547
G1 X100.2 Y125.708 E2001.69737
G1 X100.2 Y132.9 E2001.93657
G1 X110 Y132.9 E2002.26252
G0 F12000 X110 Y132.19
G0 X108.684 Y131.221
;TYPE:FILL
G1 F4800 X109.711 Y127.388 E2002.39451
G0 F12000 X110.104 Y127.388
G1 F4800 X113.935 Y131.22 E2002.57473
G0 F12000 X112.825 Y131.221
G1 F4800 X113.852 Y127.388 E2002.70671
G0 F12000 X115.76 Y127.388
G1 F4800 X118.12 Y129.748 E2002.81772
G0 F12000 X118.12 Y128.299
G1 F4800 X107.22 Y131.22 E2003.19305
G0 F12000 X108.279 Y131.22
G1 F4800 X104.447 Y127.388 E2003.37329
G0 F12000 X105.57 Y127.388
G1 F4800 X104.543 Y131.22 E2003.50524
G0 F12000 X102.622 Y131.22
G1 F4800 X101.88 Y130.478 E2003.54014
G0 F12000 X101.88 Y128.509
G1 F4800 X106.065 Y127.388 E2003.68424
G0 F12000 X116.966 Y131.22
G1 F4800 X117.993 Y127.388 E2003.81619
G1 F2700 E1998.81619
;MESH:NONMESH
G0 F300 Z11.2
G0 F12000 X110.001 Y125.921
G0 X110 Y124.846
G0 X110.001 Y95.154
G0 X110 Y94.079
G0 X110 Y92.452
;TIME_ELAPSED:2099.016844
;LAYER:55
;TYPE:WALL-INNER
;MESH:v1.STL(1)
G1 F2700 E2003.81619
G1 F2400 X118.2 Y92.452 E2004.08893
G1 X118.2 Y88.7 E2004.21372
G1 X101.8 Y88.7 E2004.75919
G1 X101.8 Y92.452 E2004.88398
G1 X110 Y92.452 E2005.15671
G0 F12000 X110 Y92.852
G1 F2400 X118.6 Y92.852 E2005.44275
G1 X118.6 Y88.3 E2005.59415
G1 X101.4 Y88.3 E2006.16622
G1 X101.4 Y92.852 E2006.31762
G1 X110 Y92.852 E2006.60366
G0 F12000 X110 Y93.252
G1 F2400 X119 Y93.252 E2006.903
G1 X119 Y87.9 E2007.08101
G1 X101 Y87.9 E2007.67969
G1 X101 Y93.252 E2007.8577
G1 X110 Y93.252 E2008.15704
G0 F12000 X110 Y93.652
G1 F2400 X119.4 Y93.652 E2008.46969
G1 X119.4 Y87.5 E2008.6743
G1 X100.6 Y87.5 E2009.29959
G1 X100.6 Y93.652 E2009.50421
G1 X110 Y93.652 E2009.81685
G0 F12000 X110 Y94.052
;TYPE:WALL-OUTER
G1 F2400 X119.8 Y94.052 E2010.1428
G1 X119.8 Y87.1 E2010.37403
G1 X100.2 Y87.1 E2011.02593
G1 X100.2 Y94.052 E2011.25715
G1 X110 Y94.052 E2011.5831
G0 F12000 X110 Y93.343
G0 X110.665 Y92.373
;TYPE:FILL
G1 F4800 X111.628 Y88.779 E2011.70685
G1 X111.604 Y88.78
G1 X101.881 Y91.385 E2012.04165
G0 F12000 X101.88 Y90.681
G1 F4800 X103.571 Y92.371 E2012.12116
G0 F12000 X102.383 Y92.372
G1 F4800 X103.346 Y88.779 E2012.24489
G0 F12000 X105.636 Y88.78
G1 F4800 X109.227 Y92.371 E2012.4138
G0 F12000 X106.524 Y92.373
G1 F4800 X107.487 Y88.779 E2012.53755
G0 F12000 X111.293 Y88.78
G1 F4800 X114.884 Y92.371 E2012.70646
G1 X114.806 Y92.373
G1 X115.769 Y88.779 E2012.83021
G0 F12000 X116.95 Y88.78
G1 F4800 X118.12 Y89.95 E2012.88525
G0 F12000 X118.12 Y91.175
G1 F4800 X113.653 Y92.372 E2013.03906
G1 F2700 E2008.03906
G0 F12000 X109.999 Y93.843
G0 X110 Y94.918
G0 X109.999 Y125.082
G0 X110 Y126.157
G0 X110 Y131.3
;TYPE:WALL-INNER
G1 F2700 E2013.03906
G1 F2400 X118.2 Y131.3 E2013.31179
G1 X118.2 Y127.544 E2013.43672
G1 X101.8 Y127.544 E2013.98219
G1 X101.8 Y131.3 E2014.10711
G1 X110 Y131.3 E2014.37984
G0 F12000 X110 Y131.7
G1 F2400 X118.6 Y131.7 E2014.66588
G1 X118.6 Y127.144 E2014.81741
G1 X101.4 Y127.144 E2015.38949
G1 X101.4 Y131.7 E2015.54102
G1 X110 Y131.7 E2015.82706
G0 F12000 X110 Y132.1
G1 F2400 X119 Y132.1 E2016.1264
G1 X119 Y126.744 E2016.30454
G1 X101 Y126.744 E2016.90322
G1 X101 Y132.1 E2017.08136
G1 X110 Y132.1 E2017.38071
G0 F12000 X110 Y132.5
G1 F2400 X119.4 Y132.5 E2017.69335
G1 X119.4 Y126.344 E2017.8981
G1 X100.6 Y126.344 E2018.52339
G1 X100.6 Y132.5 E2018.72814
G1 X110 Y132.5 E2019.04079
G0 F12000 X110 Y132.9
;TYPE:WALL-OUTER
G1 F2400 X119.8 Y132.9 E2019.36673
G1 X119.8 Y125.944 E2019.59809
G1 X100.2 Y125.944 E2020.24999
G1 X100.2 Y132.9 E2020.48135
G1 X110 Y132.9 E2020.8073
G0 F12000 X110 Y132.19
G0 X108.538 Y131.22
;TYPE:FILL
G1 F4800 X109.502 Y127.624 E2020.93112
G0 F12000 X110.539 Y127.624
G1 F4800 X114.135 Y131.22 E2021.10027
G0 F12000 X112.679 Y131.221
G1 F4800 X113.643 Y127.624 E2021.22413
G0 F12000 X116.196 Y127.624
G1 F4800 X118.12 Y129.548 E2021.31463
G0 F12000 X118.12 Y128.445
G1 F4800 X107.764 Y131.22 E2021.67122
G0 F12000 X108.478 Y131.22
G1 F4800 X104.882 Y127.624 E2021.84037
G0 F12000 X105.361 Y127.624
G1 F4800 X104.397 Y131.22 E2021.96419
G0 F12000 X102.821 Y131.22
G1 F4800 X101.88 Y130.279 E2022.00845
G0 F12000 X101.881 Y128.655
G1 F4800 X105.729 Y127.624 E2022.14095
G0 F12000 X116.82 Y131.221
G1 F4800 X117.784 Y127.624 E2022.26481
G1 F2700 E2017.26481
;MESH:NONMESH
G0 F300 Z11.4
G0 F12000 X109.728 Y126.157
G0 X109.727 Y125.082
G0 X109.728 Y94.918
G0 X109.727 Y93.843
G0 X109.727 Y92.255
;TIME_ELAPSED:2120.932112
;LAYER:56
;TYPE:WALL-INNER
;MESH:v1.STL(1)
G1 F2700 E2022.26481
G1 F2400 X118.2 Y92.252 E2022.54662
G1 X118.2 Y88.7 E2022.66476
G1 X101.8 Y88.7 E2023.21023
G1 X101.8 Y92.256 E2023.3285
G1 X109.727 Y92.255 E2023.59216
G0 F12000 X109.74 Y92.655
G1 F2400 X118.6 Y92.652 E2023.88684
G1 X118.6 Y88.3 E2024.03159
G1 X101.4 Y88.3 E2024.60366
G1 X101.4 Y92.656 E2024.74855
G1 X109.74 Y92.655 E2025.02593
G0 F12000 X109.751 Y93.055
G1 F2400 X119 Y93.052 E2025.33356
G1 X119 Y87.9 E2025.50491
G1 X101 Y87.9 E2026.1036
G1 X101 Y93.056 E2026.27509
G1 X109.751 Y93.055 E2026.56615
G0 F12000 X109.762 Y93.455
G1 F2400 X119.4 Y93.452 E2026.88671
G1 X119.4 Y87.5 E2027.08467
G1 X100.6 Y87.5 E2027.70996
G1 X100.6 Y93.456 E2027.90806
G1 X109.762 Y93.455 E2028.21279
G0 F12000 X109.772 Y93.855
;TYPE:WALL-OUTER
G1 F2400 X119.8 Y93.852 E2028.54632
G1 X119.8 Y87.1 E2028.77089
G1 X100.2 Y87.1 E2029.42279
G1 X100.2 Y93.856 E2029.6475
G1 X109.772 Y93.855 E2029.96586
G0 F12000 X109.772 Y93.145
G0 X109.23 Y92.173
;TYPE:FILL
G1 F4800 X105.837 Y88.78 E2030.12546
G0 F12000 X107.34 Y88.779
G1 F4800 X106.43 Y92.176 E2030.24243
G0 F12000 X103.575 Y92.175
G1 F4800 X101.88 Y90.48 E2030.32216
G0 F12000 X101.881 Y91.532
G1 F4800 X112.152 Y88.78 E2030.67582
G0 F12000 X111.494 Y88.78
G1 F4800 X114.886 Y92.172 E2030.83537
G1 X114.944 Y92.173
G1 X118.12 Y91.322 E2030.94473
G0 F12000 X118.12 Y89.75
G1 F4800 X117.151 Y88.78 E2030.99033
G0 F12000 X115.622 Y88.779
G1 F4800 X114.712 Y92.174 E2031.10724
G0 F12000 X110.571 Y92.175
G1 F4800 X111.481 Y88.779 E2031.22417
G0 F12000 X103.199 Y88.779
G1 F4800 X102.288 Y92.177 E2031.34118
G1 F2700 E2026.34118
G0 F12000 X109.999 Y93.645
G0 X110 Y94.72
G0 X109.999 Y125.28
G0 X110 Y126.355
G0 X110 Y131.3
;TYPE:WALL-INNER
G1 F2700 E2031.34118
G1 F2400 X118.2 Y131.3 E2031.61392
G1 X118.2 Y127.744 E2031.73219
G1 X101.8 Y127.744 E2032.27765
G1 X101.8 Y131.3 E2032.39593
G1 X110 Y131.3 E2032.66866
G0 F12000 X110 Y131.7
G1 F2400 X118.6 Y131.7 E2032.9547
G1 X118.6 Y127.344 E2033.09958
G1 X101.4 Y127.344 E2033.67165
G1 X101.4 Y131.7 E2033.81653
G1 X110 Y131.7 E2034.10257
G0 F12000 X110 Y132.1
G1 F2400 X119 Y132.1 E2034.40191
G1 X119 Y126.944 E2034.5734
G1 X101 Y126.944 E2035.17208
G1 X101 Y132.1 E2035.34357
G1 X110 Y132.1 E2035.64291
G0 F12000 X110 Y132.5
G1 F2400 X119.4 Y132.5 E2035.95556
G1 X119.4 Y126.544 E2036.15366
G1 X100.6 Y126.544 E2036.77895
G1 X100.6 Y132.5 E2036.97705
G1 X110 Y132.5 E2037.28969
G0 F12000 X110 Y132.9
;TYPE:WALL-OUTER
G1 F2400 X119.8 Y132.9 E2037.61564
G1 X119.8 Y126.144 E2037.84035
G1 X100.2 Y126.144 E2038.49224
G1 X100.2 Y132.9 E2038.71695
G1 X110 Y132.9 E2039.0429
G0 F12000 X110 Y132.19
G0 X108.679 Y131.22
;TYPE:FILL
G1 F4800 X105.283 Y127.824 E2039.20264
G1 X105.16 Y127.824
G1 X104.25 Y131.22 E2039.31957
G0 F12000 X103.022 Y131.22
G1 F4800 X101.88 Y130.078 E2039.37329
G0 F12000 X101.88 Y128.802
G1 F4800 X105.532 Y127.824 E2039.49903
G0 F12000 X109.301 Y127.824
G1 F4800 X108.391 Y131.22 E2039.61597
G1 X108.313 Y131.22
G1 X118.12 Y128.592 E2039.95366
G0 F12000 X118.12 Y129.348
G1 F4800 X116.597 Y127.824 E2040.02532
G0 F12000 X117.583 Y127.823
G1 F4800 X116.673 Y131.22 E2040.14229
G0 F12000 X114.336 Y131.22
G1 F4800 X110.94 Y127.824 E2040.30203
G0 F12000 X113.442 Y127.824
G1 F4800 X112.532 Y131.221 E2040.419
G1 F2700 E2035.419
;MESH:NONMESH
G0 F300 Z11.6
G0 F12000 X110.001 Y126.355
G0 X110 Y125.28
G0 X110.001 Y94.72
G0 X110 Y93.645
G0 X110 Y92.06
;TIME_ELAPSED:2142.581907
;LAYER:57
;TYPE:WALL-INNER
;MESH:v1.STL(1)
G1 F2700 E2040.419
G1 F2400 X118.2 Y92.06 E2040.69173
G1 X118.2 Y88.7 E2040.80348
G1 X101.8 Y88.7 E2041.34895
G1 X101.8 Y92.06 E2041.4607
G1 X110 Y92.06 E2041.73344
G0 F12000 X110 Y92.46
G1 F2400 X118.6 Y92.46 E2042.01947
G1 X118.6 Y88.3 E2042.15784
G1 X101.4 Y88.3 E2042.72991
G1 X101.4 Y92.46 E2042.86827
G1 X110 Y92.46 E2043.15431
G0 F12000 X110 Y92.86
G1 F2400 X119 Y92.86 E2043.45365
G1 X119 Y87.9 E2043.61862
G1 X101 Y87.9 E2044.2173
G1 X101 Y92.86 E2044.38227
G1 X110 Y92.86 E2044.68162
G0 F12000 X110 Y93.26
G1 F2400 X119.4 Y93.26 E2044.99426
G1 X119.4 Y87.5 E2045.18584
G1 X100.6 Y87.5 E2045.81113
G1 X100.6 Y93.26 E2046.00271
G1 X110 Y93.26 E2046.31535
G0 F12000 X110 Y93.66
;TYPE:WALL-OUTER
G1 F2400 X119.8 Y93.66 E2046.6413
G1 X119.8 Y87.1 E2046.85949
G1 X100.2 Y87.1 E2047.51139
G1 X100.2 Y93.66 E2047.72957
G1 X110 Y93.66 E2048.05552
G0 F12000 X110 Y92.95
G0 X110.477 Y91.98
;TYPE:FILL
G1 F4800 X111.335 Y88.78 E2048.16572
G0 F12000 X111.693 Y88.78
G1 F4800 X114.893 Y91.98 E2048.31623
G0 F12000 X114.618 Y91.981
G1 F4800 X115.476 Y88.779 E2048.42649
G0 F12000 X117.35 Y88.78
G1 F4800 X118.12 Y89.55 E2048.46271
G0 F12000 X118.12 Y91.468
G1 F4800 X116.207 Y91.981 E2048.52858
G0 F12000 X112.697 Y88.78
G1 F4800 X101.881 Y91.678 E2048.90101
G0 F12000 X102.195 Y91.98
G1 F4800 X103.053 Y88.779 E2049.01124
G0 F12000 X101.88 Y90.281
G1 F4800 X103.579 Y91.98 E2049.09115
G0 F12000 X106.336 Y91.98
G1 F4800 X107.194 Y88.779 E2049.20138
G0 F12000 X106.036 Y88.78
G1 F4800 X109.236 Y91.98 E2049.3519
G1 F2700 E2044.3519
G0 F12000 X109.999 Y93.45
G0 X110 Y94.525
G0 X109.999 Y125.475
G0 X110 Y126.55
G0 X110 Y131.3
;TYPE:WALL-INNER
G1 F2700 E2049.3519
G1 F2400 X118.2 Y131.3 E2049.62463
G1 X118.2 Y127.936 E2049.73652
G1 X101.8 Y127.94 E2050.28198
G1 X101.8 Y131.3 E2050.39374
G1 X110 Y131.3 E2050.66647
G0 F12000 X110 Y131.7
G1 F2400 X118.6 Y131.7 E2050.95251
G1 X118.6 Y127.536 E2051.091
G1 X101.4 Y127.54 E2051.66308
G1 X101.4 Y131.7 E2051.80144
G1 X110 Y131.7 E2052.08748
G0 F12000 X110 Y132.1
G1 F2400 X119 Y132.1 E2052.38682
G1 X119 Y127.136 E2052.55192
G1 X101 Y127.14 E2053.1506
G1 X101 Y132.1 E2053.31557
G1 X110 Y132.1 E2053.61491
G0 F12000 X110 Y132.5
G1 F2400 X119.4 Y132.5 E2053.92756
G1 X119.4 Y126.736 E2054.11927
G1 X100.6 Y126.74 E2054.74456
G1 X100.6 Y132.5 E2054.93614
G1 X110 Y132.5 E2055.24878
G0 F12000 X110 Y132.9
;TYPE:WALL-OUTER
G1 F2400 X119.8 Y132.9 E2055.57473
G1 X119.8 Y126.336 E2055.79305
G1 X100.2 Y126.34 E2056.44495
G1 X100.2 Y132.9 E2056.66314
G1 X110 Y132.9 E2056.98909
G0 F12000 X110 Y132.19
G0 X108.878 Y131.22
;TYPE:FILL
G1 F4800 X105.678 Y128.02 E2057.13961
G0 F12000 X105.349 Y128.019
G1 F4800 X101.881 Y128.948 E2057.25902
G0 F12000 X101.88 Y129.879
G1 F4800 X103.221 Y131.22 E2057.3221
G0 F12000 X104.104 Y131.22
G1 F4800 X104.962 Y128.018 E2057.43235
G0 F12000 X109.103 Y128.017
G1 F4800 X108.245 Y131.22 E2057.54264
G0 F12000 X108.857 Y131.22
G1 F4800 X118.12 Y128.738 E2057.8616
G0 F12000 X118.12 Y129.148
G1 F4800 X116.989 Y128.017 E2057.9148
G0 F12000 X117.386 Y128.016
G1 F4800 X116.527 Y131.221 E2058.02516
G0 F12000 X114.535 Y131.22
G1 F4800 X111.333 Y128.018 E2058.17577
G0 F12000 X113.245 Y128.017
G1 F4800 X112.386 Y131.22 E2058.28607
G1 F2700 E2053.28607
;MESH:NONMESH
G0 F300 Z11.8
G0 F12000 X110.001 Y126.55
G0 X110 Y125.475
G0 X110.001 Y94.525
G0 X110 Y93.45
G0 X110 Y91.864
;TIME_ELAPSED:2163.671466
;LAYER:58
;TYPE:WALL-INNER
;MESH:v1.STL(1)
G1 F2700 E2058.28607
G1 F2400 X118.2 Y91.864 E2058.5588
G1 X118.2 Y88.7 E2058.66403
G1 X101.8 Y88.7 E2059.2095
G1 X101.8 Y91.864 E2059.31473
G1 X110 Y91.864 E2059.58747
G0 F12000 X110 Y92.264
G1 F2400 X118.6 Y92.264 E2059.87351
G1 X118.6 Y88.3 E2060.00535
G1 X101.4 Y88.3 E2060.57742
G1 X101.4 Y92.264 E2060.70927
G1 X110 Y92.264 E2060.9953
G0 F12000 X110 Y92.664
G1 F2400 X119 Y92.664 E2061.29464
G1 X119 Y87.9 E2061.4531
G1 X101 Y87.9 E2062.05178
G1 X101 Y92.664 E2062.21023
G1 X110 Y92.664 E2062.50957
G0 F12000 X110 Y93.064
G1 F2400 X119.4 Y93.064 E2062.82222
G1 X119.4 Y87.5 E2063.00727
G1 X100.6 Y87.5 E2063.63257
G1 X100.6 Y93.064 E2063.81762
G1 X110 Y93.064 E2064.13027
G0 F12000 X110 Y93.464
;TYPE:WALL-OUTER
G1 F2400 X119.8 Y93.464 E2064.45622
G1 X119.8 Y87.1 E2064.66789
G1 X100.2 Y87.1 E2065.31979
G1 X100.2 Y93.464 E2065.53145
G1 X110 Y93.464 E2065.8574
G0 F12000 X110 Y92.755
G0 X110.384 Y91.785
;TYPE:FILL
G1 F4800 X111.189 Y88.779 E2065.96091
G0 F12000 X111.893 Y88.78
G1 F4800 X114.896 Y91.784 E2066.10218
G0 F12000 X114.525 Y91.785
G1 F4800 X115.33 Y88.78 E2066.20565
G0 F12000 X113.242 Y88.78
G1 F4800 X102.03 Y91.784 E2066.59172
G1 X102.102 Y91.784
G1 X102.907 Y88.779 E2066.69519
G0 F12000 X101.88 Y90.081
G1 F4800 X103.583 Y91.784 E2066.77529
G0 F12000 X106.243 Y91.784
G1 F4800 X107.048 Y88.779 E2066.87876
G0 F12000 X106.236 Y88.78
G1 F4800 X109.24 Y91.784 E2067.02006
G0 F12000 X117.486 Y91.784
G1 F4800 X118.119 Y91.614 E2067.04186
G0 F12000 X118.12 Y89.351
G1 F4800 X117.549 Y88.78 E2067.06872
G1 F2700 E2062.06872
G0 F12000 X109.999 Y93.255
G0 X110 Y94.33
G0 X109.999 Y125.67
G0 X110 Y126.745
G0 X110 Y131.3
;TYPE:WALL-INNER
G1 F2700 E2067.06872
G1 F2400 X118.2 Y131.3 E2067.34145
G1 X118.2 Y128.132 E2067.44682
G1 X101.8 Y128.132 E2067.99229
G1 X101.8 Y131.3 E2068.09765
G1 X110 Y131.3 E2068.37039
G0 F12000 X110 Y131.7
G1 F2400 X118.6 Y131.7 E2068.65643
G1 X118.6 Y127.732 E2068.7884
G1 X101.4 Y127.732 E2069.36048
G1 X101.4 Y131.7 E2069.49245
G1 X110 Y131.7 E2069.77849
G0 F12000 X110 Y132.1
G1 F2400 X119 Y132.1 E2070.07783
G1 X119 Y127.332 E2070.23641
G1 X101 Y127.332 E2070.8351
G1 X101 Y132.1 E2070.99368
G1 X110 Y132.1 E2071.29302
G0 F12000 X110 Y132.5
G1 F2400 X119.4 Y132.5 E2071.60567
G1 X119.4 Y126.932 E2071.79086
G1 X100.6 Y126.932 E2072.41615
G1 X100.6 Y132.5 E2072.60134
G1 X110 Y132.5 E2072.91399
G0 F12000 X110 Y132.9
;TYPE:WALL-OUTER
G1 F2400 X119.8 Y132.9 E2073.23994
G1 X119.8 Y126.532 E2073.45174
G1 X100.2 Y126.532 E2074.10364
G1 X100.2 Y132.9 E2074.31544
G1 X110 Y132.9 E2074.64139
G0 F12000 X110 Y132.19
G0 X109.402 Y131.22
;TYPE:FILL
G1 F4800 X118.119 Y128.884 E2074.94155
G1 X118.12 Y128.949
G1 X117.384 Y128.213 E2074.97616
G1 X117.187 Y128.212
G1 X116.381 Y131.22 E2075.07974
G0 F12000 X114.734 Y131.22
G1 F4800 X111.727 Y128.213 E2075.22118
G0 F12000 X113.046 Y128.212
G1 F4800 X112.24 Y131.22 E2075.32476
G0 F12000 X109.078 Y131.22
G1 F4800 X106.07 Y128.213 E2075.46622
G0 F12000 X105.172 Y128.212
G1 F4800 X101.881 Y129.094 E2075.57954
G0 F12000 X101.88 Y129.679
G1 F4800 X103.421 Y131.22 E2075.65203
G0 F12000 X103.958 Y131.221
G1 F4800 X104.764 Y128.212 E2075.75563
G0 F12000 X108.905 Y128.211
G1 F4800 X108.099 Y131.22 E2075.85924
G1 F2700 E2070.85924
;MESH:NONMESH
G0 F300 Z12
G0 F12000 X110.001 Y126.745
G0 X110 Y125.67
G0 X110.001 Y94.33
G0 X110 Y93.255
G0 X110 Y91.668
;TIME_ELAPSED:2184.683442
;LAYER:59
;TYPE:WALL-INNER
;MESH:v1.STL(1)
G1 F2700 E2075.85924
G1 F2400 X118.2 Y91.668 E2076.13197
G1 X118.2 Y88.7 E2076.23069
G1 X101.8 Y88.7 E2076.77616
G1 X101.8 Y91.668 E2076.87487
G1 X110 Y91.668 E2077.14761
G0 F12000 X110 Y92.068
G1 F2400 X118.6 Y92.068 E2077.43364
G1 X118.6 Y88.3 E2077.55897
G1 X101.4 Y88.3 E2078.13104
G1 X101.4 Y92.068 E2078.25637
G1 X110 Y92.068 E2078.5424
G0 F12000 X110 Y92.468
G1 F2400 X119 Y92.468 E2078.84174
G1 X119 Y87.9 E2078.99368
G1 X101 Y87.9 E2079.59236
G1 X101 Y92.468 E2079.74429
G1 X110 Y92.468 E2080.04363
G0 F12000 X110 Y92.868
G1 F2400 X119.4 Y92.868 E2080.35628
G1 X119.4 Y87.5 E2080.53482
G1 X100.6 Y87.5 E2081.16011
G1 X100.6 Y92.868 E2081.33865
G1 X110 Y92.868 E2081.65129
G0 F12000 X110 Y93.268
;TYPE:WALL-OUTER
G1 F2400 X119.8 Y93.268 E2081.97724
G1 X119.8 Y87.1 E2082.18239
G1 X100.2 Y87.1 E2082.83429
G1 X100.2 Y93.268 E2083.03944
G1 X110 Y93.268 E2083.36539
G0 F12000 X110 Y92.56
G0 X110.289 Y91.589
;TYPE:FILL
G1 F4800 X111.042 Y88.779 E2083.46215
G0 F12000 X112.093 Y88.78
G1 F4800 X114.901 Y91.588 E2083.59423
G0 F12000 X114.43 Y91.589
G1 F4800 X115.183 Y88.78 E2083.69095
G0 F12000 X113.79 Y88.78
G1 F4800 X103.309 Y91.588 E2084.05185
G0 F12000 X103.588 Y91.588
G1 F4800 X101.88 Y89.88 E2084.13219
G0 F12000 X102.76 Y88.779
G1 F4800 X102.007 Y91.589 E2084.22894
G0 F12000 X106.148 Y91.589
G1 F4800 X106.901 Y88.779 E2084.3257
G0 F12000 X106.437 Y88.78
G1 F4800 X109.244 Y91.588 E2084.45776
G0 F12000 X117.75 Y88.78
G1 F4800 X118.12 Y89.15 E2084.47516
G1 F2700 E2079.47516
G0 F12000 X109.999 Y93.06
G0 X110 Y94.135
G0 X109.999 Y125.865
G0 X110 Y126.94
G0 X110 Y131.3
;TYPE:WALL-INNER
G1 F2700 E2084.47516
G1 F2400 X118.2 Y131.3 E2084.7479
G1 X118.2 Y128.328 E2084.84675
G1 X101.8 Y128.328 E2085.39221
G1 X101.8 Y131.3 E2085.49106
G1 X110 Y131.3 E2085.76379
G0 F12000 X110 Y131.7
G1 F2400 X118.6 Y131.7 E2086.04983
G1 X118.6 Y127.928 E2086.17529
G1 X101.4 Y127.928 E2086.74736
G1 X101.4 Y131.7 E2086.87282
G1 X110 Y131.7 E2087.15886
G0 F12000 X110 Y132.1
G1 F2400 X119 Y132.1 E2087.4582
G1 X119 Y127.528 E2087.61026
G1 X101 Y127.528 E2088.20895
G1 X101 Y132.1 E2088.36101
G1 X110 Y132.1 E2088.66035
G0 F12000 X110 Y132.5
G1 F2400 X119.4 Y132.5 E2088.973
G1 X119.4 Y127.128 E2089.15167
G1 X100.6 Y127.128 E2089.77696
G1 X100.6 Y132.5 E2089.95564
G1 X110 Y132.5 E2090.26828
G0 F12000 X110 Y132.9
;TYPE:WALL-OUTER
G1 F2400 X119.8 Y132.9 E2090.59423
G1 X119.8 Y126.728 E2090.79951
G1 X100.2 Y126.728 E2091.45141
G1 X100.2 Y132.9 E2091.65669
G1 X110 Y132.9 E2091.98264
G0 F12000 X110 Y132.19
G0 X109.951 Y131.22
;TYPE:FILL
G1 F4800 X118.12 Y129.031 E2092.26393
G0 F12000 X118.12 Y128.748
G1 F4800 X117.781 Y128.408 E2092.2799
G0 F12000 X116.988 Y128.408
G1 F4800 X116.234 Y131.22 E2092.37673
G0 F12000 X114.935 Y131.22
G1 F4800 X112.124 Y128.408 E2092.50897
G0 F12000 X112.847 Y128.407
G1 F4800 X112.093 Y131.22 E2092.60584
G0 F12000 X109.278 Y131.22
G1 F4800 X106.467 Y128.408 E2092.73808
G0 F12000 X104.991 Y128.408
G1 F4800 X101.881 Y129.241 E2092.84517
G0 F12000 X101.88 Y129.478
G1 F4800 X103.622 Y131.22 E2092.9271
G1 X103.811 Y131.22
G1 X104.565 Y128.408 E2093.02394
G0 F12000 X108.706 Y128.407
G1 F4800 X107.952 Y131.22 E2093.1208
G1 F2700 E2088.1208
;MESH:NONMESH
G0 F300 Z12.2
G0 F12000 X109.728 Y126.94
G0 X109.727 Y125.865
G0 X109.728 Y94.135
G0 X109.727 Y93.06
G0 X109.727 Y91.475
;TIME_ELAPSED:2205.351504
;LAYER:60
;TYPE:WALL-INNER
;MESH:v1.STL(1)
G1 F2700 E2093.1208
G1 F2400 X118.2 Y91.472 E2093.40261
G1 X118.2 Y88.7 E2093.49481
G1 X101.8 Y88.7 E2094.04028
G1 X101.8 Y91.476 E2094.13261
G1 X109.727 Y91.475 E2094.39626
G0 F12000 X109.739 Y91.875
G1 F2400 X118.6 Y91.872 E2094.69098
G1 X118.6 Y88.3 E2094.80978
G1 X101.4 Y88.3 E2095.38186
G1 X101.4 Y91.876 E2095.50079
G1 X109.739 Y91.875 E2095.77815
G0 F12000 X109.751 Y92.275
G1 F2400 X119 Y92.272 E2096.08577
G1 X119 Y87.9 E2096.23119
G1 X101 Y87.9 E2096.82987
G1 X101 Y92.276 E2096.97542
G1 X109.751 Y92.275 E2097.26648
G0 F12000 X109.762 Y92.675
G1 F2400 X119.4 Y92.672 E2097.58704
G1 X119.4 Y87.5 E2097.75906
G1 X100.6 Y87.5 E2098.38435
G1 X100.6 Y92.676 E2098.5565
G1 X109.762 Y92.675 E2098.86123
G0 F12000 X109.772 Y93.075
;TYPE:WALL-OUTER
G1 F2400 X119.8 Y93.072 E2099.19477
G1 X119.8 Y87.1 E2099.39339
G1 X100.2 Y87.1 E2100.04529
G1 X100.2 Y93.076 E2100.24406
G1 X109.772 Y93.075 E2100.56242
G0 F12000 X109.772 Y92.365
G0 X110.195 Y91.394
;TYPE:FILL
G1 F4800 X110.896 Y88.779 E2100.65247
G0 F12000 X112.293 Y88.78
G1 F4800 X114.905 Y91.392 E2100.77533
G0 F12000 X114.337 Y91.394
G1 F4800 X115.037 Y88.779 E2100.86537
G0 F12000 X114.335 Y88.78
G1 F4800 X104.574 Y91.395 E2101.20147
G0 F12000 X103.595 Y91.396
G1 F4800 X101.88 Y89.681 E2101.28214
G0 F12000 X102.614 Y88.779
G1 F4800 X101.913 Y91.396 E2101.37225
G0 F12000 X106.054 Y91.395
G1 F4800 X106.755 Y88.779 E2101.46232
G1 X106.636 Y88.78
G1 X109.249 Y91.394 E2101.58525
G0 F12000 X117.95 Y88.78
G1 F4800 X118.12 Y88.95 E2101.59325
G1 F2700 E2096.59325
G0 F12000 X109.998 Y92.865
G0 X109.999 Y93.94
G0 X109.998 Y126.06
G0 X109.999 Y127.135
G0 X110 Y131.3
;TYPE:WALL-INNER
G1 F2700 E2101.59325
G1 F2400 X118.2 Y131.3 E2101.86598
G1 X118.2 Y128.524 E2101.95831
G1 X101.8 Y128.524 E2102.50378
G1 X101.8 Y131.3 E2102.59611
G1 X110 Y131.3 E2102.86884
G0 F12000 X110 Y131.7
G1 F2400 X118.6 Y131.7 E2103.15488
G1 X118.6 Y128.124 E2103.27382
G1 X101.4 Y128.124 E2103.84589
G1 X101.4 Y131.7 E2103.96483
G1 X110 Y131.7 E2104.25087
G0 F12000 X110 Y132.1
G1 F2400 X119 Y132.1 E2104.55021
G1 X119 Y127.724 E2104.69576
G1 X101 Y127.724 E2105.29444
G1 X101 Y132.1 E2105.43999
G1 X110 Y132.1 E2105.73933
G0 F12000 X110 Y132.5
G1 F2400 X119.4 Y132.5 E2106.05197
G1 X119.4 Y127.324 E2106.22413
G1 X100.6 Y127.324 E2106.84942
G1 X100.6 Y132.5 E2107.02157
G1 X110 Y132.5 E2107.33422
G0 F12000 X110 Y132.9
;TYPE:WALL-OUTER
G1 F2400 X119.8 Y132.9 E2107.66017
G1 X119.8 Y126.924 E2107.85893
G1 X100.2 Y126.924 E2108.51083
G1 X100.2 Y132.9 E2108.70959
G1 X110 Y132.9 E2109.03554
G0 F12000 X110 Y132.19
G0 X110.496 Y131.22
;TYPE:FILL
G1 F4800 X118.119 Y129.177 E2109.29803
G0 F12000 X116.789 Y128.603
G1 F4800 X116.088 Y131.22 E2109.38814
G0 F12000 X115.135 Y131.22
G1 F4800 X112.519 Y128.604 E2109.51119
G1 X112.648 Y128.604
G1 X111.947 Y131.22 E2109.60127
G0 F12000 X109.478 Y131.22
G1 F4800 X106.862 Y128.604 E2109.72431
G0 F12000 X108.507 Y128.603
G1 F4800 X107.806 Y131.22 E2109.81442
G0 F12000 X104.804 Y128.604
G1 F4800 X101.88 Y129.387 E2109.9151
G1 X101.88 Y129.279
G1 X103.821 Y131.22 E2110.0064
G1 X103.665 Y131.221
G1 X104.366 Y128.603 E2110.09655
G1 F2700 E2105.09655
;MESH:NONMESH
G0 F300 Z12.4
G0 F12000 X110.001 Y127.135
G0 X110 Y126.06
G0 X110.001 Y93.94
G0 X110 Y92.865
G0 X110 Y91.28
;TIME_ELAPSED:2225.820502
;LAYER:61
;TYPE:WALL-INNER
;MESH:v1.STL(1)
G1 F2700 E2110.09655
G1 F2400 X118.2 Y91.28 E2110.36928
G1 X118.2 Y88.7 E2110.45509
G1 X101.8 Y88.7 E2111.00056
G1 X101.8 Y91.28 E2111.08637
G1 X110 Y91.28 E2111.3591
G0 F12000 X110 Y91.68
G1 F2400 X118.6 Y91.68 E2111.64514
G1 X118.6 Y88.3 E2111.75756
G1 X101.4 Y88.3 E2112.32963
G1 X101.4 Y91.68 E2112.44205
G1 X110 Y91.68 E2112.72809
G0 F12000 X110 Y92.08
G1 F2400 X119 Y92.08 E2113.02743
G1 X119 Y87.9 E2113.16646
G1 X101 Y87.9 E2113.76514
G1 X101 Y92.08 E2113.90417
G1 X110 Y92.08 E2114.20351
G0 F12000 X110 Y92.48
G1 F2400 X119.4 Y92.48 E2114.51615
G1 X119.4 Y87.5 E2114.68179
G1 X100.6 Y87.5 E2115.30708
G1 X100.6 Y92.48 E2115.47271
G1 X110 Y92.48 E2115.78536
G0 F12000 X110 Y92.88
;TYPE:WALL-OUTER
G1 F2400 X119.8 Y92.88 E2116.11131
G1 X119.8 Y87.1 E2116.30355
G1 X100.2 Y87.1 E2116.95545
G1 X100.2 Y92.88 E2117.14769
G1 X110 Y92.88 E2117.47364
G0 F12000 X110 Y92.17
G0 X110.1 Y91.201
;TYPE:FILL
G1 F4800 X110.749 Y88.779 E2117.55704
G0 F12000 X112.494 Y88.78
G1 F4800 X114.913 Y91.2 E2117.67085
G0 F12000 X114.241 Y91.2
G1 F4800 X114.89 Y88.779 E2117.75421
G1 X114.884 Y88.78
G1 X105.851 Y91.2 E2118.06525
G1 X105.959 Y91.201
G1 X106.608 Y88.779 E2118.14864
G0 F12000 X106.837 Y88.78
G1 F4800 X109.256 Y91.2 E2118.26245
G0 F12000 X103.6 Y91.2
G1 F4800 X101.88 Y89.48 E2118.34335
G0 F12000 X102.467 Y88.779
G1 F4800 X101.88 Y90.968 E2118.41873
G1 F2700 E2113.41873
G0 F12000 X109.998 Y92.67
G0 X109.999 Y93.745
G0 X109.998 Y126.255
G0 X109.999 Y127.33
G0 X110 Y131.3
;TYPE:WALL-INNER
G1 F2700 E2118.41873
G1 F2400 X118.2 Y131.3 E2118.69147
G1 X118.2 Y128.716 E2118.77741
G1 X101.8 Y128.72 E2119.32288
G1 X101.8 Y131.3 E2119.40869
G1 X110 Y131.3 E2119.68142
G0 F12000 X110 Y131.7
G1 F2400 X118.6 Y131.7 E2119.96746
G1 X118.6 Y128.316 E2120.08001
G1 X101.4 Y128.32 E2120.65208
G1 X101.4 Y131.7 E2120.7645
G1 X110 Y131.7 E2121.05054
G0 F12000 X110 Y132.1
G1 F2400 X119 Y132.1 E2121.34988
G1 X119 Y127.916 E2121.48904
G1 X101 Y127.92 E2122.08772
G1 X101 Y132.1 E2122.22675
G1 X110 Y132.1 E2122.52609
G0 F12000 X110 Y132.5
G1 F2400 X119.4 Y132.5 E2122.83874
G1 X119.4 Y127.516 E2123.00451
G1 X100.6 Y127.52 E2123.6298
G1 X100.6 Y132.5 E2123.79543
G1 X110 Y132.5 E2124.10808
G0 F12000 X110 Y132.9
;TYPE:WALL-OUTER
G1 F2400 X119.8 Y132.9 E2124.43403
G1 X119.8 Y127.116 E2124.6264
G1 X100.2 Y127.12 E2125.2783
G1 X100.2 Y132.9 E2125.47055
G1 X110 Y132.9 E2125.7965
G0 F12000 X110 Y132.19
G0 X109.679 Y131.22
;TYPE:FILL
G1 F4800 X107.257 Y128.799 E2125.9104
G0 F12000 X108.308 Y128.798
G1 F4800 X107.659 Y131.22 E2125.99379
G0 F12000 X111.045 Y131.22
G1 F4800 X118.119 Y129.324 E2126.23738
G0 F12000 X116.591 Y128.797
G1 F4800 X115.941 Y131.22 E2126.32082
G0 F12000 X115.335 Y131.22
G1 F4800 X112.913 Y128.797 E2126.43477
G0 F12000 X112.45 Y128.797
G1 F4800 X111.8 Y131.22 E2126.5182
G0 F12000 X104.623 Y128.799
G1 F4800 X101.88 Y129.534 E2126.61266
G0 F12000 X101.88 Y129.078
G1 F4800 X104.022 Y131.22 E2126.71341
G0 F12000 X103.518 Y131.221
G1 F4800 X104.167 Y128.799 E2126.79681
G1 F2700 E2121.79681
;MESH:NONMESH
G0 F300 Z12.6
G0 F12000 X110.001 Y127.33
G0 X110 Y126.255
G0 X110.001 Y93.745
G0 X110 Y92.67
G0 X110 Y91.084
;TIME_ELAPSED:2245.914043
;LAYER:62
;TYPE:WALL-INNER
;MESH:v1.STL(1)
G1 F2700 E2126.79681
G1 F2400 X118.2 Y91.084 E2127.06954
G1 X118.2 Y88.7 E2127.14883
G1 X101.8 Y88.7 E2127.6943
G1 X101.8 Y91.084 E2127.77359
G1 X110 Y91.084 E2128.04632
G0 F12000 X110 Y91.484
G1 F2400 X118.6 Y91.484 E2128.33236
G1 X118.6 Y88.3 E2128.43826
G1 X101.4 Y88.3 E2129.01034
G1 X101.4 Y91.484 E2129.11624
G1 X110 Y91.484 E2129.40227
G0 F12000 X110 Y91.884
G1 F2400 X119 Y91.884 E2129.70161
G1 X119 Y87.9 E2129.83412
G1 X101 Y87.9 E2130.4328
G1 X101 Y91.884 E2130.56531
G1 X110 Y91.884 E2130.86465
G0 F12000 X110 Y92.284
G1 F2400 X119.4 Y92.284 E2131.1773
G1 X119.4 Y87.5 E2131.33642
G1 X100.6 Y87.5 E2131.96171
G1 X100.6 Y92.284 E2132.12082
G1 X110 Y92.284 E2132.43347
G0 F12000 X110 Y92.684
;TYPE:WALL-OUTER
G1 F2400 X119.8 Y92.684 E2132.75942
G1 X119.8 Y87.1 E2132.94514
G1 X100.2 Y87.1 E2133.59704
G1 X100.2 Y92.684 E2133.78277
G1 X110 Y92.684 E2134.10872
G0 F12000 X110 Y91.975
G0 X110.007 Y91.005
;TYPE:FILL
G1 F4800 X110.603 Y88.779 E2134.18536
G0 F12000 X112.693 Y88.78
G1 F4800 X114.917 Y91.004 E2134.28997
G0 F12000 X114.148 Y91.005
G1 F4800 X114.744 Y88.779 E2134.36661
G0 F12000 X115.428 Y88.78
G1 F4800 X107.127 Y91.004 E2134.65244
G0 F12000 X105.865 Y91.005
G1 F4800 X106.462 Y88.779 E2134.7291
G0 F12000 X107.036 Y88.78
G1 F4800 X109.26 Y91.004 E2134.83371
G0 F12000 X103.603 Y91.004
G1 F4800 X101.88 Y89.281 E2134.91475
G0 F12000 X102.321 Y88.779
G1 F4800 X101.88 Y90.425 E2134.97143
G1 F2700 E2129.97143
G0 F12000 X109.998 Y92.475
G0 X109.999 Y93.55
G0 X109.998 Y126.45
G0 X109.999 Y127.525
G0 X110 Y131.3
;TYPE:WALL-INNER
G1 F2700 E2134.97143
G1 F2400 X118.2 Y131.3 E2135.24416
G1 X118.2 Y128.912 E2135.32359
G1 X101.8 Y128.912 E2135.86905
G1 X101.8 Y131.3 E2135.94848
G1 X110 Y131.3 E2136.22121
G0 F12000 X110 Y131.7
G1 F2400 X118.6 Y131.7 E2136.50725
G1 X118.6 Y128.512 E2136.61328
G1 X101.4 Y128.512 E2137.18536
G1 X101.4 Y131.7 E2137.29139
G1 X110 Y131.7 E2137.57743
G0 F12000 X110 Y132.1
G1 F2400 X119 Y132.1 E2137.87677
G1 X119 Y128.112 E2138.00941
G1 X101 Y128.112 E2138.60809
G1 X101 Y132.1 E2138.74073
G1 X110 Y132.1 E2139.04008
G0 F12000 X110 Y132.5
G1 F2400 X119.4 Y132.5 E2139.35272
G1 X119.4 Y127.712 E2139.51197
G1 X100.6 Y127.712 E2140.13726
G1 X100.6 Y132.5 E2140.29651
G1 X110 Y132.5 E2140.60916
G0 F12000 X110 Y132.9
;TYPE:WALL-OUTER
G1 F2400 X119.8 Y132.9 E2140.93511
G1 X119.8 Y127.312 E2141.12096
G1 X100.2 Y127.312 E2141.77286
G1 X100.2 Y132.9 E2141.95872
G1 X110 Y132.9 E2142.28467
G0 F12000 X110 Y132.19
G0 X109.878 Y131.22
;TYPE:FILL
G1 F4800 X107.651 Y128.993 E2142.38942
G0 F12000 X108.11 Y128.991
G1 F4800 X107.513 Y131.221 E2142.4662
G0 F12000 X104.221 Y131.22
G1 F4800 X101.994 Y128.993 E2142.57095
G0 F12000 X101.88 Y129.68
G1 F4800 X104.451 Y128.991 E2142.65948
G0 F12000 X103.969 Y128.991
G1 F4800 X103.372 Y131.22 E2142.73623
G0 F12000 X111.589 Y131.22
G1 F4800 X118.12 Y129.47 E2142.96112
G0 F12000 X116.392 Y128.992
G1 F4800 X115.795 Y131.22 E2143.03783
G0 F12000 X115.535 Y131.22
G1 F4800 X113.307 Y128.993 E2143.14261
G0 F12000 X112.252 Y128.991
G1 F4800 X111.654 Y131.22 E2143.21937
G1 F2700 E2138.21937
;MESH:NONMESH
G0 F300 Z12.8
G0 F12000 X109.728 Y127.525
G0 X109.727 Y126.45
G0 X109.728 Y93.55
G0 X109.727 Y92.475
G0 X109.727 Y90.895
;TIME_ELAPSED:2265.855879
;LAYER:63
;TYPE:WALL-INNER
;MESH:v1.STL(1)
G1 F2700 E2143.21937
G1 F2400 X118.2 Y90.892 E2143.50118
G1 X118.2 Y88.7 E2143.57409
G1 X101.8 Y88.7 E2144.11955
G1 X101.8 Y90.896 E2144.19259
G1 X109.727 Y90.895 E2144.45625
G0 F12000 X109.739 Y91.295
G1 F2400 X118.6 Y91.292 E2144.75096
G1 X118.6 Y88.3 E2144.85048
G1 X101.4 Y88.3 E2145.42255
G1 X101.4 Y91.296 E2145.5222
G1 X109.739 Y91.295 E2145.79956
G0 F12000 X109.751 Y91.695
G1 F2400 X119 Y91.692 E2146.10718
G1 X119 Y87.9 E2146.2333
G1 X101 Y87.9 E2146.83198
G1 X101 Y91.696 E2146.95824
G1 X109.751 Y91.695 E2147.2493
G0 F12000 X109.762 Y92.095
G1 F2400 X119.4 Y92.092 E2147.56986
G1 X119.4 Y87.5 E2147.72259
G1 X100.6 Y87.5 E2148.34788
G1 X100.6 Y92.096 E2148.50074
G1 X109.762 Y92.095 E2148.80547
G0 F12000 X109.771 Y92.495
;TYPE:WALL-OUTER
G1 F2400 X119.8 Y92.492 E2149.13904
G1 X119.8 Y87.1 E2149.31838
G1 X100.2 Y87.1 E2149.97028
G1 X100.2 Y92.496 E2150.14975
G1 X109.771 Y92.495 E2150.46808
G0 F12000 X109.771 Y91.785
G0 X109.912 Y90.815
;TYPE:FILL
G1 F4800 X110.457 Y88.779 E2150.53818
G0 F12000 X109.269 Y90.814
G1 F4800 X107.236 Y88.78 E2150.63383
G0 F12000 X106.316 Y88.779
G1 F4800 X105.77 Y90.816 E2150.70398
G0 F12000 X103.614 Y90.816
G1 F4800 X101.88 Y89.081 E2150.78556
G0 F12000 X102.175 Y88.779
G1 F4800 X101.88 Y89.88 E2150.82347
G0 F12000 X108.381 Y90.814
G1 F4800 X115.973 Y88.78 E2151.08489
G0 F12000 X114.598 Y88.779
G1 F4800 X114.053 Y90.813 E2151.15493
G0 F12000 X114.925 Y90.812
G1 F4800 X112.892 Y88.78 E2151.25053
G1 F2700 E2146.25053
G0 F12000 X109.998 Y92.285
G0 X109.999 Y93.36
G0 X109.998 Y126.64
G0 X109.999 Y127.715
G0 X110 Y131.3
;TYPE:WALL-INNER
G1 F2700 E2151.25053
G1 F2400 X118.2 Y131.3 E2151.52326
G1 X118.2 Y129.104 E2151.5963
G1 X101.8 Y129.104 E2152.14177
G1 X101.8 Y131.3 E2152.21481
G1 X110 Y131.3 E2152.48754
G0 F12000 X110 Y131.7
G1 F2400 X118.6 Y131.7 E2152.77358
G1 X118.6 Y128.704 E2152.87322
G1 X101.4 Y128.704 E2153.4453
G1 X101.4 Y131.7 E2153.54495
G1 X110 Y131.7 E2153.83098
G0 F12000 X110 Y132.1
G1 F2400 X119 Y132.1 E2154.13032
G1 X119 Y128.304 E2154.25658
G1 X101 Y128.304 E2154.85526
G1 X101 Y132.1 E2154.98152
G1 X110 Y132.1 E2155.28086
G0 F12000 X110 Y132.5
G1 F2400 X119.4 Y132.5 E2155.5935
G1 X119.4 Y127.904 E2155.74637
G1 X100.6 Y127.904 E2156.37166
G1 X100.6 Y132.5 E2156.52452
G1 X110 Y132.5 E2156.83717
G0 F12000 X110 Y132.9
;TYPE:WALL-OUTER
G1 F2400 X119.8 Y132.9 E2157.16312
G1 X119.8 Y127.504 E2157.34259
G1 X100.2 Y127.504 E2157.99449
G1 X100.2 Y132.9 E2158.17396
G1 X110 Y132.9 E2158.49991
G0 F12000 X110 Y132.19
G0 X110.077 Y131.22
;TYPE:FILL
G1 F4800 X108.042 Y129.184 E2158.59565
G1 X107.913 Y129.184
G1 X107.367 Y131.22 E2158.66576
G0 F12000 X104.421 Y131.22
G1 F4800 X102.385 Y129.184 E2158.76153
G0 F12000 X101.88 Y129.826
G1 F4800 X104.276 Y129.184 E2158.84403
G0 F12000 X103.772 Y129.184
G1 F4800 X103.226 Y131.22 E2158.91414
G0 F12000 X111.508 Y131.221
G1 F4800 X112.054 Y129.184 E2158.98428
G0 F12000 X113.699 Y129.184
G1 F4800 X115.734 Y131.22 E2159.08003
G1 X115.649 Y131.22
G1 X116.195 Y129.183 E2159.15017
G0 F12000 X118.12 Y129.616
G1 F4800 X112.134 Y131.22 E2159.35629
G1 F2700 E2154.35629
;MESH:NONMESH
G0 F300 Z13
G0 F12000 X110.001 Y127.715
G0 X110 Y126.64
G0 X110.001 Y93.36
G0 X110 Y92.285
G0 X110 Y90.732
;TIME_ELAPSED:2285.586743
;LAYER:64
;TYPE:WALL-INNER
;MESH:v1.STL(1)
G1 F2700 E2159.35629
G1 F2400 X118.2 Y90.732 E2159.62902
G1 X118.2 Y88.7 E2159.69661
G1 X101.8 Y88.7 E2160.24207
G1 X101.8 Y90.732 E2160.30966
G1 X110 Y90.732 E2160.58239
G0 F12000 X110 Y91.132
G1 F2400 X118.6 Y91.132 E2160.86843
G1 X118.6 Y88.3 E2160.96262
G1 X101.4 Y88.3 E2161.5347
G1 X101.4 Y91.132 E2161.62889
G1 X110 Y91.132 E2161.91493
G0 F12000 X110 Y91.532
G1 F2400 X119 Y91.532 E2162.21427
G1 X119 Y87.9 E2162.33507
G1 X101 Y87.9 E2162.93375
G1 X101 Y91.532 E2163.05455
G1 X110 Y91.532 E2163.35389
G0 F12000 X110 Y91.932
G1 F2400 X119.4 Y91.932 E2163.66654
G1 X119.4 Y87.5 E2163.81395
G1 X100.6 Y87.5 E2164.43924
G1 X100.6 Y91.932 E2164.58665
G1 X110 Y91.932 E2164.89929
G0 F12000 X110 Y92.332
;TYPE:WALL-OUTER
G1 F2400 X119.8 Y92.332 E2165.22524
G1 X119.8 Y87.1 E2165.39926
G1 X100.2 Y87.1 E2166.05116
G1 X100.2 Y92.332 E2166.22517
G1 X110 Y92.332 E2166.55112
G0 F12000 X110 Y91.624
G0 X109.808 Y90.652
;TYPE:FILL
G1 F4800 X110.31 Y88.779 E2166.61562
G0 F12000 X109.534 Y90.652
G1 F4800 X116.521 Y88.78 E2166.8562
G0 F12000 X114.451 Y88.779
G1 F4800 X113.949 Y90.652 E2166.9207
G0 F12000 X114.965 Y90.652
G1 F4800 X113.093 Y88.78 E2167.00875
G0 F12000 X109.308 Y90.652
G1 F4800 X107.436 Y88.78 E2167.0968
G0 F12000 X106.169 Y88.779
G1 F4800 X105.667 Y90.653 E2167.16133
G0 F12000 X103.651 Y90.652
G1 F4800 X101.88 Y88.88 E2167.24466
G1 X102.028 Y88.779
G1 X101.88 Y89.331 E2167.26366
G0 F12000 X118.09 Y90.652
G1 F4800 X118.12 Y90.54 E2167.26752
G1 F2700 E2162.26752
G0 F12000 X109.998 Y92.124
G0 X109.999 Y93.199
G0 X109.998 Y126.801
G0 X109.999 Y127.876
G0 X110 Y131.3
;TYPE:WALL-INNER
G1 F2700 E2167.26752
G1 F2400 X118.2 Y131.3 E2167.54025
G1 X118.2 Y129.264 E2167.60797
G1 X101.8 Y129.264 E2168.15344
G1 X101.8 Y131.3 E2168.22116
G1 X110 Y131.3 E2168.49389
G0 F12000 X110 Y131.7
G1 F2400 X118.6 Y131.7 E2168.77993
G1 X118.6 Y128.864 E2168.87425
G1 X101.4 Y128.864 E2169.44633
G1 X101.4 Y131.7 E2169.54065
G1 X110 Y131.7 E2169.82669
G0 F12000 X110 Y132.1
G1 F2400 X119 Y132.1 E2170.12603
G1 X119 Y128.464 E2170.24696
G1 X101 Y128.464 E2170.84565
G1 X101 Y132.1 E2170.96658
G1 X110 Y132.1 E2171.26592
G0 F12000 X110 Y132.5
G1 F2400 X119.4 Y132.5 E2171.57857
G1 X119.4 Y128.064 E2171.72611
G1 X100.6 Y128.064 E2172.3514
G1 X100.6 Y132.5 E2172.49894
G1 X110 Y132.5 E2172.81159
G0 F12000 X110 Y132.9
;TYPE:WALL-OUTER
G1 F2400 X119.8 Y132.9 E2173.13754
G1 X119.8 Y127.664 E2173.31169
G1 X100.2 Y127.664 E2173.96358
G1 X100.2 Y132.9 E2174.13773
G1 X110 Y132.9 E2174.46368
G0 F12000 X110 Y132.19
G0 X110.278 Y131.22
;TYPE:FILL
G1 F4800 X108.402 Y129.344 E2174.55192
G0 F12000 X107.723 Y129.343
G1 F4800 X107.22 Y131.22 E2174.61656
G0 F12000 X104.621 Y131.22
G1 F4800 X102.745 Y129.344 E2174.7048
G0 F12000 X103.582 Y129.343
G1 F4800 X103.079 Y131.22 E2174.76943
G0 F12000 X101.88 Y129.973
G1 F4800 X104.23 Y129.344 E2174.85034
G0 F12000 X111.361 Y131.221
G1 F4800 X111.864 Y129.344 E2174.91497
G0 F12000 X112.683 Y131.22
G1 F4800 X118.119 Y129.763 E2175.10216
G0 F12000 X116.005 Y129.344
G1 F4800 X115.502 Y131.22 E2175.16676
G0 F12000 X115.935 Y131.22
G1 F4800 X114.059 Y129.344 E2175.255
G1 F2700 E2170.255
;MESH:NONMESH
G0 F300 Z13.2
G0 F12000 X110.001 Y127.876
G0 X110 Y126.801
G0 X110.001 Y93.199
G0 X110 Y92.124
G0 X110 Y90.572
;TIME_ELAPSED:2305.695647
;LAYER:65
;TYPE:WALL-INNER
;MESH:v1.STL(1)
G1 F2700 E2175.255
G1 F2400 X118.2 Y90.572 E2175.52773
G1 X118.2 Y88.7 E2175.59
G1 X101.8 Y88.7 E2176.13546
G1 X101.8 Y90.572 E2176.19773
G1 X110 Y90.572 E2176.47046
G0 F12000 X110 Y90.972
G1 F2400 X118.6 Y90.972 E2176.7565
G1 X118.6 Y88.3 E2176.84537
G1 X101.4 Y88.3 E2177.41744
G1 X101.4 Y90.972 E2177.50631
G1 X110 Y90.972 E2177.79235
G0 F12000 X110 Y91.372
G1 F2400 X119 Y91.372 E2178.09169
G1 X119 Y87.9 E2178.20717
G1 X101 Y87.9 E2178.80585
G1 X101 Y91.372 E2178.92133
G1 X110 Y91.372 E2179.22067
G0 F12000 X110 Y91.772
G1 F2400 X119.4 Y91.772 E2179.53332
G1 X119.4 Y87.5 E2179.6754
G1 X100.6 Y87.5 E2180.3007
G1 X100.6 Y91.772 E2180.44278
G1 X110 Y91.772 E2180.75543
G0 F12000 X110 Y92.172
;TYPE:WALL-OUTER
G1 F2400 X119.8 Y92.172 E2181.08138
G1 X119.8 Y87.1 E2181.25007
G1 X100.2 Y87.1 E2181.90197
G1 X100.2 Y92.172 E2182.07067
G1 X110 Y92.172 E2182.39662
G0 F12000 X110 Y91.463
G0 X109.705 Y90.492
;TYPE:FILL
G1 F4800 X110.164 Y88.78 E2182.45557
G0 F12000 X110.677 Y90.492
G1 F4800 X117.066 Y88.78 E2182.67556
G0 F12000 X118.12 Y89.998
G1 F4800 X117.987 Y90.493 E2182.69261
G0 F12000 X115.005 Y90.492
G1 F4800 X113.293 Y88.78 E2182.77314
G0 F12000 X114.305 Y88.779
G1 F4800 X113.846 Y90.493 E2182.83216
G0 F12000 X109.348 Y90.492
G1 F4800 X107.636 Y88.78 E2182.91268
G0 F12000 X106.023 Y88.779
G1 F4800 X105.564 Y90.492 E2182.97167
G0 F12000 X103.691 Y90.492
G1 F4800 X101.979 Y88.78 E2183.05219
G1 F2700 E2178.05219
G0 F12000 X109.998 Y91.963
G0 X109.999 Y93.038
G0 X109.998 Y126.962
G0 X109.999 Y128.037
G0 X110 Y131.3
;TYPE:WALL-INNER
G1 F2700 E2183.05219
G1 F2400 X118.2 Y131.3 E2183.32493
G1 X118.2 Y129.424 E2183.38732
G1 X101.8 Y129.424 E2183.93279
G1 X101.8 Y131.3 E2183.99519
G1 X110 Y131.3 E2184.26792
G0 F12000 X110 Y131.7
G1 F2400 X118.6 Y131.7 E2184.55396
G1 X118.6 Y129.024 E2184.64296
G1 X101.4 Y129.024 E2185.21503
G1 X101.4 Y131.7 E2185.30404
G1 X110 Y131.7 E2185.59008
G0 F12000 X110 Y132.1
G1 F2400 X119 Y132.1 E2185.88942
G1 X119 Y128.624 E2186.00503
G1 X101 Y128.624 E2186.60371
G1 X101 Y132.1 E2186.71932
G1 X110 Y132.1 E2187.01867
G0 F12000 X110 Y132.5
G1 F2400 X119.4 Y132.5 E2187.33131
G1 X119.4 Y128.224 E2187.47353
G1 X100.6 Y128.224 E2188.09882
G1 X100.6 Y132.5 E2188.24104
G1 X110 Y132.5 E2188.55369
G0 F12000 X110 Y132.9
;TYPE:WALL-OUTER
G1 F2400 X119.8 Y132.9 E2188.87964
G1 X119.8 Y127.824 E2189.04846
G1 X100.2 Y127.824 E2189.70036
G1 X100.2 Y132.9 E2189.86919
G1 X110 Y132.9 E2190.19514
G0 F12000 X110 Y132.19
G0 X110.478 Y131.22
;TYPE:FILL
G1 F4800 X108.762 Y129.504 E2190.27586
G0 F12000 X107.534 Y129.504
G1 F4800 X107.074 Y131.22 E2190.33495
G0 F12000 X104.821 Y131.22
G1 F4800 X103.105 Y129.504 E2190.41566
G0 F12000 X103.393 Y129.504
G1 F4800 X102.933 Y131.22 E2190.47475
G0 F12000 X101.88 Y130.119
G1 F4800 X104.176 Y129.504 E2190.55381
G0 F12000 X111.215 Y131.22
G1 F4800 X111.675 Y129.503 E2190.61293
G0 F12000 X113.227 Y131.22
G1 F4800 X118.12 Y129.909 E2190.78141
G0 F12000 X115.816 Y129.504
G1 F4800 X115.356 Y131.221 E2190.84053
G0 F12000 X116.135 Y131.22
G1 F4800 X114.419 Y129.504 E2190.92125
G1 F2700 E2185.92125
;MESH:NONMESH
G0 F300 Z13.4
G0 F12000 X109.727 Y128.037
G0 X109.726 Y126.962
G0 X109.727 Y93.038
G0 X109.726 Y91.963
G0 X109.726 Y90.411
;TIME_ELAPSED:2325.376234
;LAYER:66
;TYPE:WALL-INNER
;MESH:v1.STL(1)
G1 F2700 E2190.92125
G1 F2400 X118.2 Y90.408 E2191.2031
G1 X118.2 Y88.7 E2191.2599
G1 X101.8 Y88.7 E2191.80537
G1 X101.8 Y90.412 E2191.86231
G1 X109.726 Y90.411 E2192.12593
G0 F12000 X109.739 Y90.811
G1 F2400 X118.6 Y90.808 E2192.42065
G1 X118.6 Y88.3 E2192.50407
G1 X101.4 Y88.3 E2193.07614
G1 X101.4 Y90.812 E2193.15969
G1 X109.739 Y90.811 E2193.43705
G0 F12000 X109.751 Y91.211
G1 F2400 X119 Y91.208 E2193.74467
G1 X119 Y87.9 E2193.85469
G1 X101 Y87.9 E2194.45338
G1 X101 Y91.212 E2194.56353
G1 X109.751 Y91.211 E2194.85459
G0 F12000 X109.762 Y91.611
G1 F2400 X119.4 Y91.608 E2195.17515
G1 X119.4 Y87.5 E2195.31179
G1 X100.6 Y87.5 E2195.93708
G1 X100.6 Y91.612 E2196.07384
G1 X109.762 Y91.611 E2196.37857
G0 F12000 X109.771 Y92.011
;TYPE:WALL-OUTER
G1 F2400 X119.8 Y92.008 E2196.71214
G1 X119.8 Y87.1 E2196.87538
G1 X100.2 Y87.1 E2197.52728
G1 X100.2 Y92.012 E2197.69065
G1 X109.771 Y92.011 E2198.00898
G0 F12000 X109.771 Y91.301
G0 X109.601 Y90.331
;TYPE:FILL
G1 F4800 X110.017 Y88.78 E2198.06239
G0 F12000 X109.386 Y90.329
G1 F4800 X107.837 Y88.78 E2198.13525
G0 F12000 X105.876 Y88.779
G1 F4800 X105.46 Y90.332 E2198.18873
G0 F12000 X103.73 Y90.331
G1 F4800 X102.18 Y88.78 E2198.26166
G1 X102.163 Y88.779
G1 X101.881 Y88.855 E2198.27137
G0 F12000 X111.833 Y90.329
G1 F4800 X117.615 Y88.78 E2198.47046
G0 F12000 X118.12 Y89.448
G1 F4800 X117.884 Y90.329 E2198.5008
G0 F12000 X115.041 Y90.328
G1 F4800 X113.493 Y88.78 E2198.57361
G0 F12000 X114.158 Y88.779
G1 F4800 X113.743 Y90.33 E2198.62701
G1 F2700 E2193.62701
G0 F12000 X109.998 Y91.801
G0 X109.999 Y92.876
G0 X109.998 Y127.124
G0 X109.999 Y128.199
G0 X110 Y131.3
;TYPE:WALL-INNER
G1 F2700 E2198.62701
G1 F2400 X118.2 Y131.3 E2198.89975
G1 X118.2 Y129.588 E2198.95669
G1 X101.8 Y129.588 E2199.50215
G1 X101.8 Y131.3 E2199.5591
G1 X110 Y131.3 E2199.83183
G0 F12000 X110 Y131.7
G1 F2400 X118.6 Y131.7 E2200.11787
G1 X118.6 Y129.188 E2200.20142
G1 X101.4 Y129.188 E2200.77349
G1 X101.4 Y131.7 E2200.85704
G1 X110 Y131.7 E2201.14308
G0 F12000 X110 Y132.1
G1 F2400 X119 Y132.1 E2201.44242
G1 X119 Y128.788 E2201.55258
G1 X101 Y128.788 E2202.15126
G1 X101 Y132.1 E2202.26142
G1 X110 Y132.1 E2202.56076
G0 F12000 X110 Y132.5
G1 F2400 X119.4 Y132.5 E2202.8734
G1 X119.4 Y128.388 E2203.01017
G1 X100.6 Y128.388 E2203.63546
G1 X100.6 Y132.5 E2203.77222
G1 X110 Y132.5 E2204.08487
G0 F12000 X110 Y132.9
;TYPE:WALL-OUTER
G1 F2400 X119.8 Y132.9 E2204.41082
G1 X119.8 Y127.988 E2204.57419
G1 X100.2 Y127.988 E2205.22609
G1 X100.2 Y132.9 E2205.38946
G1 X110 Y132.9 E2205.71541
G0 F12000 X110 Y132.19
G0 X110.678 Y131.22
;TYPE:FILL
G1 F4800 X109.127 Y129.669 E2205.78837
G0 F12000 X107.343 Y129.668
G1 F4800 X106.927 Y131.22 E2205.84181
G0 F12000 X105.022 Y131.22
G1 F4800 X103.47 Y129.669 E2205.91479
G0 F12000 X103.202 Y129.667
G1 F4800 X102.786 Y131.22 E2205.96826
G0 F12000 X101.88 Y130.266
G1 F4800 X104.114 Y129.668 E2206.04518
G0 F12000 X111.068 Y131.22
G1 F4800 X111.484 Y129.668 E2206.09862
G0 F12000 X113.776 Y131.22
G1 F4800 X118.12 Y130.056 E2206.2482
G0 F12000 X116.335 Y131.22
G1 F4800 X114.784 Y129.669 E2206.32116
G0 F12000 X115.625 Y129.667
G1 F4800 X115.209 Y131.221 E2206.37466
G1 F2700 E2201.37466
;MESH:NONMESH
G0 F300 Z13.6
G0 F12000 X110.001 Y128.199
G0 X110 Y127.124
G0 X110.001 Y92.876
G0 X110 Y91.801
G0 X110 Y90.248
;TIME_ELAPSED:2344.889632
;LAYER:67
;TYPE:WALL-INNER
;MESH:v1.STL(1)
G1 F2700 E2206.37466
G1 F2400 X118.2 Y90.248 E2206.6474
G1 X118.2 Y88.7 E2206.69888
G1 X101.8 Y88.7 E2207.24435
G1 X101.8 Y90.248 E2207.29584
G1 X110 Y90.248 E2207.56857
G0 F12000 X110 Y90.648
G1 F2400 X118.6 Y90.648 E2207.85461
G1 X118.6 Y88.3 E2207.9327
G1 X101.4 Y88.3 E2208.50477
G1 X101.4 Y90.648 E2208.58287
G1 X110 Y90.648 E2208.86891
G0 F12000 X110 Y91.048
G1 F2400 X119 Y91.048 E2209.16825
G1 X119 Y87.9 E2209.27295
G1 X101 Y87.9 E2209.87163
G1 X101 Y91.048 E2209.97634
G1 X110 Y91.048 E2210.27568
G0 F12000 X110 Y91.448
G1 F2400 X119.4 Y91.448 E2210.58832
G1 X119.4 Y87.5 E2210.71963
G1 X100.6 Y87.5 E2211.34492
G1 X100.6 Y91.448 E2211.47624
G1 X110 Y91.448 E2211.78888
G0 F12000 X110 Y91.848
;TYPE:WALL-OUTER
G1 F2400 X119.8 Y91.848 E2212.11483
G1 X119.8 Y87.1 E2212.27275
G1 X100.2 Y87.1 E2212.92465
G1 X100.2 Y91.848 E2213.08257
G1 X110 Y91.848 E2213.40852
G0 F12000 X110 Y91.14
G0 X109.499 Y90.169
;TYPE:FILL
G1 F4800 X109.871 Y88.779 E2213.45637
G0 F12000 X109.423 Y90.167
G1 F4800 X108.036 Y88.78 E2213.52161
G0 F12000 X105.73 Y88.779
G1 F4800 X105.358 Y90.168 E2213.56944
G0 F12000 X103.767 Y90.167
G1 F4800 X102.379 Y88.78 E2213.6347
G0 F12000 X102.707 Y88.779
G1 F4800 X101.881 Y89.001 E2213.66315
G0 F12000 X112.98 Y90.168
G1 F4800 X118.12 Y88.791 E2213.84014
G1 X118.12 Y88.904
G1 X117.781 Y90.168 E2213.88366
G0 F12000 X115.08 Y90.167
G1 F4800 X113.693 Y88.78 E2213.94891
G0 F12000 X114.012 Y88.78
G1 F4800 X113.64 Y90.169 E2213.99673
G1 F2700 E2208.99673
G0 F12000 X109.998 Y91.64
G0 X109.999 Y92.715
G0 X109.998 Y127.285
G0 X109.999 Y128.36
G0 X110 Y131.3
;TYPE:WALL-INNER
G1 F2700 E2213.99673
G1 F2400 X118.2 Y131.3 E2214.26946
G1 X118.2 Y129.748 E2214.32108
G1 X101.8 Y129.748 E2214.86655
G1 X101.8 Y131.3 E2214.91817
G1 X110 Y131.3 E2215.1909
G0 F12000 X110 Y131.7
G1 F2400 X118.6 Y131.7 E2215.47694
G1 X118.6 Y129.348 E2215.55517
G1 X101.4 Y129.348 E2216.12724
G1 X101.4 Y131.7 E2216.20547
G1 X110 Y131.7 E2216.49151
G0 F12000 X110 Y132.1
G1 F2400 X119 Y132.1 E2216.79085
G1 X119 Y128.948 E2216.89568
G1 X101 Y128.948 E2217.49437
G1 X101 Y132.1 E2217.5992
G1 X110 Y132.1 E2217.89854
G0 F12000 X110 Y132.5
G1 F2400 X119.4 Y132.5 E2218.21119
G1 X119.4 Y128.548 E2218.34263
G1 X100.6 Y128.548 E2218.96792
G1 X100.6 Y132.5 E2219.09937
G1 X110 Y132.5 E2219.41201
G0 F12000 X110 Y132.9
;TYPE:WALL-OUTER
G1 F2400 X119.8 Y132.9 E2219.73796
G1 X119.8 Y128.148 E2219.89602
G1 X100.2 Y128.148 E2220.54791
G1 X100.2 Y132.9 E2220.70597
G1 X110 Y132.9 E2221.03192
G0 F12000 X110 Y132.19
G0 X110.878 Y131.22
;TYPE:FILL
G1 F4800 X109.486 Y129.828 E2221.09739
G0 F12000 X111.295 Y129.828
G1 F4800 X110.922 Y131.22 E2221.14532
G0 F12000 X114.322 Y131.22
G1 F4800 X118.12 Y130.202 E2221.2761
G0 F12000 X116.535 Y131.22
G1 F4800 X115.143 Y129.828 E2221.34158
G0 F12000 X115.436 Y129.828
G1 F4800 X115.064 Y131.22 E2221.3895
G0 F12000 X107.154 Y129.827
G1 F4800 X106.781 Y131.22 E2221.43746
G0 F12000 X105.221 Y131.22
G1 F4800 X103.829 Y129.828 E2221.50294
G0 F12000 X104.06 Y129.828
G1 F4800 X101.881 Y130.412 E2221.57797
G0 F12000 X102.64 Y131.22
G1 F4800 X103.013 Y129.828 E2221.6259
G1 F2700 E2216.6259
;MESH:NONMESH
G0 F300 Z13.8
G0 F12000 X110.001 Y128.36
G0 X110 Y127.285
G0 X110.001 Y92.715
G0 X110 Y91.64
G0 X110 Y90.088
;TIME_ELAPSED:2364.305756
;LAYER:68
;TYPE:WALL-INNER
;MESH:v1.STL(1)
G1 F2700 E2221.6259
G1 F2400 X118.2 Y90.088 E2221.89864
G1 X118.2 Y88.7 E2221.9448
G1 X101.8 Y88.7 E2222.49027
G1 X101.8 Y90.088 E2222.53643
G1 X110 Y90.088 E2222.80917
G0 F12000 X110 Y90.488
G1 F2400 X118.6 Y90.488 E2223.0952
G1 X118.6 Y88.3 E2223.16798
G1 X101.4 Y88.3 E2223.74005
G1 X101.4 Y90.488 E2223.81282
G1 X110 Y90.488 E2224.09886
G0 F12000 X110 Y90.888
G1 F2400 X119 Y90.888 E2224.3982
G1 X119 Y87.9 E2224.49758
G1 X101 Y87.9 E2225.09627
G1 X101 Y90.888 E2225.19565
G1 X110 Y90.888 E2225.49499
G0 F12000 X110 Y91.288
G1 F2400 X119.4 Y91.288 E2225.80763
G1 X119.4 Y87.5 E2225.93362
G1 X100.6 Y87.5 E2226.55891
G1 X100.6 Y91.288 E2226.6849
G1 X110 Y91.288 E2226.99755
G0 F12000 X110 Y91.688
;TYPE:WALL-OUTER
G1 F2400 X119.8 Y91.688 E2227.3235
G1 X119.8 Y87.1 E2227.4761
G1 X100.2 Y87.1 E2228.12799
G1 X100.2 Y91.688 E2228.28059
G1 X110 Y91.688 E2228.60654
G0 F12000 X110 Y90.979
G0 X109.464 Y90.008
;TYPE:FILL
G1 F4800 X108.237 Y88.78 E2228.66428
G0 F12000 X109.724 Y88.779
G1 F4800 X109.395 Y90.008 E2228.70659
G0 F12000 X105.583 Y88.779
G1 F4800 X105.253 Y90.009 E2228.74895
G0 F12000 X103.808 Y90.008
G1 F4800 X102.58 Y88.78 E2228.80671
G0 F12000 X103.256 Y88.779
G1 F4800 X101.881 Y89.148 E2228.85406
G0 F12000 X113.536 Y90.008
G1 F4800 X113.865 Y88.78 E2228.89635
G1 X113.894 Y88.78
G1 X115.121 Y90.008 E2228.95409
G0 F12000 X114.125 Y90.008
G1 F4800 X118.12 Y88.938 E2229.09164
G1 X118.006 Y88.779
G1 X117.677 Y90.008 E2229.13396
G1 F2700 E2224.13396
G0 F12000 X109.998 Y91.479
G0 X109.999 Y92.554
G0 X109.998 Y127.446
G0 X109.999 Y128.521
G0 X110 Y131.3
;TYPE:WALL-INNER
G1 F2700 E2229.13396
G1 F2400 X118.2 Y131.3 E2229.40669
G1 X118.2 Y129.908 E2229.45299
G1 X101.8 Y129.908 E2229.99846
G1 X101.8 Y131.3 E2230.04475
G1 X110 Y131.3 E2230.31749
G0 F12000 X110 Y131.7
G1 F2400 X118.6 Y131.7 E2230.60352
G1 X118.6 Y129.508 E2230.67643
G1 X101.4 Y129.508 E2231.24851
G1 X101.4 Y131.7 E2231.32141
G1 X110 Y131.7 E2231.60745
G0 F12000 X110 Y132.1
G1 F2400 X119 Y132.1 E2231.90679
G1 X119 Y129.108 E2232.0063
G1 X101 Y129.108 E2232.60499
G1 X101 Y132.1 E2232.7045
G1 X110 Y132.1 E2233.00384
G0 F12000 X110 Y132.5
G1 F2400 X119.4 Y132.5 E2233.31649
G1 X119.4 Y128.708 E2233.44261
G1 X100.6 Y128.708 E2234.0679
G1 X100.6 Y132.5 E2234.19402
G1 X110 Y132.5 E2234.50667
G0 F12000 X110 Y132.9
;TYPE:WALL-OUTER
G1 F2400 X119.8 Y132.9 E2234.83262
G1 X119.8 Y128.308 E2234.98535
G1 X100.2 Y128.308 E2235.63725
G1 X100.2 Y132.9 E2235.78998
G1 X110 Y132.9 E2236.11593
G0 F12000 X110 Y132.19
G0 X110.775 Y131.22
;TYPE:FILL
G1 F4800 X111.106 Y129.987 E2236.15839
G0 F12000 X111.079 Y131.22
G1 F4800 X109.847 Y129.988 E2236.21634
G0 F12000 X106.964 Y129.988
G1 F4800 X106.634 Y131.22 E2236.25876
G0 F12000 X105.422 Y131.22
G1 F4800 X104.19 Y129.988 E2236.31671
G1 X104.013 Y129.988
G1 X101.881 Y130.559 E2236.39012
G0 F12000 X102.493 Y131.22
G1 F4800 X102.824 Y129.987 E2236.43258
G0 F12000 X114.87 Y131.22
G1 F4800 X118.12 Y130.349 E2236.54449
G0 F12000 X116.736 Y131.22
G1 F4800 X115.504 Y129.988 E2236.60244
G0 F12000 X115.247 Y129.987
G1 F4800 X114.916 Y131.221 E2236.64493
G1 F2700 E2231.64493
;MESH:NONMESH
G0 F300 Z14
G0 F12000 X109.728 Y128.521
G0 X109.727 Y127.446
G0 X109.728 Y92.554
G0 X109.727 Y91.479
G0 X109.726 Y89.927
;TIME_ELAPSED:2383.510472
;LAYER:69
;TYPE:WALL-INNER
;MESH:v1.STL(1)
G1 F2700 E2236.64493
G1 F2400 X118.2 Y89.924 E2236.92678
G1 X118.2 Y88.7 E2236.96749
G1 X101.8 Y88.7 E2237.51296
G1 X101.8 Y89.928 E2237.5538
G1 X109.726 Y89.927 E2237.81742
G0 F12000 X109.739 Y90.327
G1 F2400 X118.6 Y90.324 E2238.11214
G1 X118.6 Y88.3 E2238.17946
G1 X101.4 Y88.3 E2238.75153
G1 X101.4 Y90.328 E2238.81898
G1 X109.739 Y90.327 E2239.09634
G0 F12000 X109.751 Y90.727
G1 F2400 X119 Y90.724 E2239.40396
G1 X119 Y87.9 E2239.49789
G1 X101 Y87.9 E2240.09657
G1 X101 Y90.728 E2240.19063
G1 X109.751 Y90.727 E2240.48169
G0 F12000 X109.761 Y91.127
G1 F2400 X119.4 Y91.124 E2240.80228
G1 X119.4 Y87.5 E2240.92282
G1 X100.6 Y87.5 E2241.54811
G1 X100.6 Y91.128 E2241.66878
G1 X109.761 Y91.127 E2241.97347
G0 F12000 X109.771 Y91.527
;TYPE:WALL-OUTER
G1 F2400 X119.8 Y91.524 E2242.30704
G1 X119.8 Y87.1 E2242.45418
G1 X100.2 Y87.1 E2243.10608
G1 X100.2 Y91.528 E2243.25336
G1 X109.771 Y91.527 E2243.57169
G0 F12000 X109.771 Y90.817
G0 X109.502 Y89.846
;TYPE:FILL
G1 F4800 X108.436 Y88.78 E2243.62183
G0 F12000 X109.578 Y88.779
G1 F4800 X109.292 Y89.846 E2243.65857
G0 F12000 X105.437 Y88.779
G1 F4800 X105.151 Y89.847 E2243.69534
G0 F12000 X103.846 Y89.847
G1 F4800 X102.779 Y88.78 E2243.74553
G0 F12000 X103.801 Y88.779
G1 F4800 X101.88 Y89.294 E2243.81168
G0 F12000 X113.434 Y89.845
G1 F4800 X113.719 Y88.779 E2243.84838
G0 F12000 X114.093 Y88.78
G1 F4800 X115.157 Y89.844 E2243.89843
G1 X115.281 Y89.845
G1 X118.119 Y89.084 E2243.99616
G0 F12000 X117.86 Y88.78
G1 F4800 X117.575 Y89.845 E2244.03283
G1 F2700 E2239.03283
G0 F12000 X109.998 Y91.317
G0 X109.999 Y92.392
G0 X109.998 Y127.608
G0 X109.999 Y128.683
G0 X110 Y131.3
;TYPE:WALL-INNER
G1 F2700 E2244.03283
G1 F2400 X118.2 Y131.3 E2244.30556
G1 X118.2 Y130.072 E2244.3464
G1 X101.8 Y130.072 E2244.89187
G1 X101.8 Y131.3 E2244.93271
G1 X110 Y131.3 E2245.20544
G0 F12000 X110 Y131.7
G1 F2400 X118.6 Y131.7 E2245.49148
G1 X118.6 Y129.672 E2245.55893
G1 X101.4 Y129.672 E2246.13101
G1 X101.4 Y131.7 E2246.19846
G1 X110 Y131.7 E2246.4845
G0 F12000 X110 Y132.1
G1 F2400 X119 Y132.1 E2246.78384
G1 X119 Y129.272 E2246.8779
G1 X101 Y129.272 E2247.47658
G1 X101 Y132.1 E2247.57064
G1 X110 Y132.1 E2247.86998
G0 F12000 X110 Y132.5
G1 F2400 X119.4 Y132.5 E2248.18263
G1 X119.4 Y128.872 E2248.30329
G1 X100.6 Y128.872 E2248.92858
G1 X100.6 Y132.5 E2249.04925
G1 X110 Y132.5 E2249.3619
G0 F12000 X110 Y132.9
;TYPE:WALL-OUTER
G1 F2400 X119.8 Y132.9 E2249.68785
G1 X119.8 Y128.472 E2249.83512
G1 X100.2 Y128.472 E2250.48702
G1 X100.2 Y132.9 E2250.6343
G1 X110 Y132.9 E2250.96025
G0 F12000 X110 Y132.19
G0 X110.629 Y131.22
;TYPE:FILL
G1 F4800 X110.916 Y130.151 E2250.99706
G0 F12000 X110.21 Y130.152
G1 F4800 X111.278 Y131.22 E2251.0473
G0 F12000 X114.77 Y131.22
G1 F4800 X115.057 Y130.151 E2251.08411
G0 F12000 X115.867 Y130.152
G1 F4800 X116.935 Y131.22 E2251.13435
G0 F12000 X118.119 Y130.495
G1 F4800 X115.415 Y131.22 E2251.22746
G0 F12000 X106.775 Y130.151
G1 F4800 X106.488 Y131.22 E2251.26427
G0 F12000 X105.621 Y131.22
G1 F4800 X104.554 Y130.152 E2251.31448
G0 F12000 X103.944 Y130.152
G1 F4800 X101.88 Y130.705 E2251.38555
G0 F12000 X102.347 Y131.221
G1 F4800 X102.634 Y130.151 E2251.4224
G1 F2700 E2246.4224
;MESH:NONMESH
G0 F300 Z14.2
G0 F12000 X110.002 Y128.683
G0 X110.001 Y127.608
G0 X110.002 Y92.392
G0 X110.001 Y91.317
G0 X110 Y89.764
;TIME_ELAPSED:2402.447867
;LAYER:70
;TYPE:WALL-INNER
;MESH:v1.STL(1)
G1 F2700 E2251.4224
G1 F2400 X118.2 Y89.764 E2251.69513
G1 X118.2 Y88.7 E2251.73052
G1 X101.8 Y88.7 E2252.27599
G1 X101.8 Y89.764 E2252.31138
G1 X110 Y89.764 E2252.58411
G0 F12000 X110 Y90.164
G1 F2400 X118.6 Y90.164 E2252.87015
G1 X118.6 Y88.3 E2252.93214
G1 X101.4 Y88.3 E2253.50422
G1 X101.4 Y90.164 E2253.56622
G1 X110 Y90.164 E2253.85225
G0 F12000 X110 Y90.564
G1 F2400 X119 Y90.564 E2254.15159
G1 X119 Y87.9 E2254.2402
G1 X101 Y87.9 E2254.83888
G1 X101 Y90.564 E2254.92749
G1 X110 Y90.564 E2255.22683
G0 F12000 X110 Y90.964
G1 F2400 X119.4 Y90.964 E2255.53947
G1 X119.4 Y87.5 E2255.65469
G1 X100.6 Y87.5 E2256.27998
G1 X100.6 Y90.964 E2256.39519
G1 X110 Y90.964 E2256.70783
G0 F12000 X110 Y91.364
;TYPE:WALL-OUTER
G1 F2400 X119.8 Y91.364 E2257.03378
G1 X119.8 Y87.1 E2257.17561
G1 X100.2 Y87.1 E2257.8275
G1 X100.2 Y91.364 E2257.96933
G1 X110 Y91.364 E2258.29527
G0 F12000 X110 Y90.656
G0 X109.539 Y89.684
;TYPE:FILL
G1 F4800 X108.636 Y88.78 E2258.33777
G0 F12000 X109.432 Y88.779
G1 F4800 X109.19 Y89.684 E2258.36893
G0 F12000 X105.291 Y88.779
G1 F4800 X105.048 Y89.684 E2258.4001
G0 F12000 X104.345 Y88.78
G1 F4800 X101.881 Y89.44 E2258.48494
G0 F12000 X102.979 Y88.78
G1 F4800 X103.882 Y89.684 E2258.52744
G0 F12000 X113.331 Y89.684
G1 F4800 X113.573 Y88.779 E2258.55859
G0 F12000 X114.292 Y88.78
G1 F4800 X115.196 Y89.684 E2258.60112
G0 F12000 X116.423 Y89.684
G1 F4800 X118.119 Y89.23 E2258.65951
G0 F12000 X117.714 Y88.78
G1 F4800 X117.472 Y89.684 E2258.69064
G1 F2700 E2253.69064
G0 F12000 X109.998 Y91.156
G0 X109.999 Y92.231
G0 X109.998 Y127.769
G0 X109.999 Y128.844
G0 X110 Y131.3
;TYPE:WALL-INNER
G1 F2700 E2258.69064
G1 F2400 X118.2 Y131.3 E2258.96337
G1 X118.2 Y130.232 E2258.99889
G1 X101.8 Y130.232 E2259.54436
G1 X101.8 Y131.3 E2259.57988
G1 X110 Y131.3 E2259.85261
G0 F12000 X110 Y131.7
G1 F2400 X118.6 Y131.7 E2260.13865
G1 X118.6 Y129.832 E2260.20078
G1 X101.4 Y129.832 E2260.77285
G1 X101.4 Y131.7 E2260.83498
G1 X110 Y131.7 E2261.12102
G0 F12000 X110 Y132.1
G1 F2400 X119 Y132.1 E2261.42036
G1 X119 Y129.432 E2261.5091
G1 X101 Y129.432 E2262.10778
G1 X101 Y132.1 E2262.19652
G1 X110 Y132.1 E2262.49586
G0 F12000 X110 Y132.5
G1 F2400 X119.4 Y132.5 E2262.80851
G1 X119.4 Y129.032 E2262.92385
G1 X100.6 Y129.032 E2263.54914
G1 X100.6 Y132.5 E2263.66449
G1 X110 Y132.5 E2263.97714
G0 F12000 X110 Y132.9
;TYPE:WALL-OUTER
G1 F2400 X119.8 Y132.9 E2264.30309
G1 X119.8 Y128.632 E2264.44504
G1 X100.2 Y128.632 E2265.09694
G1 X100.2 Y132.9 E2265.23889
G1 X110 Y132.9 E2265.56484
G0 F12000 X110 Y132.19
G0 X110.483 Y131.22
;TYPE:FILL
G1 F4800 X110.727 Y130.311 E2265.59615
G1 X110.57 Y130.312
G1 X111.478 Y131.22 E2265.63886
G0 F12000 X114.624 Y131.22
G1 F4800 X114.868 Y130.311 E2265.67016
G0 F12000 X116.226 Y130.312
G1 F4800 X117.134 Y131.22 E2265.71287
G0 F12000 X118.119 Y130.641
G1 F4800 X115.959 Y131.22 E2265.78725
G0 F12000 X106.586 Y130.312
G1 F4800 X106.342 Y131.221 E2265.81855
G0 F12000 X105.821 Y131.22
G1 F4800 X104.913 Y130.312 E2265.86126
G0 F12000 X103.893 Y130.312
G1 F4800 X101.88 Y130.851 E2265.93057
G0 F12000 X102.201 Y131.22
G1 F4800 X102.445 Y130.311 E2265.96188
G1 F2700 E2260.96188
;MESH:NONMESH
G0 F300 Z14.4
G0 F12000 X110.002 Y128.844
G0 X110.001 Y127.769
G0 X110.002 Y92.231
G0 X110.001 Y91.156
G0 X110 Y89.604
;TIME_ELAPSED:2421.172213
;LAYER:71
;TYPE:WALL-INNER
;MESH:v1.STL(1)
G1 F2700 E2265.96188
G1 F2400 X118.2 Y89.604 E2266.23461
G1 X118.2 Y88.7 E2266.26468
G1 X101.8 Y88.7 E2266.81014
G1 X101.8 Y89.604 E2266.84021
G1 X110 Y89.604 E2267.11294
G0 F12000 X110 Y90.004
G1 F2400 X118.6 Y90.004 E2267.39898
G1 X118.6 Y88.3 E2267.45565
G1 X101.4 Y88.3 E2268.02773
G1 X101.4 Y90.004 E2268.0844
G1 X110 Y90.004 E2268.37044
G0 F12000 X110 Y90.404
G1 F2400 X119 Y90.404 E2268.66978
G1 X119 Y87.9 E2268.75307
G1 X101 Y87.9 E2269.35175
G1 X101 Y90.404 E2269.43503
G1 X110 Y90.404 E2269.73437
G0 F12000 X110 Y90.804
G1 F2400 X119.4 Y90.804 E2270.04702
G1 X119.4 Y87.5 E2270.15691
G1 X100.6 Y87.5 E2270.7822
G1 X100.6 Y90.804 E2270.89209
G1 X110 Y90.804 E2271.20474
G0 F12000 X110 Y91.204
;TYPE:WALL-OUTER
G1 F2400 X119.8 Y91.204 E2271.53069
G1 X119.8 Y87.1 E2271.66719
G1 X100.2 Y87.1 E2272.31908
G1 X100.2 Y91.204 E2272.45558
G1 X110 Y91.204 E2272.78153
G0 F12000 X110 Y90.495
G0 X109.58 Y89.524
;TYPE:FILL
G1 F4800 X108.836 Y88.78 E2272.81653
G0 F12000 X109.285 Y88.779
G1 F4800 X109.085 Y89.525 E2272.84222
G0 F12000 X105.144 Y88.779
G1 F4800 X104.944 Y89.524 E2272.86787
G0 F12000 X104.894 Y88.78
G1 F4800 X102.115 Y89.524 E2272.96356
G0 F12000 X103.18 Y88.78
G1 F4800 X103.923 Y89.524 E2272.99853
G0 F12000 X113.226 Y89.525
G1 F4800 X113.426 Y88.779 E2273.02422
G0 F12000 X114.493 Y88.78
G1 F4800 X115.237 Y89.524 E2273.05921
G0 F12000 X117.368 Y89.524
G1 F4800 X117.567 Y88.78 E2273.08483
G0 F12000 X117.572 Y89.524
G1 F4800 X118.119 Y89.377 E2273.10367
G1 F2700 E2268.10367
G0 F12000 X109.998 Y90.995
G0 X109.999 Y92.07
G0 X109.998 Y127.93
G0 X109.999 Y129.005
G0 X110 Y131.3
;TYPE:WALL-INNER
G1 F2700 E2273.10367
G1 F2400 X118.2 Y131.3 E2273.3764
G1 X118.2 Y130.392 E2273.4066
G1 X101.8 Y130.392 E2273.95207
G1 X101.8 Y131.3 E2273.98227
G1 X110 Y131.3 E2274.255
G0 F12000 X110 Y131.7
G1 F2400 X118.6 Y131.7 E2274.54104
G1 X118.6 Y129.992 E2274.59785
G1 X101.4 Y129.992 E2275.16992
G1 X101.4 Y131.7 E2275.22673
G1 X110 Y131.7 E2275.51277
G0 F12000 X110 Y132.1
G1 F2400 X119 Y132.1 E2275.81211
G1 X119 Y129.592 E2275.89552
G1 X101 Y129.592 E2276.49421
G1 X101 Y132.1 E2276.57762
G1 X110 Y132.1 E2276.87696
G0 F12000 X110 Y132.5
G1 F2400 X119.4 Y132.5 E2277.18961
G1 X119.4 Y129.192 E2277.29963
G1 X100.6 Y129.192 E2277.92492
G1 X100.6 Y132.5 E2278.03495
G1 X110 Y132.5 E2278.34759
G0 F12000 X110 Y132.9
;TYPE:WALL-OUTER
G1 F2400 X119.8 Y132.9 E2278.67354
G1 X119.8 Y128.792 E2278.81018
G1 X100.2 Y128.792 E2279.46207
G1 X100.2 Y132.9 E2279.59871
G1 X110 Y132.9 E2279.92466
G0 F12000 X110 Y132.19
G0 X110.336 Y131.22
;TYPE:FILL
G1 F4800 X110.537 Y130.472 E2279.95042
G0 F12000 X110.931 Y130.473
G1 F4800 X111.678 Y131.22 E2279.98555
G0 F12000 X114.477 Y131.22
G1 F4800 X114.678 Y130.472 E2280.01132
G0 F12000 X116.588 Y130.473
G1 F4800 X117.335 Y131.22 E2280.04645
G0 F12000 X116.508 Y131.22
G1 F4800 X118.12 Y130.788 E2280.10196
G0 F12000 X106.396 Y130.472
G1 F4800 X106.195 Y131.221 E2280.12775
G1 X106.021 Y131.22
G1 X105.274 Y130.473 E2280.16289
G0 F12000 X103.844 Y130.472
G1 F4800 X101.88 Y130.998 E2280.23051
G0 F12000 X102.054 Y131.22
G1 F4800 X102.255 Y130.472 E2280.25628
G1 F2700 E2275.25628
;MESH:NONMESH
G0 F300 Z14.6
G0 F12000 X110.002 Y129.005
G0 X110.001 Y127.93
G0 X110.002 Y92.07
G0 X110.001 Y90.995
G0 X110 Y89.373
;TIME_ELAPSED:2439.699896
;LAYER:72
;TYPE:WALL-INNER
;MESH:v1.STL(1)
G1 F2700 E2280.25628
G1 F1649.5 X118.109 Y89.373 E2280.6487
G1 X118.109 Y88.791 E2280.67686
G1 X101.891 Y88.791 E2281.46171
G1 X101.891 Y89.373 E2281.48987
G1 X110 Y89.373 E2281.8823
G0 F12000 X110 Y89.864
G1 F2400 X118.6 Y89.864 E2282.16833
G1 X118.6 Y88.3 E2282.22035
G1 X101.4 Y88.3 E2282.79243
G1 X101.4 Y89.864 E2282.84445
G1 X110 Y89.864 E2283.13048
G0 F12000 X110 Y90.264
G1 F2400 X119 Y90.264 E2283.42982
G1 X119 Y87.9 E2283.50845
G1 X101 Y87.9 E2284.10713
G1 X101 Y90.264 E2284.18576
G1 X110 Y90.264 E2284.4851
G0 F12000 X110 Y90.664
G1 F2400 X119.4 Y90.664 E2284.79775
G1 X119.4 Y87.5 E2284.90298
G1 X100.6 Y87.5 E2285.52827
G1 X100.6 Y90.664 E2285.63351
G1 X110 Y90.664 E2285.94615
G0 F12000 X110 Y91.064
;TYPE:WALL-OUTER
G1 F2400 X119.8 Y91.064 E2286.2721
G1 X119.8 Y87.1 E2286.40395
G1 X100.2 Y87.1 E2287.05584
G1 X100.2 Y91.064 E2287.18769
G1 X110 Y91.064 E2287.51364
G0 F12000 X110 Y90.054
G1 F2700 E2282.51364
G0 F12000 X109.998 Y90.854
G0 X109.999 Y91.929
G0 X109.998 Y128.071
G0 X109.999 Y129.146
G0 X110 Y131.209
;TYPE:WALL-INNER
G1 F2700 E2287.51364
G1 F1646.7 X118.108 Y131.208 E2287.90669
G1 F1643.8 X118.108 Y130.624 E2287.93504
G1 F1646.7 X101.891 Y130.627 E2288.72119
G1 F1649.5 X101.891 Y131.209 E2288.74936
G1 X110 Y131.209 E2289.14178
G0 F12000 X110 Y131.7
G1 F2400 X118.6 Y131.7 E2289.42782
G1 X118.6 Y130.132 E2289.47997
G1 X101.4 Y130.136 E2290.05204
G1 X101.4 Y131.7 E2290.10406
G1 X110 Y131.7 E2290.3901
G0 F12000 X110 Y132.1
G1 F2400 X119 Y132.1 E2290.68944
G1 X119 Y129.732 E2290.7682
G1 X101 Y129.736 E2291.36688
G1 X101 Y132.1 E2291.44551
G1 X110 Y132.1 E2291.74485
G0 F12000 X110 Y132.5
G1 F2400 X119.4 Y132.5 E2292.05749
G1 X119.4 Y129.332 E2292.16286
G1 X100.6 Y129.336 E2292.78815
G1 X100.6 Y132.5 E2292.89339
G1 X110 Y132.5 E2293.20603
G0 F12000 X110 Y132.9
;TYPE:WALL-OUTER
G1 F2400 X119.8 Y132.9 E2293.53198
G1 X119.8 Y128.932 E2293.66396
G1 X100.2 Y128.936 E2294.31586
G1 X100.2 Y132.9 E2294.4477
G1 X110 Y132.9 E2294.77365
G0 F12000 X110 Y131.89
G1 F2700 E2289.77365
;MESH:NONMESH
G0 F300 Z14.8
G0 F12000 X110.002 Y129.146
G0 X110.001 Y128.071
G0 X110.002 Y91.929
G0 X110.001 Y90.854
G0 X110 Y89.274
;TIME_ELAPSED:2455.483004
;LAYER:73
;TYPE:WALL-INNER
;MESH:v1.STL(1)
G1 F2700 E2294.77365
G1 F1860.5 X118.142 Y89.274 E2295.12299
G1 X118.142 Y88.758 E2295.14513
G1 X101.858 Y88.758 E2295.8438
G1 X101.858 Y89.274 E2295.86594
G1 X110 Y89.274 E2296.21528
G0 F12000 X110 Y89.732
G1 F2400 X118.6 Y89.732 E2296.50131
G1 X118.6 Y88.3 E2296.54894
G1 X101.4 Y88.3 E2297.12102
G1 X101.4 Y89.732 E2297.16865
G1 X110 Y89.732 E2297.45468
G0 F12000 X110 Y90.132
G1 F2400 X119 Y90.132 E2297.75402
G1 X119 Y87.9 E2297.82826
G1 X101 Y87.9 E2298.42694
G1 X101 Y90.132 E2298.50118
G1 X110 Y90.132 E2298.80052
G0 F12000 X110 Y90.532
G1 F2400 X119.4 Y90.532 E2299.11317
G1 X119.4 Y87.5 E2299.21401
G1 X100.6 Y87.5 E2299.8393
G1 X100.6 Y90.532 E2299.94015
G1 X110 Y90.532 E2300.25279
G0 F12000 X110 Y90.932
;TYPE:WALL-OUTER
G1 F2400 X119.8 Y90.932 E2300.57874
G1 X119.8 Y87.1 E2300.70619
G1 X100.2 Y87.1 E2301.35809
G1 X100.2 Y90.932 E2301.48555
G1 X110 Y90.932 E2301.81149
G0 F12000 X110 Y89.922
G1 F2700 E2296.81149
G0 F12000 X109.998 Y90.722
G0 X109.999 Y91.797
G0 X109.999 Y128.203
G0 X110 Y129.278
G0 X110 Y131.242
;TYPE:WALL-INNER
G1 F2700 E2301.81149
G1 F1856.9 X118.141 Y131.241 E2302.16147
G1 F1853.3 X118.141 Y130.723 E2302.18378
G1 F1856.9 X101.858 Y130.726 E2302.88376
G1 F1860.5 X101.858 Y131.242 E2302.9059
G1 X110 Y131.242 E2303.25524
G0 F12000 X110 Y131.7
G1 F2400 X118.6 Y131.7 E2303.54128
G1 X118.6 Y130.264 E2303.58904
G1 X101.4 Y130.268 E2304.16111
G1 X101.4 Y131.7 E2304.20874
G1 X110 Y131.7 E2304.49478
G0 F12000 X110 Y132.1
G1 F2400 X119 Y132.1 E2304.79412
G1 X119 Y129.864 E2304.86849
G1 X101 Y129.868 E2305.46717
G1 X101 Y132.1 E2305.54141
G1 X110 Y132.1 E2305.84075
G0 F12000 X110 Y132.5
G1 F2400 X119.4 Y132.5 E2306.15339
G1 X119.4 Y129.464 E2306.25437
G1 X100.6 Y129.468 E2306.87966
G1 X100.6 Y132.5 E2306.98051
G1 X110 Y132.5 E2307.29315
G0 F12000 X110 Y132.9
;TYPE:WALL-OUTER
G1 F2400 X119.8 Y132.9 E2307.6191
G1 X119.8 Y129.064 E2307.74669
G1 X100.2 Y129.068 E2308.39859
G1 X100.2 Y132.9 E2308.52604
G1 X110 Y132.9 E2308.85199
G0 F12000 X110 Y131.89
G1 F2700 E2303.85199
;MESH:NONMESH
G0 F300 Z15
G0 F12000 X109.796 Y129.278
G0 X109.795 Y128.203
G0 X109.795 Y91.797
G0 X109.794 Y90.722
G0 X109.794 Y89.174
;TIME_ELAPSED:2470.966815
;LAYER:74
;TYPE:WALL-INNER
;MESH:v1.STL(1)
G1 F2700 E2308.85199
G1 F2142.9 X118.176 Y89.172 E2309.16423
G1 X118.176 Y88.724 E2309.18092
G1 F2138.1 X101.825 Y88.725 E2309.79137
G1 F2133.3 X101.825 Y89.175 E2309.80821
G1 F2138.1 X109.794 Y89.174 E2310.10573
G0 F12000 X109.739 Y89.599
G1 F2400 X118.6 Y89.596 E2310.40045
G1 X118.6 Y88.3 E2310.44355
G1 X101.4 Y88.3 E2311.01563
G1 X101.4 Y89.6 E2311.05887
G1 X109.739 Y89.599 E2311.33622
G0 F12000 X109.751 Y89.999
G1 F2400 X119 Y89.996 E2311.64385
G1 X119 Y87.9 E2311.71356
G1 X101 Y87.9 E2312.31224
G1 X101 Y90 E2312.38209
G1 X109.751 Y89.999 E2312.67315
G0 F12000 X109.761 Y90.399
G1 F2400 X119.4 Y90.396 E2312.99374
G1 X119.4 Y87.5 E2313.09006
G1 X100.6 Y87.5 E2313.71535
G1 X100.6 Y90.4 E2313.81181
G1 X109.761 Y90.399 E2314.1165
G0 F12000 X109.771 Y90.799
;TYPE:WALL-OUTER
G1 F2400 X119.8 Y90.796 E2314.45007
G1 X119.8 Y87.1 E2314.573
G1 X100.2 Y87.1 E2315.2249
G1 X100.2 Y90.8 E2315.34796
G1 X109.771 Y90.799 E2315.66629
G0 F12000 X109.771 Y89.789
G1 F2700 E2310.66629
G0 F12000 X109.998 Y90.589
G0 X109.999 Y91.664
G0 X109.999 Y128.336
G0 X110 Y129.411
G0 X110 Y131.275
;TYPE:WALL-INNER
G1 F2700 E2315.66629
G1 F2133.3 X118.175 Y131.275 E2315.97218
G1 X118.175 Y130.825 E2315.98902
G1 X101.825 Y130.825 E2316.6008
G1 X101.825 Y131.275 E2316.61764
G1 X110 Y131.275 E2316.92353
G0 F12000 X110 Y131.7
G1 F2400 X118.6 Y131.7 E2317.20956
G1 X118.6 Y130.4 E2317.2528
G1 X101.4 Y130.4 E2317.82488
G1 X101.4 Y131.7 E2317.86811
G1 X110 Y131.7 E2318.15415
G0 F12000 X110 Y132.1
G1 F2400 X119 Y132.1 E2318.45349
G1 X119 Y130 E2318.52334
G1 X101 Y130 E2319.12202
G1 X101 Y132.1 E2319.19187
G1 X110 Y132.1 E2319.49121
G0 F12000 X110 Y132.5
G1 F2400 X119.4 Y132.5 E2319.80385
G1 X119.4 Y129.6 E2319.90031
G1 X100.6 Y129.6 E2320.5256
G1 X100.6 Y132.5 E2320.62205
G1 X110 Y132.5 E2320.9347
G0 F12000 X110 Y132.9
;TYPE:WALL-OUTER
G1 F2400 X119.8 Y132.9 E2321.26065
G1 X119.8 Y129.2 E2321.38371
G1 X100.2 Y129.2 E2322.03561
G1 X100.2 Y132.9 E2322.15867
G1 X110 Y132.9 E2322.48462
G0 F12000 X110 Y131.89
G1 F2700 E2317.48462
;MESH:NONMESH
G0 F300 Z15.2
G0 F12000 X109.797 Y129.411
G0 X109.796 Y128.336
G0 X109.796 Y91.664
G0 X109.795 Y90.589
G0 X109.795 Y89.075
;TIME_ELAPSED:2486.154547
;LAYER:75
;TYPE:WALL-INNER
;MESH:v1.STL(1)
G1 F2700 E2322.48462
G1 F2513.1 X118.209 Y89.073 E2322.75188
G1 X118.209 Y88.691 E2322.76401
G1 F2506.5 X101.792 Y88.692 E2323.28684
G1 F2500 X101.792 Y89.076 E2323.2991
G1 F2506.5 X109.795 Y89.075 E2323.55397
G0 F12000 X109.739 Y89.467
G1 F2400 X118.6 Y89.464 E2323.84869
G1 X118.6 Y88.3 E2323.8874
G1 X101.4 Y88.3 E2324.45947
G1 X101.4 Y89.468 E2324.49832
G1 X109.739 Y89.467 E2324.77568
G0 F12000 X109.751 Y89.867
G1 F2400 X119 Y89.864 E2325.0833
G1 X119 Y87.9 E2325.14862
G1 X101 Y87.9 E2325.74731
G1 X101 Y89.868 E2325.81276
G1 X109.751 Y89.867 E2326.10382
G0 F12000 X109.761 Y90.267
G1 F2400 X119.4 Y90.264 E2326.42442
G1 X119.4 Y87.5 E2326.51635
G1 X100.6 Y87.5 E2327.14164
G1 X100.6 Y90.268 E2327.2337
G1 X109.761 Y90.267 E2327.5384
G0 F12000 X109.771 Y90.667
;TYPE:WALL-OUTER
G1 F2400 X119.8 Y90.664 E2327.87196
G1 X119.8 Y87.1 E2327.9905
G1 X100.2 Y87.1 E2328.6424
G1 X100.2 Y90.668 E2328.76107
G1 X109.771 Y90.667 E2329.07941
G0 F12000 X109.771 Y89.657
G1 F2700 E2324.07941
G0 F12000 X109.998 Y90.457
G0 X109.999 Y91.532
G0 X109.999 Y128.468
G0 X110 Y129.543
G0 X110 Y131.308
;TYPE:WALL-INNER
G1 F2700 E2329.07941
G1 F2500 X118.208 Y131.308 E2329.34149
G1 X118.208 Y130.924 E2329.35375
G1 X101.792 Y130.924 E2329.87791
G1 X101.792 Y131.308 E2329.89017
G1 X110 Y131.308 E2330.15225
G0 F12000 X110 Y131.7
G1 F2400 X118.6 Y131.7 E2330.43828
G1 X118.6 Y130.532 E2330.47713
G1 X101.4 Y130.532 E2331.04921
G1 X101.4 Y131.7 E2331.08805
G1 X110 Y131.7 E2331.37409
G0 F12000 X110 Y132.1
G1 F2400 X119 Y132.1 E2331.67343
G1 X119 Y130.132 E2331.73889
G1 X101 Y130.132 E2332.33757
G1 X101 Y132.1 E2332.40303
G1 X110 Y132.1 E2332.70237
G0 F12000 X110 Y132.5
G1 F2400 X119.4 Y132.5 E2333.01501
G1 X119.4 Y129.732 E2333.10708
G1 X100.6 Y129.732 E2333.73237
G1 X100.6 Y132.5 E2333.82443
G1 X110 Y132.5 E2334.13708
G0 F12000 X110 Y132.9
;TYPE:WALL-OUTER
G1 F2400 X119.8 Y132.9 E2334.46303
G1 X119.8 Y129.332 E2334.5817
G1 X100.2 Y129.332 E2335.2336
G1 X100.2 Y132.9 E2335.35227
G1 X110 Y132.9 E2335.67822
G0 F12000 X110 Y131.89
G1 F2700 E2330.67822
;MESH:NONMESH
G0 F300 Z15.4
G0 F12000 X101.918 Y129.543
G0 X101.917 Y128.468
G0 X101.917 Y91.532
G0 X101.916 Y90.457
G0 X101.916 Y88.816
;TIME_ELAPSED:2501.275564
;LAYER:76
;note -- min layer time used
;TYPE:WALL-INNER
;MESH:v1.STL(1)
G1 F2700 E2335.67822
G1 F1476.6 X118.084 Y88.816 E2336.52786
G0 F12000 X110 Y89.332
G1 F2333.1 X118.6 Y89.332 E2336.8139
G1 X118.6 Y88.3 E2336.84822
G1 X101.4 Y88.3 E2337.4203
G1 X101.4 Y89.332 E2337.45462
G1 X110 Y89.332 E2337.74066
G0 F12000 X110 Y89.732
G1 F2333.1 X119 Y89.732 E2338.04
G1 X119 Y87.9 E2338.10093
G1 X101 Y87.9 E2338.69962
G1 X101 Y89.732 E2338.76055
G1 X110 Y89.732 E2339.05989
G0 F12000 X110 Y90.132
G1 F2333.1 X119.4 Y90.132 E2339.37254
G1 X119.4 Y87.5 E2339.46008
G1 X100.6 Y87.5 E2340.08537
G1 X100.6 Y90.132 E2340.17291
G1 X110 Y90.132 E2340.48555
G0 F12000 X110 Y90.532
;TYPE:WALL-OUTER
G1 F2333.1 X119.8 Y90.532 E2340.8115
G1 X119.8 Y87.1 E2340.92565
G1 X100.2 Y87.1 E2341.57755
G1 X100.2 Y90.532 E2341.6917
G1 X110 Y90.532 E2342.01765
G0 F12000 X110 Y89.524
G1 F2700 E2337.01765
G0 F12000 X101.916 Y90.324
G0 X101.917 Y91.399
G0 X101.917 Y128.601
G0 X101.918 Y129.676
G0 X101.918 Y131.182
;TYPE:WALL-INNER
G1 F2700 E2342.01765
G1 F1467.4 X118.082 Y131.182 E2342.87246
G0 F12000 X110 Y131.7
G1 F2333.1 X118.6 Y131.7 E2343.1585
G1 X118.6 Y130.664 E2343.19295
G1 X101.4 Y130.664 E2343.76503
G1 X101.4 Y131.7 E2343.79948
G1 X110 Y131.7 E2344.08552
G0 F12000 X110 Y132.1
G1 F2333.1 X119 Y132.1 E2344.38486
G1 X119 Y130.264 E2344.44593
G1 X101 Y130.264 E2345.04461
G1 X101 Y132.1 E2345.10568
G1 X110 Y132.1 E2345.40502
G0 F12000 X110 Y132.5
G1 F2333.1 X119.4 Y132.5 E2345.71766
G1 X119.4 Y129.864 E2345.80534
G1 X100.6 Y129.864 E2346.43063
G1 X100.6 Y132.5 E2346.5183
G1 X110 Y132.5 E2346.83095
G0 F12000 X110 Y132.9
;TYPE:WALL-OUTER
G1 F2333.1 X119.8 Y132.9 E2347.1569
G1 X119.8 Y129.464 E2347.27118
G1 X100.2 Y129.464 E2347.92308
G1 X100.2 Y132.9 E2348.03736
G1 X110 Y132.9 E2348.36331
G0 F12000 X110 Y131.89
G1 F2700 E2343.36331
;MESH:NONMESH
G0 F300 Z15.6
G0 F12000 X101.852 Y129.676
G0 X101.851 Y128.601
G0 X101.851 Y91.399
G0 X101.85 Y90.324
G0 X101.85 Y88.75
;TIME_ELAPSED:2516.437030
;LAYER:77
;note -- min layer time used
;TYPE:WALL-INNER
;MESH:v1.STL(1)
G1 F2700 E2348.36331
G1 F1857.4 X118.15 Y88.75 E2349.04098
G0 F12000 X110 Y89.2
G1 F2321.8 X118.6 Y89.2 E2349.32702
G1 X118.6 Y88.3 E2349.35695
G1 X101.4 Y88.3 E2349.92903
G1 X101.4 Y89.2 E2349.95896
G1 X110 Y89.2 E2350.245
G0 F12000 X110 Y89.6
G1 F2321.8 X119 Y89.6 E2350.54434
G1 X119 Y87.9 E2350.60088
G1 X101 Y87.9 E2351.19957
G1 X101 Y89.6 E2351.25611
G1 X110 Y89.6 E2351.55545
G0 F12000 X110 Y90
G1 F2321.8 X119.4 Y90 E2351.86809
G1 X119.4 Y87.5 E2351.95124
G1 X100.6 Y87.5 E2352.57653
G1 X100.6 Y90 E2352.65969
G1 X110 Y90 E2352.97233
G0 F12000 X110 Y90.4
;TYPE:WALL-OUTER
G1 F2321.8 X119.8 Y90.4 E2353.29828
G1 X119.8 Y87.1 E2353.40804
G1 X100.2 Y87.1 E2354.05994
G1 X100.2 Y90.4 E2354.1697
G1 X110 Y90.4 E2354.49564
G0 F12000 X110 Y89.392
G1 F2700 E2349.49564
G0 F12000 X101.85 Y90.192
G0 X101.851 Y91.267
G0 X101.851 Y128.733
G0 X101.852 Y129.808
G0 X101.852 Y131.248
;TYPE:WALL-INNER
G1 F2700 E2354.49564
G1 F1842.7 X118.148 Y131.248 E2355.17857
G0 F12000 X110 Y131.7
G1 F2321.8 X118.6 Y131.7 E2355.46461
G1 X118.6 Y130.796 E2355.49468
G1 X101.4 Y130.796 E2356.06675
G1 X101.4 Y131.7 E2356.09682
G1 X110 Y131.7 E2356.38286
G0 F12000 X110 Y132.1
G1 F2321.8 X119 Y132.1 E2356.6822
G1 X119 Y130.396 E2356.73887
G1 X101 Y130.396 E2357.33756
G1 X101 Y132.1 E2357.39423
G1 X110 Y132.1 E2357.69357
G0 F12000 X110 Y132.5
G1 F2321.8 X119.4 Y132.5 E2358.00622
G1 X119.4 Y129.996 E2358.0895
G1 X100.6 Y129.996 E2358.71479
G1 X100.6 Y132.5 E2358.79807
G1 X110 Y132.5 E2359.11072
G0 F12000 X110 Y132.9
;TYPE:WALL-OUTER
G1 F2321.8 X119.8 Y132.9 E2359.43667
G1 X119.8 Y129.596 E2359.54656
G1 X100.2 Y129.596 E2360.19846
G1 X100.2 Y132.9 E2360.30835
G1 X110 Y132.9 E2360.6343
G0 F12000 X110 Y131.89
G1 F2700 E2355.6343
;MESH:NONMESH
G0 F300 Z15.8
G0 F12000 X101.786 Y129.808
G0 X101.785 Y128.733
G0 X101.785 Y91.267
G0 X101.784 Y90.192
G0 X101.784 Y88.684
;TIME_ELAPSED:2531.324685
;LAYER:78
;note -- min layer time used
;TYPE:WALL-INNER
;MESH:v1.STL(1)
G1 F2700 E2360.6343
G1 F2511.4 X118.216 Y88.684 E2361.13711
G0 F12000 X110 Y89.068
G1 F2310.5 X118.6 Y89.068 E2361.42315
G1 X118.6 Y88.3 E2361.44869
G1 X101.4 Y88.3 E2362.02076
G1 X101.4 Y89.068 E2362.04631
G1 X110 Y89.068 E2362.33234
G0 F12000 X110 Y89.468
G1 F2310.5 X119 Y89.468 E2362.63169
G1 X119 Y87.9 E2362.68384
G1 X101 Y87.9 E2363.28252
G1 X101 Y89.468 E2363.33467
G1 X110 Y89.468 E2363.63401
G0 F12000 X110 Y89.868
G1 F2310.5 X119.4 Y89.868 E2363.94666
G1 X119.4 Y87.5 E2364.02542
G1 X100.6 Y87.5 E2364.65071
G1 X100.6 Y89.868 E2364.72947
G1 X110 Y89.868 E2365.04211
G0 F12000 X110 Y90.268
;TYPE:WALL-OUTER
G1 F2310.5 X119.8 Y90.268 E2365.36806
G1 X119.8 Y87.1 E2365.47343
G1 X100.2 Y87.1 E2366.12533
G1 X100.2 Y90.268 E2366.2307
G1 X110 Y90.268 E2366.55665
G0 F12000 X110 Y89.259
G1 F2700 E2361.55665
G0 F12000 X118.212 Y90.059
G0 X118.213 Y91.134
G0 X118.213 Y128.866
G0 X118.214 Y129.941
G0 X118.214 Y131.314
;TYPE:WALL-INNER
G1 F2700 E2366.55665
G1 F2484.4 X101.786 Y131.314 E2367.0648
G0 F12000 X110 Y131.7
G1 F2310.5 X118.6 Y131.7 E2367.35083
G1 X118.6 Y130.928 E2367.37651
G1 X101.4 Y130.928 E2367.94859
G1 X101.4 Y131.7 E2367.97426
G1 X110 Y131.7 E2368.2603
G0 F12000 X110 Y132.1
G1 F2310.5 X119 Y132.1 E2368.55964
G1 X119 Y130.528 E2368.61193
G1 X101 Y130.528 E2369.21061
G1 X101 Y132.1 E2369.26289
G1 X110 Y132.1 E2369.56223
G0 F12000 X110 Y132.5
G1 F2310.5 X119.4 Y132.5 E2369.87488
G1 X119.4 Y130.128 E2369.95377
G1 X100.6 Y130.128 E2370.57906
G1 X100.6 Y132.5 E2370.65796
G1 X110 Y132.5 E2370.9706
G0 F12000 X110 Y132.9
;TYPE:WALL-OUTER
G1 F2310.5 X119.8 Y132.9 E2371.29655
G1 X119.8 Y129.728 E2371.40205
G1 X100.2 Y129.728 E2372.05395
G1 X100.2 Y132.9 E2372.15945
G1 X110 Y132.9 E2372.4854
G0 F12000 X110 Y131.89
G1 F2700 E2367.4854
;MESH:NONMESH
G0 F300 Z16
G0 F12000 X110.002 Y129.941
G0 X110.001 Y128.866
G0 X110.001 Y91.134
G0 X110 Y90.059
G0 X110 Y88.877
;TIME_ELAPSED:2545.722878
;LAYER:79
;note -- min layer time used
;TYPE:WALL-INNER
;MESH:v1.STL(1)
G1 F2700 E2372.4854
G1 F1584.8 X118.541 Y88.877 E2372.85328
G1 X118.541 Y88.359 E2372.87559
G1 X101.459 Y88.359 E2373.61134
G1 X101.459 Y88.877 E2373.63365
G1 X110 Y88.877 E2374.00153
G0 F12000 X110 Y89.336
G1 F2052.4 X119 Y89.336 E2374.30087
G1 X119 Y87.9 E2374.34863
G1 X101 Y87.9 E2374.94732
G1 X101 Y89.336 E2374.99508
G1 X110 Y89.336 E2375.29442
G0 F12000 X110 Y89.736
G1 F2052.4 X119.4 Y89.736 E2375.60706
G1 X119.4 Y87.5 E2375.68143
G1 X100.6 Y87.5 E2376.30672
G1 X100.6 Y89.736 E2376.38109
G1 X110 Y89.736 E2376.69374
G0 F12000 X110 Y90.136
;TYPE:WALL-OUTER
G1 F2052.4 X119.8 Y90.136 E2377.01969
G1 X119.8 Y87.1 E2377.12067
G1 X100.2 Y87.1 E2377.77257
G1 X100.2 Y90.136 E2377.87354
G1 X110 Y90.136 E2378.19949
G0 F12000 X110 Y89.127
G1 F2700 E2373.19949
G0 F12000 X109.998 Y89.927
G0 X109.999 Y91.002
G0 X109.999 Y128.998
G0 X110 Y130.073
G0 X110 Y131.64
;TYPE:WALL-INNER
G1 F2700 E2378.19949
G1 F1578.7 X118.54 Y131.64 E2378.56875
G1 X118.54 Y131.12 E2378.59123
G1 X101.46 Y131.12 E2379.32974
G1 X101.46 Y131.64 E2379.35222
G1 X110 Y131.64 E2379.72148
G0 F12000 X110 Y132.1
G1 F2052.4 X119 Y132.1 E2380.02082
G1 X119 Y130.66 E2380.06871
G1 X101 Y130.66 E2380.66739
G1 X101 Y132.1 E2380.71529
G1 X110 Y132.1 E2381.01463
G0 F12000 X110 Y132.5
G1 F2052.4 X119.4 Y132.5 E2381.32728
G1 X119.4 Y130.26 E2381.40178
G1 X100.6 Y130.26 E2382.02707
G1 X100.6 Y132.5 E2382.10157
G1 X110 Y132.5 E2382.41422
G0 F12000 X110 Y132.9
;TYPE:WALL-OUTER
G1 F2052.4 X119.8 Y132.9 E2382.74017
G1 X119.8 Y129.86 E2382.84128
G1 X100.2 Y129.86 E2383.49318
G1 X100.2 Y132.9 E2383.59429
G1 X110 Y132.9 E2383.92024
G0 F12000 X110 Y131.89
G1 F2700 E2378.92024
;MESH:NONMESH
G0 F300 Z16.2
G0 F12000 X110.002 Y130.073
G0 X110.001 Y128.998
G0 X110.001 Y91.002
G0 X110 Y89.927
G0 X110 Y88.778
;TIME_ELAPSED:2559.693625
;LAYER:80
;note -- min layer time used
;TYPE:WALL-INNER
;MESH:v1.STL(1)
G1 F2700 E2383.92024
G1 F1807.5 X118.574 Y88.778 E2384.24248
G1 X118.574 Y88.326 E2384.25947
G1 X101.426 Y88.326 E2384.90396
G1 X101.426 Y88.778 E2384.92095
G1 X110 Y88.778 E2385.24319
G0 F12000 X110 Y89.204
G1 F2042.4 X119 Y89.204 E2385.54253
G1 X119 Y87.9 E2385.5859
G1 X101 Y87.9 E2386.18459
G1 X101 Y89.204 E2386.22796
G1 X110 Y89.204 E2386.5273
G0 F12000 X110 Y89.604
G1 F2042.4 X119.4 Y89.604 E2386.83994
G1 X119.4 Y87.5 E2386.90992
G1 X100.6 Y87.5 E2387.53521
G1 X100.6 Y89.604 E2387.60519
G1 X110 Y89.604 E2387.91784
G0 F12000 X110 Y90.004
;TYPE:WALL-OUTER
G1 F2042.4 X119.8 Y90.004 E2388.24379
G1 X119.8 Y87.1 E2388.34037
G1 X100.2 Y87.1 E2388.99227
G1 X100.2 Y90.004 E2389.08886
G1 X110 Y90.004 E2389.41481
G0 F12000 X110 Y88.994
G1 F2700 E2384.41481
G0 F12000 X109.998 Y89.794
G0 X109.999 Y90.869
G0 X109.999 Y129.131
G0 X110 Y130.206
G0 X110 Y131.674
;TYPE:WALL-INNER
G1 F2700 E2389.41481
G1 F1803.5 X118.573 Y131.673 E2389.73773
G1 F1799.5 X118.573 Y131.219 E2389.75487
G1 F1803.5 X101.426 Y131.222 E2390.40075
G1 F1807.5 X101.426 Y131.674 E2390.41773
G1 X110 Y131.674 E2390.73998
G0 F12000 X110 Y132.1
G1 F2042.4 X119 Y132.1 E2391.03932
G1 X119 Y130.792 E2391.08282
G1 X101 Y130.796 E2391.68151
G1 X101 Y132.1 E2391.72488
G1 X110 Y132.1 E2392.02422
G0 F12000 X110 Y132.5
G1 F2042.4 X119.4 Y132.5 E2392.33686
G1 X119.4 Y130.392 E2392.40698
G1 X100.6 Y130.396 E2393.03227
G1 X100.6 Y132.5 E2393.10225
G1 X110 Y132.5 E2393.41489
G0 F12000 X110 Y132.9
;TYPE:WALL-OUTER
G1 F2042.4 X119.8 Y132.9 E2393.74084
G1 X119.8 Y129.992 E2393.83756
G1 X100.2 Y129.996 E2394.48946
G1 X100.2 Y132.9 E2394.58605
G1 X110 Y132.9 E2394.912
G0 F12000 X110 Y131.89
G1 F2700 E2389.912
;MESH:NONMESH
G0 F300 Z16.4
G0 F12000 X110.002 Y130.206
G0 X110.001 Y129.131
G0 X110.001 Y90.869
G0 X110 Y89.794
G0 X110 Y88.691
;TIME_ELAPSED:2573.348567
;LAYER:81
;note -- min layer time used
;TYPE:WALL-INNER
;MESH:v1.STL(1)
G1 F2700 E2394.912
G1 F2064.8 X118.603 Y88.691 E2395.19384
G1 X118.603 Y88.297 E2395.20675
G1 X101.397 Y88.297 E2395.77044
G1 X101.397 Y88.691 E2395.78335
G1 X110 Y88.691 E2396.06519
G0 F12000 X110 Y89.088
G1 F2033.8 X119 Y89.088 E2396.36453
G1 X119 Y87.9 E2396.40405
G1 X101 Y87.9 E2397.00273
G1 X101 Y89.088 E2397.04224
G1 X110 Y89.088 E2397.34158
G0 F12000 X110 Y89.488
G1 F2033.8 X119.4 Y89.488 E2397.65423
G1 X119.4 Y87.5 E2397.72035
G1 X100.6 Y87.5 E2398.34564
G1 X100.6 Y89.488 E2398.41176
G1 X110 Y89.488 E2398.72441
G0 F12000 X110 Y89.888
;TYPE:WALL-OUTER
G1 F2033.8 X119.8 Y89.888 E2399.05036
G1 X119.8 Y87.1 E2399.14309
G1 X100.2 Y87.1 E2399.79498
G1 X100.2 Y89.888 E2399.88771
G1 X110 Y89.888 E2400.21366
G0 F12000 X110 Y88.879
G1 F2700 E2395.21366
G0 F12000 X109.998 Y89.679
G0 X109.999 Y90.754
G0 X109.999 Y129.246
G0 X110 Y130.321
G0 X110 Y131.702
;TYPE:WALL-INNER
G1 F2700 E2400.21366
G1 F2054.4 X118.602 Y131.702 E2400.49691
G1 X118.602 Y131.306 E2400.50994
G1 X101.398 Y131.306 E2401.07643
G1 X101.398 Y131.702 E2401.08947
G1 X110 Y131.702 E2401.37271
G0 F12000 X110 Y132.1
G1 F2033.8 X119 Y132.1 E2401.67205
G1 X119 Y130.908 E2401.7117
G1 X101 Y130.908 E2402.31038
G1 X101 Y132.1 E2402.35003
G1 X110 Y132.1 E2402.64937
G0 F12000 X110 Y132.5
G1 F2033.8 X119.4 Y132.5 E2402.96201
G1 X119.4 Y130.508 E2403.02827
G1 X100.6 Y130.508 E2403.65356
G1 X100.6 Y132.5 E2403.71981
G1 X110 Y132.5 E2404.03246
G0 F12000 X110 Y132.9
;TYPE:WALL-OUTER
G1 F2033.8 X119.8 Y132.9 E2404.35841
G1 X119.8 Y130.108 E2404.45127
G1 X100.2 Y130.108 E2405.10317
G1 X100.2 Y132.9 E2405.19603
G1 X110 Y132.9 E2405.52198
G0 F12000 X110 Y131.89
G1 F2700 E2400.52198
;MESH:NONMESH
G0 F300 Z16.6
G0 F12000 X110.002 Y130.321
G0 X110.001 Y129.246
G0 X110.001 Y90.754
G0 X110 Y89.679
G0 X110 Y88.61
;TIME_ELAPSED:2586.736333
;LAYER:82
;note -- min layer time used
;TYPE:WALL-INNER
;MESH:v1.STL(1)
G1 F2700 E2405.52198
G1 F2383.3 X118.63 Y88.61 E2405.76596
G1 X118.63 Y88.27 E2405.77557
G1 X101.37 Y88.27 E2406.26353
G1 X101.37 Y88.61 E2406.27314
G1 X110 Y88.61 E2406.51712
G0 F12000 X110 Y88.98
G1 F2025.8 X119 Y88.98 E2406.81646
G1 X119 Y87.9 E2406.85239
G1 X101 Y87.9 E2407.45107
G1 X101 Y88.98 E2407.48699
G1 X110 Y88.98 E2407.78633
G0 F12000 X110 Y89.38
G1 F2025.8 X119.4 Y89.38 E2408.09898
G1 X119.4 Y87.5 E2408.1615
G1 X100.6 Y87.5 E2408.7868
G1 X100.6 Y89.38 E2408.84932
G1 X110 Y89.38 E2409.16197
G0 F12000 X110 Y89.78
;TYPE:WALL-OUTER
G1 F2025.8 X119.8 Y89.78 E2409.48792
G1 X119.8 Y87.1 E2409.57706
G1 X100.2 Y87.1 E2410.22895
G1 X100.2 Y89.78 E2410.31809
G1 X110 Y89.78 E2410.64404
G0 F12000 X110 Y88.772
G1 F2700 E2405.64404
G0 F12000 X109.998 Y89.572
G0 X109.999 Y90.647
G0 X109.999 Y129.353
G0 X110 Y130.428
G0 X110 Y131.729
;TYPE:WALL-INNER
G1 F2700 E2410.64404
G1 F2369.3 X118.629 Y131.729 E2410.88943
G1 X118.629 Y131.387 E2410.89915
G1 X101.371 Y131.387 E2411.38993
G1 X101.371 Y131.729 E2411.39965
G1 X110 Y131.729 E2411.64504
G0 F12000 X110 Y132.1
G1 F2025.8 X119 Y132.1 E2411.94438
G1 X119 Y131.016 E2411.98043
G1 X101 Y131.016 E2412.57912
G1 X101 Y132.1 E2412.61517
G1 X110 Y132.1 E2412.91451
G0 F12000 X110 Y132.5
G1 F2025.8 X119.4 Y132.5 E2413.22716
G1 X119.4 Y130.616 E2413.28982
G1 X100.6 Y130.616 E2413.91511
G1 X100.6 Y132.5 E2413.97777
G1 X110 Y132.5 E2414.29042
G0 F12000 X110 Y132.9
;TYPE:WALL-OUTER
G1 F2025.8 X119.8 Y132.9 E2414.61637
G1 X119.8 Y130.216 E2414.70564
G1 X100.2 Y130.216 E2415.35753
G1 X100.2 Y132.9 E2415.4468
G1 X110 Y132.9 E2415.77275
G0 F12000 X110 Y131.89
G1 F2700 E2410.77275
;MESH:NONMESH
G0 F300 Z16.8
G0 F12000 X101.49 Y130.428
G0 X101.489 Y129.353
G0 X101.489 Y90.647
G0 X101.488 Y89.572
G0 X101.488 Y88.388
;TIME_ELAPSED:2600.105823
;LAYER:83
;note -- min layer time used
;TYPE:WALL-INNER
;MESH:v1.STL(1)
G1 F2700 E2415.77275
G1 F1261.7 X118.514 Y88.386 E2416.58538
G0 F12000 X109.75 Y88.875
G1 F1810.6 X119 Y88.872 E2416.89303
G1 X119 Y87.9 E2416.92536
G1 X101 Y87.9 E2417.52404
G1 X101 Y88.876 E2417.55651
G1 X109.75 Y88.875 E2417.84753
G0 F12000 X109.761 Y89.275
G1 F1810.6 X119.4 Y89.272 E2418.16813
G1 X119.4 Y87.5 E2418.22706
G1 X100.6 Y87.5 E2418.85235
G1 X100.6 Y89.276 E2418.91142
G1 X109.761 Y89.275 E2419.21612
G0 F12000 X109.771 Y89.675
;TYPE:WALL-OUTER
G1 F1810.6 X119.8 Y89.672 E2419.54969
G1 X119.8 Y87.1 E2419.63523
G1 X100.2 Y87.1 E2420.28713
G1 X100.2 Y89.676 E2420.37281
G1 X109.771 Y89.675 E2420.69114
G0 F12000 X109.771 Y88.665
G1 F2700 E2415.69114
G0 F12000 X101.486 Y89.465
G0 X101.487 Y90.54
G0 X101.487 Y129.46
G0 X101.488 Y130.535
G0 X101.488 Y131.612
;TYPE:WALL-INNER
G1 F2700 E2420.69114
G1 F1257.3 X118.512 Y131.612 E2421.5065
G0 F12000 X110 Y132.1
G1 F1810.6 X119 Y132.1 E2421.80584
G1 X119 Y131.124 E2421.8383
G1 X101 Y131.124 E2422.43698
G1 X101 Y132.1 E2422.46945
G1 X110 Y132.1 E2422.76879
G0 F12000 X110 Y132.5
G1 F1810.6 X119.4 Y132.5 E2423.08143
G1 X119.4 Y130.724 E2423.1405
G1 X100.6 Y130.724 E2423.76579
G1 X100.6 Y132.5 E2423.82486
G1 X110 Y132.5 E2424.13751
G0 F12000 X110 Y132.9
;TYPE:WALL-OUTER
G1 F1810.6 X119.8 Y132.9 E2424.46346
G1 X119.8 Y130.324 E2424.54913
G1 X100.2 Y130.324 E2425.20103
G1 X100.2 Y132.9 E2425.28671
G1 X110 Y132.9 E2425.61266
G0 F12000 X110 Y131.89
G1 F2700 E2420.61266
;MESH:NONMESH
G0 F300 Z17
G0 F12000 X101.436 Y130.535
G0 X101.435 Y129.46
G0 X101.435 Y90.54
G0 X101.434 Y89.465
G0 X101.434 Y88.334
;TIME_ELAPSED:2614.240023
;LAYER:84
;note -- min layer time used
;TYPE:WALL-INNER
;MESH:v1.STL(1)
G1 F2700 E2425.61266
G1 F1542 X118.566 Y88.334 E2426.27934
G0 F12000 X110 Y88.768
G1 F1804.1 X119 Y88.768 E2426.57868
G1 X119 Y87.9 E2426.60755
G1 X101 Y87.9 E2427.20624
G1 X101 Y88.768 E2427.2351
G1 X110 Y88.768 E2427.53445
G0 F12000 X110 Y89.168
G1 F1804.1 X119.4 Y89.168 E2427.84709
G1 X119.4 Y87.5 E2427.90257
G1 X100.6 Y87.5 E2428.52786
G1 X100.6 Y89.168 E2428.58334
G1 X110 Y89.168 E2428.89598
G0 F12000 X110 Y89.568
;TYPE:WALL-OUTER
G1 F1804.1 X119.8 Y89.568 E2429.22193
G1 X119.8 Y87.1 E2429.30402
G1 X100.2 Y87.1 E2429.95592
G1 X100.2 Y89.568 E2430.038
G1 X110 Y89.568 E2430.36395
G0 F12000 X110 Y88.558
G1 F2700 E2425.36395
G0 F12000 X118.562 Y89.358
G0 X118.563 Y90.433
G0 X118.563 Y129.567
G0 X118.564 Y130.642
G0 X118.564 Y131.664
;TYPE:WALL-INNER
G1 F2700 E2430.36395
G1 F1535.4 X101.434 Y131.666 E2431.0334
G0 F12000 X110 Y132.1
G1 F1804.1 X119 Y132.1 E2431.33275
G1 X119 Y131.228 E2431.36175
G1 X101 Y131.232 E2431.96043
G1 X101 Y132.1 E2431.9893
G1 X110 Y132.1 E2432.28864
G0 F12000 X110 Y132.5
G1 F1804.1 X119.4 Y132.5 E2432.60129
G1 X119.4 Y130.828 E2432.6569
G1 X100.6 Y130.832 E2433.28219
G1 X100.6 Y132.5 E2433.33767
G1 X110 Y132.5 E2433.65031
G0 F12000 X110 Y132.9
;TYPE:WALL-OUTER
G1 F1804.1 X119.8 Y132.9 E2433.97626
G1 X119.8 Y130.428 E2434.05848
G1 X100.2 Y130.432 E2434.71038
G1 X100.2 Y132.9 E2434.79246
G1 X110 Y132.9 E2435.11841
G0 F12000 X110 Y131.89
G1 F2700 E2430.11841
;MESH:NONMESH
G0 F300 Z17.2
G0 F12000 X101.382 Y130.642
G0 X101.381 Y129.567
G0 X101.381 Y90.433
G0 X101.38 Y89.358
G0 X101.38 Y88.28
;TIME_ELAPSED:2628.082704
;LAYER:85
;note -- min layer time used
;TYPE:WALL-INNER
;MESH:v1.STL(1)
G1 F2700 E2435.11841
G1 F1997.3 X118.62 Y88.28 E2435.63448
G0 F12000 X110 Y88.66
G1 F1797.6 X119 Y88.66 E2435.93382
G1 X119 Y87.9 E2435.9591
G1 X101 Y87.9 E2436.55778
G1 X101 Y88.66 E2436.58306
G1 X110 Y88.66 E2436.8824
G0 F12000 X110 Y89.06
G1 F1797.6 X119.4 Y89.06 E2437.19504
G1 X119.4 Y87.5 E2437.24693
G1 X100.6 Y87.5 E2437.87222
G1 X100.6 Y89.06 E2437.92411
G1 X110 Y89.06 E2438.23675
G0 F12000 X110 Y89.46
;TYPE:WALL-OUTER
G1 F1797.6 X119.8 Y89.46 E2438.5627
G1 X119.8 Y87.1 E2438.64119
G1 X100.2 Y87.1 E2439.29309
G1 X100.2 Y89.46 E2439.37159
G1 X110 Y89.46 E2439.69754
G0 F12000 X110 Y88.451
G1 F2700 E2434.69754
G0 F12000 X101.38 Y89.251
G0 X101.381 Y90.326
G0 X101.381 Y129.674
G0 X101.382 Y130.749
G0 X101.382 Y131.718
;TYPE:WALL-INNER
G1 F2700 E2439.69754
G1 F1975.3 X118.618 Y131.718 E2440.21921
G0 F12000 X110 Y132.1
G1 F1797.6 X119 Y132.1 E2440.51855
G1 X119 Y131.336 E2440.54397
G1 X101 Y131.336 E2441.14265
G1 X101 Y132.1 E2441.16806
G1 X110 Y132.1 E2441.4674
G0 F12000 X110 Y132.5
G1 F1797.6 X119.4 Y132.5 E2441.78005
G1 X119.4 Y130.936 E2441.83206
G1 X100.6 Y130.936 E2442.45735
G1 X100.6 Y132.5 E2442.50937
G1 X110 Y132.5 E2442.82202
G0 F12000 X110 Y132.9
;TYPE:WALL-OUTER
G1 F1797.6 X119.8 Y132.9 E2443.14797
G1 X119.8 Y130.536 E2443.22659
G1 X100.2 Y130.536 E2443.87849
G1 X100.2 Y132.9 E2443.95712
G1 X110 Y132.9 E2444.28307
G0 F12000 X110 Y131.89
G1 F2700 E2439.28307
;MESH:NONMESH
G0 F300 Z17.4
G0 F12000 X109.813 Y130.749
G0 X109.812 Y129.674
G0 X109.812 Y90.326
G0 X109.811 Y89.251
G0 X109.811 Y88.491
;TIME_ELAPSED:2641.407444
;LAYER:86
;note -- min layer time used
;TYPE:WALL-INNER
;MESH:v1.STL(1)
G1 F2700 E2444.28307
G1 F1170.6 X118.937 Y88.489 E2444.68221
G1 X118.937 Y87.963 E2444.70522
G1 F1168.3 X101.064 Y87.964 E2445.48842
G1 F1166.1 X101.064 Y88.492 E2445.5116
G1 F1168.3 X109.811 Y88.491 E2445.8949
G0 F12000 X109.761 Y88.955
G1 F1539.3 X119.4 Y88.952 E2446.21549
G1 X119.4 Y87.5 E2446.26378
G1 X100.6 Y87.5 E2446.88907
G1 X100.6 Y88.956 E2446.9375
G1 X109.761 Y88.955 E2447.2422
G0 F12000 X109.771 Y89.355
;TYPE:WALL-OUTER
G1 F1539.3 X119.8 Y89.352 E2447.57576
G1 X119.8 Y87.1 E2447.65066
G1 X100.2 Y87.1 E2448.30256
G1 X100.2 Y89.356 E2448.3776
G1 X109.771 Y89.355 E2448.69593
G0 F12000 X109.771 Y88.345
G1 F2700 E2443.69593
G0 F12000 X109.998 Y89.145
G0 X109.999 Y90.22
G0 X109.999 Y129.78
G0 X110 Y130.855
G0 X110 Y132.036
;TYPE:WALL-INNER
G1 F2700 E2448.69593
G1 F1166.1 X118.936 Y132.036 E2449.08825
G1 X118.936 Y131.508 E2449.11143
G1 X101.064 Y131.508 E2449.89607
G1 X101.064 Y132.036 E2449.91925
G1 X110 Y132.036 E2450.31158
G0 F12000 X110 Y132.5
G1 F1539.3 X119.4 Y132.5 E2450.62422
G1 X119.4 Y131.044 E2450.67265
G1 X100.6 Y131.044 E2451.29794
G1 X100.6 Y132.5 E2451.34636
G1 X110 Y132.5 E2451.65901
G0 F12000 X110 Y132.9
;TYPE:WALL-OUTER
G1 F1539.3 X119.8 Y132.9 E2451.98496
G1 X119.8 Y130.644 E2452.05999
G1 X100.2 Y130.644 E2452.71189
G1 X100.2 Y132.9 E2452.78693
G1 X110 Y132.9 E2453.11288
G0 F12000 X110 Y131.89
G1 F2700 E2448.11288
;MESH:NONMESH
G0 F300 Z17.6
G0 F12000 X110.002 Y130.855
G0 X110.001 Y129.78
G0 X110.001 Y90.22
G0 X110 Y89.145
G0 X110 Y88.411
;TIME_ELAPSED:2654.761959
;LAYER:87
;note -- min layer time used
;TYPE:WALL-INNER
;MESH:v1.STL(1)
G1 F2700 E2453.11288
G1 F1294.5 X118.963 Y88.411 E2453.46614
G1 X118.963 Y87.937 E2453.48482
G1 X101.037 Y87.937 E2454.19134
G1 X101.037 Y88.411 E2454.21002
G1 X110 Y88.411 E2454.56329
G0 F12000 X110 Y88.848
G1 F1534 X119.4 Y88.848 E2454.87593
G1 X119.4 Y87.5 E2454.92076
G1 X100.6 Y87.5 E2455.54606
G1 X100.6 Y88.848 E2455.59089
G1 X110 Y88.848 E2455.90354
G0 F12000 X110 Y89.248
;TYPE:WALL-OUTER
G1 F1534 X119.8 Y89.248 E2456.22948
G1 X119.8 Y87.1 E2456.30093
G1 X100.2 Y87.1 E2456.95283
G1 X100.2 Y89.248 E2457.02427
G1 X110 Y89.248 E2457.35022
G0 F12000 X110 Y88.238
G1 F2700 E2452.35022
G0 F12000 X109.998 Y89.038
G0 X109.999 Y90.113
G0 X109.999 Y129.887
G0 X110 Y130.962
G0 X110 Y132.062
;TYPE:WALL-INNER
G1 F2700 E2457.35022
G1 F1291.8 X118.962 Y132.062 E2457.70419
G1 F1289.1 X118.962 Y131.586 E2457.72302
G1 F1291.8 X101.037 Y131.589 E2458.431
G1 F1294.5 X101.037 Y132.063 E2458.44968
G1 X110 Y132.062 E2458.80294
G0 F12000 X110 Y132.5
G1 F1534 X119.4 Y132.5 E2459.11559
G1 X119.4 Y131.148 E2459.16055
G1 X100.6 Y131.152 E2459.78584
G1 X100.6 Y132.5 E2459.83068
G1 X110 Y132.5 E2460.14332
G0 F12000 X110 Y132.9
;TYPE:WALL-OUTER
G1 F1534 X119.8 Y132.9 E2460.46927
G1 X119.8 Y130.748 E2460.54085
G1 X100.2 Y130.752 E2461.19275
G1 X100.2 Y132.9 E2461.26419
G1 X110 Y132.9 E2461.59014
G0 F12000 X110 Y131.89
G1 F2700 E2456.59014
;MESH:NONMESH
G0 F300 Z17.8
G0 F12000 X110.002 Y130.962
G0 X110.001 Y129.887
G0 X110.001 Y90.113
G0 X110 Y89.038
G0 X110 Y88.33
;TIME_ELAPSED:2667.760675
;LAYER:88
;note -- min layer time used
;TYPE:WALL-INNER
;MESH:v1.STL(1)
G1 F2700 E2461.59014
G1 F1455.9 X118.99 Y88.33 E2461.9041
G1 X118.99 Y87.91 E2461.91877
G1 X101.01 Y87.91 E2462.54669
G1 X101.01 Y88.33 E2462.56135
G1 X110 Y88.33 E2462.87531
G0 F12000 X110 Y88.74
G1 F1528.7 X119.4 Y88.74 E2463.18796
G1 X119.4 Y87.5 E2463.2292
G1 X100.6 Y87.5 E2463.85449
G1 X100.6 Y88.74 E2463.89573
G1 X110 Y88.74 E2464.20838
G0 F12000 X110 Y89.14
;TYPE:WALL-OUTER
G1 F1528.7 X119.8 Y89.14 E2464.53433
G1 X119.8 Y87.1 E2464.60218
G1 X100.2 Y87.1 E2465.25408
G1 X100.2 Y89.14 E2465.32193
G1 X110 Y89.14 E2465.64788
G0 F12000 X110 Y88.131
G1 F2700 E2460.64788
G0 F12000 X109.998 Y88.931
G0 X109.999 Y90.006
G0 X109.999 Y129.994
G0 X110 Y131.069
G0 X110 Y132.089
;TYPE:WALL-INNER
G1 F2700 E2465.64788
G1 F1449 X118.989 Y132.089 E2465.9633
G1 X118.989 Y131.667 E2465.9781
G1 X101.011 Y131.667 E2466.60894
G1 X101.011 Y132.089 E2466.62375
G1 X110 Y132.089 E2466.93917
G0 F12000 X110 Y132.5
G1 F1528.7 X119.4 Y132.5 E2467.25181
G1 X119.4 Y131.256 E2467.29319
G1 X100.6 Y131.256 E2467.91848
G1 X100.6 Y132.5 E2467.95986
G1 X110 Y132.5 E2468.2725
G0 F12000 X110 Y132.9
;TYPE:WALL-OUTER
G1 F1528.7 X119.8 Y132.9 E2468.59845
G1 X119.8 Y130.856 E2468.66643
G1 X100.2 Y130.856 E2469.31833
G1 X100.2 Y132.9 E2469.38632
G1 X110 Y132.9 E2469.71227
G0 F12000 X110 Y131.89
G1 F2700 E2464.71227
;MESH:NONMESH
G0 F300 Z18
G0 F12000 X110.002 Y131.069
G0 X110.001 Y129.994
G0 X110.001 Y90.006
G0 X110 Y88.931
G0 X110 Y88.249
;TIME_ELAPSED:2680.401933
;LAYER:89
;note -- min layer time used
;TYPE:WALL-INNER
;MESH:v1.STL(1)
G1 F2700 E2469.71227
G1 F1664.6 X119.017 Y88.249 E2469.98668
G1 X119.017 Y87.883 E2469.99782
G1 X100.983 Y87.883 E2470.54665
G1 X100.983 Y88.249 E2470.55779
G1 X110 Y88.249 E2470.8322
G0 F12000 X110 Y88.632
G1 F1523.1 X119.4 Y88.632 E2471.14485
G1 X119.4 Y87.5 E2471.1825
G1 X100.6 Y87.5 E2471.80779
G1 X100.6 Y88.632 E2471.84544
G1 X110 Y88.632 E2472.15808
G0 F12000 X110 Y89.032
;TYPE:WALL-OUTER
G1 F1523.1 X119.8 Y89.032 E2472.48403
G1 X119.8 Y87.1 E2472.54829
G1 X100.2 Y87.1 E2473.20019
G1 X100.2 Y89.032 E2473.26445
G1 X110 Y89.032 E2473.5904
G0 F12000 X110 Y88.11
G1 F2700 E2468.5904
G0 F12000 X109.998 Y88.824
G0 X109.999 Y89.899
G0 X109.999 Y130.101
G0 X110 Y131.176
G0 X110 Y132.116
;TYPE:WALL-INNER
G1 F2700 E2473.5904
G1 F1655.5 X119.016 Y132.116 E2473.86628
G1 X119.016 Y131.748 E2473.87754
G1 X100.984 Y131.748 E2474.42931
G1 X100.984 Y132.116 E2474.44057
G1 X110 Y132.116 E2474.71645
G0 F12000 X110 Y132.5
G1 F1523.1 X119.4 Y132.5 E2475.0291
G1 X119.4 Y131.364 E2475.06688
G1 X100.6 Y131.364 E2475.69217
G1 X100.6 Y132.5 E2475.72996
G1 X110 Y132.5 E2476.0426
G0 F12000 X110 Y132.9
;TYPE:WALL-OUTER
G1 F1523.1 X119.8 Y132.9 E2476.36855
G1 X119.8 Y130.964 E2476.43294
G1 X100.2 Y130.964 E2477.08484
G1 X100.2 Y132.9 E2477.14923
G1 X110 Y132.9 E2477.47518
G0 F12000 X109.999 Y131.976
G1 F2700 E2472.47518
;MESH:NONMESH
G0 F300 Z18.2
G0 F12000 X101.116 Y131.176
G0 X101.115 Y130.101
G0 X101.115 Y89.899
G0 X101.114 Y88.824
G0 X101.114 Y88.014
;TIME_ELAPSED:2692.912735
;LAYER:90
;note -- min layer time used
;TYPE:WALL-INNER
;MESH:v1.STL(1)
G1 F2700 E2477.47518
G1 F824.3 X118.886 Y88.014 E2478.40321
G0 F12000 X110 Y88.22
G0 X110 Y88.528
G1 F1294.1 X119.4 Y88.528 E2478.71585
G1 X119.4 Y87.5 E2478.75004
G1 X100.6 Y87.5 E2479.37533
G1 X100.6 Y88.528 E2479.40953
G1 X110 Y88.528 E2479.72217
G0 F12000 X110 Y88.928
;TYPE:WALL-OUTER
G1 F1294.1 X119.8 Y88.928 E2480.04812
G1 X119.8 Y87.1 E2480.10892
G1 X100.2 Y87.1 E2480.76082
G1 X100.2 Y88.928 E2480.82162
G1 X110 Y88.928 E2481.14757
G0 F12000 X110 Y88.11
G1 F2700 E2476.14757
G0 F12000 X101.114 Y88.72
G0 X101.115 Y89.795
G0 X101.115 Y130.205
G0 X101.116 Y131.28
G0 X101.116 Y131.984
;TYPE:WALL-INNER
G1 F2700 E2481.14757
G1 F819.1 X118.884 Y131.984 E2482.08129
G0 F12000 X110 Y132.19
G0 X110 Y132.5
G1 F1294.1 X119.4 Y132.5 E2482.39394
G1 X119.4 Y131.468 E2482.42826
G1 X100.6 Y131.468 E2483.05355
G1 X100.6 Y132.5 E2483.08788
G1 X110 Y132.5 E2483.40052
G0 F12000 X110 Y132.9
;TYPE:WALL-OUTER
G1 F1294.1 X119.8 Y132.9 E2483.72647
G1 X119.8 Y131.068 E2483.78741
G1 X100.2 Y131.068 E2484.4393
G1 X100.2 Y132.9 E2484.50024
G1 X110 Y132.9 E2484.82619
G0 F12000 X109.999 Y132.08
G1 F2700 E2479.82619
;MESH:NONMESH
G0 F300 Z18.4
G0 F12000 X101.074 Y131.28
G0 X101.073 Y130.205
G0 X101.073 Y89.795
G0 X101.072 Y88.72
G0 X101.072 Y87.972
;TIME_ELAPSED:2706.795697
;LAYER:91
;note -- min layer time used
;TYPE:WALL-INNER
;MESH:v1.STL(1)
G1 F2700 E2484.82619
G1 F949.3 X118.928 Y87.972 E2485.63388
G0 F12000 X110 Y88.136
G0 X110 Y88.444
G1 F1291 X119.4 Y88.444 E2485.94653
G1 X119.4 Y87.5 E2485.97792
G1 X100.6 Y87.5 E2486.60321
G1 X100.6 Y88.444 E2486.63461
G1 X110 Y88.444 E2486.94726
G0 F12000 X110 Y88.844
;TYPE:WALL-OUTER
G1 F1291 X119.8 Y88.844 E2487.27321
G1 X119.8 Y87.1 E2487.33121
G1 X100.2 Y87.1 E2487.98311
G1 X100.2 Y88.844 E2488.04112
G1 X110 Y88.844 E2488.36706
G0 F12000 X110 Y88.11
G1 F2700 E2483.36706
G0 F12000 X101.072 Y88.636
G0 X101.073 Y89.711
G0 X101.073 Y130.289
G0 X101.074 Y131.364
G0 X101.074 Y132.026
;TYPE:WALL-INNER
G1 F2700 E2488.36706
G1 F942.4 X118.926 Y132.026 E2489.18052
G0 F12000 X110 Y132.19
G0 X110 Y132.5
G1 F1291 X119.4 Y132.5 E2489.49316
G1 X119.4 Y131.552 E2489.52469
G1 X100.6 Y131.552 E2490.14998
G1 X100.6 Y132.5 E2490.18151
G1 X110 Y132.5 E2490.49416
G0 F12000 X110 Y132.9
;TYPE:WALL-OUTER
G1 F1291 X119.8 Y132.9 E2490.82011
G1 X119.8 Y131.152 E2490.87825
G1 X100.2 Y131.152 E2491.53015
G1 X100.2 Y132.9 E2491.58828
G1 X110 Y132.9 E2491.91423
G0 F12000 X109.999 Y132.164
G1 F2700 E2486.91423
;MESH:NONMESH
G0 F300 Z18.6
G0 F12000 X101.032 Y131.364
G0 X101.031 Y130.289
G0 X101.031 Y89.711
G0 X101.03 Y88.636
G0 X101.03 Y87.93
;TIME_ELAPSED:2720.335577
;LAYER:92
;note -- min layer time used
;TYPE:WALL-INNER
;MESH:v1.STL(1)
G1 F2700 E2491.91423
G1 F1120 X118.97 Y87.93 E2492.60042
G0 F12000 X110 Y88.052
G0 X110 Y88.36
G1 F1288 X119.4 Y88.36 E2492.91307
G1 X119.4 Y87.5 E2492.94167
G1 X100.6 Y87.5 E2493.56696
G1 X100.6 Y88.36 E2493.59557
G1 X110 Y88.36 E2493.90821
G0 F12000 X110 Y88.76
;TYPE:WALL-OUTER
G1 F1288 X119.8 Y88.76 E2494.23416
G1 X119.8 Y87.1 E2494.28937
G1 X100.2 Y87.1 E2494.94127
G1 X100.2 Y88.76 E2494.99648
G1 X110 Y88.76 E2495.32243
G0 F12000 X110 Y88.11
G1 F2700 E2490.32243
G0 F12000 X110.001 Y88.052
G0 X101.03 Y88.552
G0 X101.031 Y89.627
G0 X101.031 Y130.373
G0 X101.032 Y131.448
G0 X101.032 Y132.068
;TYPE:WALL-INNER
G1 F2700 E2495.32243
G1 F1110.3 X118.968 Y132.068 E2496.01443
G0 F12000 X110 Y132.19
G0 X110 Y132.5
G1 F1288 X119.4 Y132.5 E2496.32708
G1 X119.4 Y131.636 E2496.35582
G1 X100.6 Y131.636 E2496.98111
G1 X100.6 Y132.5 E2497.00984
G1 X110 Y132.5 E2497.32249
G0 F12000 X110 Y132.9
;TYPE:WALL-OUTER
G1 F1288 X119.8 Y132.9 E2497.64844
G1 X119.8 Y131.236 E2497.70378
G1 X100.2 Y131.236 E2498.35568
G1 X100.2 Y132.9 E2498.41103
G1 X110 Y132.9 E2498.73698
G0 F12000 X109.999 Y132.248
G1 F2700 E2493.73698
;MESH:NONMESH
G0 F300 Z18.8
G0 F12000 X109.999 Y132.19
G0 X100.99 Y131.448
G0 X100.989 Y130.373
G0 X100.989 Y89.627
G0 X100.988 Y88.552
G0 X100.988 Y87.888
;TIME_ELAPSED:2733.545859
;LAYER:93
;note -- min layer time used
;TYPE:WALL-INNER
;MESH:v1.STL(1)
G1 F2700 E2498.73698
G1 F1366.5 X119.012 Y87.888 E2499.30049
G0 F12000 X110 Y87.968
G0 X110 Y88.276
G1 F1284.5 X119.4 Y88.276 E2499.61313
G1 X119.4 Y87.5 E2499.63894
G1 X100.6 Y87.5 E2500.26423
G1 X100.6 Y88.276 E2500.29004
G1 X110 Y88.276 E2500.60269
G0 F12000 X110 Y88.676
;TYPE:WALL-OUTER
G1 F1284.5 X119.8 Y88.676 E2500.92864
G1 X119.8 Y87.1 E2500.98106
G1 X100.2 Y87.1 E2501.63295
G1 X100.2 Y88.676 E2501.68537
G1 X110 Y88.676 E2502.01132
G1 F2700 E2497.01132
G0 F12000 X110 Y87.968
G0 X100.988 Y88.468
G0 X100.989 Y89.543
G0 X100.989 Y130.457
G0 X100.99 Y131.532
G0 X100.99 Y132.11
;TYPE:WALL-INNER
G1 F2700 E2502.01132
G1 F1352.1 X119.01 Y132.11 E2502.5807
G0 F12000 X110 Y132.19
G0 X110 Y132.5
G1 F1284.5 X119.4 Y132.5 E2502.89335
G1 X119.4 Y131.72 E2502.91929
G1 X100.6 Y131.72 E2503.54458
G1 X100.6 Y132.5 E2503.57052
G1 X110 Y132.5 E2503.88317
G0 F12000 X110 Y132.9
;TYPE:WALL-OUTER
G1 F1284.5 X119.8 Y132.9 E2504.20912
G1 X119.8 Y131.32 E2504.26167
G1 X100.2 Y131.32 E2504.91357
G1 X100.2 Y132.9 E2504.96612
G1 X110 Y132.9 E2505.29207
G1 F2700 E2500.29207
;MESH:NONMESH
G0 F300 Z19
G0 F12000 X110 Y132.19
G0 X110.002 Y131.532
G0 X110.001 Y130.457
G0 X110.001 Y89.543
G0 X110 Y88.468
G0 X110 Y87.968
G0 X110 Y88.119
;TIME_ELAPSED:2746.139452
;LAYER:94
;note -- min layer time used
;TYPE:WALL-INNER
;MESH:v1.STL(1)
G1 F2700 E2505.29207
G1 F751 X119.327 Y88.119 E2505.71552
G1 X119.327 Y87.573 E2505.7403
G1 X100.673 Y87.573 E2506.5872
G1 X100.673 Y88.119 E2506.61199
G1 X110 Y88.119 E2507.03543
G0 F12000 X110 Y88.592
;TYPE:WALL-OUTER
G1 F1025.1 X119.8 Y88.592 E2507.36138
G1 X119.8 Y87.1 E2507.41101
G1 X100.2 Y87.1 E2508.0629
G1 X100.2 Y88.592 E2508.11253
G1 X110 Y88.592 E2508.43848
G1 F2700 E2503.43848
G0 F12000 X110 Y87.884
G0 X109.998 Y88.384
G0 X109.999 Y89.459
G0 X109.999 Y130.541
G0 X110 Y131.616
G0 X110 Y132.19
G0 X110 Y132.426
;TYPE:WALL-INNER
G1 F2700 E2508.43848
G1 F748.2 X119.326 Y132.426 E2508.86343
G1 X119.326 Y131.878 E2508.8884
G1 X100.674 Y131.878 E2509.7383
G1 X100.674 Y132.426 E2509.76327
G1 X110 Y132.426 E2510.18823
G0 F12000 X110 Y132.9
;TYPE:WALL-OUTER
G1 F1025.1 X119.8 Y132.9 E2510.51418
G1 X119.8 Y131.404 E2510.56393
G1 X100.2 Y131.404 E2511.21583
G1 X100.2 Y132.9 E2511.26559
G1 X110 Y132.9 E2511.59154
G1 F2700 E2506.59154
;MESH:NONMESH
G0 F300 Z19.2
G0 F12000 X110 Y132.19
G0 X110.002 Y131.616
G0 X110.001 Y130.541
G0 X110.001 Y89.459
G0 X110 Y88.384
G0 X110 Y87.884
G0 X110 Y88.056
;TIME_ELAPSED:2759.575911
;LAYER:95
;note -- min layer time used
;TYPE:WALL-INNER
;MESH:v1.STL(1)
G1 F2700 E2511.59154
G1 F811.9 X119.348 Y88.056 E2511.98329
G1 X119.348 Y87.552 E2512.00441
G1 X100.652 Y87.552 E2512.78792
G1 X100.652 Y88.056 E2512.80904
G1 X110 Y88.056 E2513.2008
G0 F12000 X110 Y88.508
;TYPE:WALL-OUTER
G1 F1023 X119.8 Y88.508 E2513.52675
G1 X119.8 Y87.1 E2513.57358
G1 X100.2 Y87.1 E2514.22547
G1 X100.2 Y88.508 E2514.27231
G1 X110 Y88.508 E2514.59825
G1 F2700 E2509.59825
G0 F12000 X110 Y87.8
G0 X109.997 Y88.3
G0 X109.998 Y89.375
G0 X109.998 Y130.625
G0 X109.999 Y131.7
G0 X109.999 Y132.2
G0 X110 Y132.447
;TYPE:WALL-INNER
G1 F2700 E2514.59825
G1 F808.7 X119.347 Y132.447 E2514.99152
G1 X119.347 Y131.941 E2515.01281
G1 X100.653 Y131.941 E2515.79934
G1 X100.653 Y132.447 E2515.82063
G1 X110 Y132.447 E2516.2139
G0 F12000 X110 Y132.9
;TYPE:WALL-OUTER
G1 F1023 X119.8 Y132.9 E2516.53985
G1 X119.8 Y131.488 E2516.58681
G1 X100.2 Y131.488 E2517.23871
G1 X100.2 Y132.9 E2517.28567
G1 X110 Y132.9 E2517.61162
G1 F2700 E2512.61162
;MESH:NONMESH
G0 F300 Z19.4
G0 F12000 X110 Y132.19
G0 X110.002 Y131.7
G0 X110.001 Y130.625
G0 X110.001 Y89.375
G0 X110 Y88.3
G0 X110 Y87.81
G0 X110 Y87.993
;TIME_ELAPSED:2772.554714
;LAYER:96
;note -- min layer time used
;TYPE:WALL-INNER
;MESH:v1.STL(1)
G1 F2700 E2517.61162
G1 F883.9 X119.369 Y87.993 E2517.97154
G1 X119.369 Y87.531 E2517.98929
G1 X100.631 Y87.531 E2518.70911
G1 X100.631 Y87.993 E2518.72686
G1 X110 Y87.993 E2519.08678
G0 F12000 X110 Y88.424
;TYPE:WALL-OUTER
G1 F1020.9 X119.8 Y88.424 E2519.41273
G1 X119.8 Y87.1 E2519.45676
G1 X100.2 Y87.1 E2520.10866
G1 X100.2 Y88.424 E2520.1527
G1 X110 Y88.424 E2520.47865
G1 F2700 E2515.47865
G0 F12000 X110 Y87.716
G0 X109.997 Y88.216
G0 X109.998 Y89.291
G0 X109.998 Y130.709
G0 X109.999 Y131.784
G0 X109.999 Y132.284
G0 X110 Y132.468
;TYPE:WALL-INNER
G1 F2700 E2520.47865
G1 F880.1 X119.368 Y132.468 E2520.84008
G1 X119.368 Y132.004 E2520.85798
G1 X100.632 Y132.004 E2521.58085
G1 X100.632 Y132.468 E2521.59875
G1 X110 Y132.468 E2521.96019
G0 F12000 X110 Y132.9
;TYPE:WALL-OUTER
G1 F1020.9 X119.8 Y132.9 E2522.28614
G1 X119.8 Y131.572 E2522.3303
G1 X100.2 Y131.572 E2522.9822
G1 X100.2 Y132.9 E2523.02637
G1 X110 Y132.9 E2523.35232
G1 F2700 E2518.35232
;MESH:NONMESH
G0 F300 Z19.6
G0 F12000 X110 Y132.19
G0 X110.002 Y131.784
G0 X110.001 Y130.709
G0 X110.001 Y89.291
G0 X110 Y88.216
G0 X110 Y87.81
G0 X110 Y87.93
;TIME_ELAPSED:2785.069082
;LAYER:97
;note -- min layer time used
;TYPE:WALL-INNER
;MESH:v1.STL(1)
G1 F2700 E2523.35232
G1 F970.2 X119.39 Y87.93 E2523.68025
G1 X119.39 Y87.51 E2523.69492
G1 X100.61 Y87.51 E2524.35077
G1 X100.61 Y87.93 E2524.36544
G1 X110 Y87.93 E2524.69337
G0 F12000 X110 Y88.34
;TYPE:WALL-OUTER
G1 F1018.7 X119.8 Y88.34 E2525.01932
G1 X119.8 Y87.1 E2525.06056
G1 X100.2 Y87.1 E2525.71246
G1 X100.2 Y88.34 E2525.7537
G1 X110 Y88.34 E2526.07965
G1 F2700 E2521.07965
G0 F12000 X110 Y87.76
G0 X109.998 Y88.132
G0 X109.999 Y89.207
G0 X109.999 Y130.793
G0 X110 Y132.489
;TYPE:WALL-INNER
G1 F2700 E2526.07965
G1 F965.6 X119.389 Y132.489 E2526.40911
G1 X119.389 Y132.067 E2526.42392
G1 X100.611 Y132.067 E2527.08283
G1 X100.611 Y132.489 E2527.09763
G1 X110 Y132.489 E2527.42709
G0 F12000 X110 Y132.9
;TYPE:WALL-OUTER
G1 F1018.7 X119.8 Y132.9 E2527.75304
G1 X119.8 Y131.656 E2527.79441
G1 X100.2 Y131.656 E2528.44631
G1 X100.2 Y132.9 E2528.48769
G1 X110 Y132.9 E2528.81364
G1 F2700 E2523.81364
;MESH:NONMESH
G0 F300 Z19.8
G0 F12000 X110 Y132.318
G0 X110.002 Y131.868
G0 X110.001 Y130.793
G0 X110.001 Y89.207
G0 X110 Y87.867
;TIME_ELAPSED:2797.107579
;LAYER:98
;note -- min layer time used
;TYPE:WALL-INNER
;MESH:v1.STL(1)
G1 F2700 E2528.81364
G1 F1075.5 X119.411 Y87.867 E2529.10943
G1 X119.411 Y87.489 E2529.12131
G1 X100.589 Y87.489 E2529.7129
G1 X100.589 Y87.867 E2529.72478
G1 X110 Y87.867 E2530.02058
G0 F12000 X110 Y88.256
;TYPE:WALL-OUTER
G1 F1016.4 X119.8 Y88.256 E2530.34653
G1 X119.8 Y87.1 E2530.38498
G1 X100.2 Y87.1 E2531.03688
G1 X100.2 Y88.256 E2531.07533
G1 X110 Y88.256 E2531.40127
G1 F2700 E2526.40127
G0 F12000 X110 Y87.948
G0 X109.999 Y89.123
G0 X109.999 Y130.877
G0 X110 Y132.51
;TYPE:WALL-INNER
G1 F2700 E2531.40127
G1 F1069.9 X119.41 Y132.51 E2531.6986
G1 X119.41 Y132.13 E2531.71061
G1 X100.59 Y132.13 E2532.30527
G1 X100.59 Y132.51 E2532.31728
G1 X110 Y132.51 E2532.6146
G0 F12000 X110 Y132.9
;TYPE:WALL-OUTER
G1 F1016.4 X119.8 Y132.9 E2532.94055
G1 X119.8 Y131.74 E2532.97914
G1 X100.2 Y131.74 E2533.63103
G1 X100.2 Y132.9 E2533.66962
G1 X110 Y132.9 E2533.99557
G1 F2700 E2528.99557
;MESH:NONMESH
G0 F300 Z20
G0 F12000 X110 Y132.59
G0 X100.738 Y131.952
G0 X100.737 Y130.877
G0 X100.737 Y89.123
G0 X100.736 Y87.636
;TIME_ELAPSED:2808.943446
;LAYER:99
;note -- min layer time used
;TYPE:WALL-INNER
;MESH:v1.STL(1)
G1 F2700 E2533.99557
G1 F471.5 X119.264 Y87.636 E2535.03085
G1 F2700 E2530.03085
G0 F12000 X110 Y87.864
G0 X110 Y88.172
;TYPE:WALL-OUTER
G1 F2700 E2535.03085
G1 F792.2 X119.8 Y88.172 E2535.3568
G1 X119.8 Y87.1 E2535.39246
G1 X100.2 Y87.1 E2536.04436
G1 X100.2 Y88.172 E2536.08001
G1 X110 Y88.172 E2536.40596
G1 F2700 E2531.40596
G0 F12000 X110 Y87.864
G0 X119.26 Y87.964
G0 X119.261 Y89.039
G0 X119.261 Y130.961
G0 X119.262 Y132.362
;TYPE:WALL-INNER
G1 F2700 E2536.40596
G1 F468.7 X100.738 Y132.362 E2537.44719
G1 F2700 E2532.44719
G0 F12000 X110 Y132.59
G0 X110 Y132.9
;TYPE:WALL-OUTER
G1 F2700 E2537.44719
G1 F792.2 X119.8 Y132.9 E2537.77314
G1 X119.8 Y131.824 E2537.80893
G1 X100.2 Y131.824 E2538.46082
G1 X100.2 Y132.9 E2538.49661
G1 X110 Y132.9 E2538.82256
G1 F2700 E2533.82256
;MESH:NONMESH
G0 F300 Z20.2
G0 F12000 X110 Y132.59
G0 X100.698 Y132.036
G0 X100.697 Y130.961
G0 X100.697 Y89.039
G0 X100.696 Y87.596
;TIME_ELAPSED:2823.836919
;LAYER:100
;note -- min layer time used
;TYPE:WALL-INNER
;MESH:v1.STL(1)
G1 F2700 E2538.82256
G1 F534.6 X119.304 Y87.596 E2539.73854
G1 F2700 E2534.73854
G0 F12000 X110 Y87.783
G0 X110 Y88.092
;TYPE:WALL-OUTER
G1 F2700 E2539.73854
G1 F791.2 X119.8 Y88.092 E2540.06449
G1 X119.8 Y87.1 E2540.09748
G1 X100.2 Y87.1 E2540.74938
G1 X100.2 Y88.092 E2540.78238
G1 X110 Y88.092 E2541.10833
G1 F2700 E2536.10833
G0 F12000 X110 Y87.783
G0 X100.696 Y87.883
G0 X100.697 Y88.958
G0 X100.696 Y131.041
G0 X100.698 Y132.402
;TYPE:WALL-INNER
G1 F2700 E2541.10833
G1 F531 X119.302 Y132.402 E2542.0303
G1 F2700 E2537.0303
G0 F12000 X110 Y132.59
G0 X110 Y132.9
;TYPE:WALL-OUTER
G1 F2700 E2542.0303
G1 F791.2 X119.8 Y132.9 E2542.35625
G1 X119.8 Y131.904 E2542.38937
G1 X100.2 Y131.904 E2543.04127
G1 X100.2 Y132.9 E2543.0744
G1 X110 Y132.9 E2543.40035
G1 F2700 E2538.40035
;MESH:NONMESH
G0 F300 Z20.4
G0 F12000 X110 Y132.59
G0 X100.666 Y132.136
G0 X100.666 Y131.041
G0 X100.425 Y88.958
G0 X100.666 Y87.566
;TIME_ELAPSED:2838.181978
;LAYER:101
;note -- min layer time used
;TYPE:WALL-INNER
;MESH:v1.STL(1)
G1 F2700 E2543.40035
G1 F596.6 X119.336 Y87.564 E2544.22313
G1 F2700 E2539.22313
G0 F12000 X109.771 Y87.721
G0 X109.771 Y88.031
;TYPE:WALL-OUTER
G1 F2700 E2544.22313
G1 F790.5 X119.8 Y88.028 E2544.55669
G1 X119.8 Y87.1 E2544.58756
G1 X100.2 Y87.1 E2545.23946
G1 X100.2 Y88.032 E2545.27046
G1 X109.771 Y88.031 E2545.58879
G1 F2700 E2540.58879
G0 F12000 X109.771 Y87.721
G0 X100.664 Y87.821
G0 X100.665 Y88.896
G0 X100.664 Y131.103
G0 X100.666 Y132.434
;TYPE:WALL-INNER
G1 F2700 E2545.58879
G1 F594.4 X119.334 Y132.434 E2546.41459
G1 F2700 E2541.41459
G0 F12000 X110 Y132.59
G0 X110 Y132.9
;TYPE:WALL-OUTER
G1 F2700 E2546.41459
G1 F790.5 X119.8 Y132.9 E2546.74054
G1 X119.8 Y131.968 E2546.77153
G1 X100.2 Y131.968 E2547.42343
G1 X100.2 Y132.9 E2547.45443
G1 X110 Y132.9 E2547.78038
G1 F2700 E2542.78038
;MESH:NONMESH
G0 F300 Z20.6
G0 F12000 X110 Y132.59
G0 X100.634 Y132.198
G0 X100.634 Y131.103
G0 X100.425 Y88.896
G0 X100.634 Y87.534
;TIME_ELAPSED:2852.091329
;LAYER:102
;note -- min layer time used
;TYPE:WALL-INNER
;MESH:v1.STL(1)
G1 F2700 E2547.78038
G1 F675 X119.366 Y87.534 E2548.50932
G1 F2700 E2543.50932
G0 F12000 X110 Y87.658
G0 X110 Y87.968
;TYPE:WALL-OUTER
G1 F2700 E2548.50932
G1 F789.8 X119.8 Y87.968 E2548.83527
G1 X119.8 Y87.1 E2548.86414
G1 X100.2 Y87.1 E2549.51604
G1 X100.2 Y87.968 E2549.54491
G1 X110 Y87.968 E2549.87086
G1 F2700 E2544.87086
G0 F12000 X110 Y87.658
G0 X100.634 Y87.758
G0 X100.635 Y88.833
G0 X100.634 Y131.166
G0 X100.636 Y132.464
;TYPE:WALL-INNER
G1 F2700 E2549.87086
G1 F669.3 X119.364 Y132.464 E2550.60588
G1 F2700 E2545.60588
G0 F12000 X110 Y132.59
G0 X110 Y132.9
;TYPE:WALL-OUTER
G1 F2700 E2550.60588
G1 F789.8 X119.8 Y132.9 E2550.93183
G1 X119.8 Y132.028 E2550.96083
G1 X100.2 Y132.028 E2551.61273
G1 X100.2 Y132.9 E2551.64173
G1 X110 Y132.9 E2551.96768
G1 F2700 E2546.96768
;MESH:NONMESH
G0 F300 Z20.8
G0 F12000 X110 Y132.59
G0 X100.602 Y132.261
G0 X100.602 Y131.166
G0 X100.425 Y88.833
G0 X100.602 Y87.502
;TIME_ELAPSED:2865.575966
;LAYER:103
;note -- min layer time used
;TYPE:WALL-INNER
;MESH:v1.STL(1)
G1 F2700 E2551.96768
G1 F781.2 X119.398 Y87.502 E2552.59909
G1 F2700 E2547.59909
G0 F12000 X110 Y87.595
G0 X110 Y87.904
;TYPE:WALL-OUTER
G1 F2700 E2552.59909
G1 F789 X119.8 Y87.904 E2552.92504
G1 X119.8 Y87.1 E2552.95178
G1 X100.2 Y87.1 E2553.60368
G1 X100.2 Y87.904 E2553.63042
G1 X110 Y87.904 E2553.95637
G1 F2700 E2548.95637
G0 F12000 X110 Y87.595
G0 X119.394 Y87.695
G0 X119.395 Y88.77
G0 X119.394 Y131.229
G0 X119.396 Y132.496
;TYPE:WALL-INNER
G1 F2700 E2553.95637
G1 F773.6 X100.604 Y132.496 E2554.5939
G1 F2700 E2549.5939
G0 F12000 X110 Y132.59
G0 X110 Y132.9
;TYPE:WALL-OUTER
G1 F2700 E2554.5939
G1 F789 X119.8 Y132.9 E2554.91984
G1 X119.8 Y132.092 E2554.94672
G1 X100.2 Y132.092 E2555.59862
G1 X100.2 Y132.9 E2555.62549
G1 X110 Y132.9 E2555.95144
G1 F2700 E2550.95144
;MESH:NONMESH
G0 F300 Z21
G0 F12000 X110 Y132.59
G0 X100.572 Y132.324
G0 X100.572 Y131.229
G0 X100.425 Y88.77
G0 X100.572 Y87.472
;TIME_ELAPSED:2878.612102
;LAYER:104
;note -- min layer time used
;TYPE:WALL-INNER
;MESH:v1.STL(1)
G1 F2700 E2555.95144
G1 F922 X119.43 Y87.47 E2556.48771
G1 F2700 E2551.48771
G0 F12000 X109.77 Y87.533
G0 X109.77 Y87.843
;TYPE:WALL-OUTER
G1 F2700 E2556.48771
G1 F788.3 X119.8 Y87.84 E2556.82131
G1 X119.8 Y87.1 E2556.84593
G1 X100.2 Y87.1 E2557.49782
G1 X100.2 Y87.844 E2557.52257
G1 X109.77 Y87.843 E2557.84087
G1 F2700 E2552.84087
G0 F12000 X109.77 Y87.533
G0 X100.57 Y87.633
G0 X100.571 Y88.708
G0 X100.57 Y131.291
G0 X100.572 Y132.528
;TYPE:WALL-INNER
G1 F2700 E2557.84087
G1 F916.6 X119.428 Y132.528 E2558.38022
G1 F2700 E2553.38022
G0 F12000 X110 Y132.59
G0 X110 Y132.9
;TYPE:WALL-OUTER
G1 F2700 E2558.38022
G1 F788.3 X119.8 Y132.9 E2558.70617
G1 X119.8 Y132.156 E2558.73092
G1 X100.2 Y132.156 E2559.38281
G1 X100.2 Y132.9 E2559.40756
G1 X110 Y132.9 E2559.73351
G1 F2700 E2554.73351
;MESH:NONMESH
G0 F300 Z21.2
G0 F12000 X110 Y132.59
G0 X110 Y131.291
G0 X109.999 Y88.708
G0 X110 Y87.71
;TIME_ELAPSED:2890.931695
;LAYER:105
;note -- min layer time used
;TYPE:WALL-OUTER
;MESH:v1.STL(1)
G1 F2700 E2559.73351
G1 F444.4 X100.27 Y87.71 E2560.1704
G1 X100.27 Y87.17 E2560.19464
G1 X119.73 Y87.17 E2561.06842
G1 X119.73 Y87.71 E2561.09267
G1 X110 Y87.71 E2561.52956
G1 F2700 E2556.52956
G0 F12000 X110 Y87.47
G0 X109.999 Y88.645
G0 X109.998 Y131.354
G0 X110 Y132.829
G1 F2700 E2561.52956
G1 F442.8 X100.271 Y132.829 E2561.96802
G1 X100.271 Y132.287 E2561.99244
G1 X119.729 Y132.287 E2562.86937
G1 X119.729 Y132.829 E2562.89379
G1 X110 Y132.829 E2563.33226
G1 F2700 E2558.33226
;MESH:NONMESH
G0 F300 Z21.4
G0 F12000 X110 Y132.59
G0 X110 Y131.354
G0 X109.999 Y88.645
G0 X110 Y87.662
;TIME_ELAPSED:2903.784227
;LAYER:106
;note -- min layer time used
;TYPE:WALL-OUTER
;MESH:v1.STL(1)
G1 F2700 E2563.33226
G1 F472.4 X100.254 Y87.662 E2563.74393
G1 X100.254 Y87.154 E2563.76539
G1 X119.746 Y87.154 E2564.58874
G1 X119.746 Y87.662 E2564.6102
G1 X110 Y87.662 E2565.02187
G1 F2700 E2560.02187
G0 F12000 X110 Y87.408
G0 X109.999 Y88.583
G0 X109.998 Y131.416
G0 X110 Y132.845
G1 F2700 E2565.02187
G1 F470.6 X100.255 Y132.845 E2565.43512
G1 X100.255 Y132.335 E2565.45675
G1 X119.745 Y132.335 E2566.28326
G1 X119.745 Y132.845 E2566.30488
G1 X110 Y132.845 E2566.71814
G1 F2700 E2561.71814
;MESH:NONMESH
G0 F300 Z21.6
G0 F12000 X110 Y132.59
G0 X109.827 Y131.416
G0 X109.826 Y88.583
G0 X109.827 Y87.616
;TIME_ELAPSED:2916.000902
;LAYER:107
;note -- min layer time used
;TYPE:WALL-OUTER
;MESH:v1.STL(1)
G1 F2700 E2566.71814
G1 F503.1 X100.239 Y87.617 E2567.09842
G1 F502.1 X100.239 Y87.139 E2567.11742
G1 F503.1 X119.762 Y87.138 E2567.89176
G1 F504.2 X119.762 Y87.614 E2567.9106
G1 X109.827 Y87.616 E2568.30382
G1 F2700 E2563.30382
G0 F12000 X109.827 Y87.345
G0 X109.999 Y88.52
G0 X109.998 Y131.479
G0 X110 Y132.861
G1 F2700 E2568.30382
G1 F502.1 X100.239 Y132.861 E2568.69178
G1 X100.239 Y132.383 E2568.71078
G1 X119.761 Y132.383 E2569.4867
G1 X119.761 Y132.861 E2569.5057
G1 X110 Y132.861 E2569.89365
G1 F2700 E2564.89365
;MESH:NONMESH
G0 F300 Z21.8
G0 F12000 X110 Y132.59
G0 X110 Y131.479
G0 X109.999 Y88.52
G0 X110 Y87.569
;TIME_ELAPSED:2927.590459
;LAYER:108
;note -- min layer time used
;TYPE:WALL-OUTER
;MESH:v1.STL(1)
G1 F2700 E2569.89365
G1 F538.1 X100.223 Y87.569 E2570.25623
G1 X100.223 Y87.123 E2570.27277
G1 X119.777 Y87.123 E2570.99794
G1 X119.777 Y87.569 E2571.01448
G1 X110 Y87.569 E2571.37706
G1 F2700 E2566.37706
G0 F12000 X110 Y87.36
G0 X109.999 Y88.458
G0 X109.998 Y131.541
G0 X110 Y132.876
G1 F2700 E2571.37706
G1 F535.7 X100.224 Y132.876 E2571.74123
G1 X100.224 Y132.428 E2571.75791
G1 X119.776 Y132.428 E2572.48625
G1 X119.776 Y132.876 E2572.50294
G1 X110 Y132.876 E2572.86711
G1 F2700 E2567.86711
;MESH:NONMESH
G0 F300 Z22
G0 F12000 X110 Y132.666
G0 X110 Y131.541
G0 X109.999 Y88.458
G0 X110 Y87.521
;TIME_ELAPSED:2938.572737
;LAYER:109
;note -- min layer time used
;TYPE:WALL-OUTER
;MESH:v1.STL(1)
G1 F2700 E2572.86711
G1 F579.7 X100.207 Y87.521 E2573.20423
G1 X100.207 Y87.107 E2573.21848
G1 X119.793 Y87.107 E2573.89271
G1 X119.793 Y87.521 E2573.90696
G1 X110 Y87.521 E2574.24408
G1 F2700 E2569.24408
G0 F12000 X110.001 Y88.395
G0 X110 Y131.604
G0 X110 Y132.892
G1 F2700 E2574.24408
G1 F576.9 X100.208 Y132.892 E2574.58279
G1 X100.208 Y132.476 E2574.59718
G1 X119.792 Y132.476 E2575.2746
G1 X119.792 Y132.892 E2575.28899
G1 X110 Y132.892 E2575.6277
G1 F2700 E2570.6277
;MESH:NONMESH
G0 F300 Z22.2
G0 F12000 X110 Y131.604
G0 X110.001 Y88.395
G0 X110 Y87.476
;TIME_ELAPSED:2948.889677
;LAYER:110
;note -- min layer time used
;TYPE:WALL-OUTER
;MESH:v1.STL(1)
G1 F2700 E2575.6277
G1 F625 X100.192 Y87.476 E2575.94087
G1 X100.192 Y87.092 E2575.95313
G1 X119.808 Y87.092 E2576.57946
G1 X119.808 Y87.476 E2576.59172
G1 X110 Y87.476 E2576.90489
G1 F2700 E2571.90489
G0 F12000 X110.001 Y88.333
G0 X110 Y131.666
G0 X110 Y132.907
G1 F2700 E2576.90489
G1 F621.8 X100.193 Y132.907 E2577.21966
G1 X100.193 Y132.521 E2577.23205
G1 X119.807 Y132.521 E2577.86158
G1 X119.807 Y132.907 E2577.87397
G1 X110 Y132.907 E2578.18873
;TIME_ELAPSED:2957.777542
G1 F2700 E2573.18873
M140 S0
M107
G91 ;Relative positioning
G1 E-2 F2700 ;Retract a bit
G1 E-2 Z0.2 F2400 ;Retract and raise Z
G1 X5 Y5 F3000 ;Wipe out
G1 Z10 ;Raise Z more
G90 ;Absolute positioning

G28 X0 Y0 ;Present print
M106 S0 ;Turn-off fan
M104 S0 ;Turn-off hotend
M140 S0 ;Turn-off bed

M84 X Y E ;Disable all steppers but Z

M82 ;absolute extrusion mode
M104 S0
;End of Gcode
;SETTING_3 {"global_quality": "[general]\\nversion = 4\\nname = Standard Quality
;SETTING_3  #2\\ndefinition = creality_base\\n\\n[metadata]\\ntype = quality_cha
;SETTING_3 nges\\nquality_type = standard\\nsetting_version = 26\\n\\n[values]\\
;SETTING_3 n\\n", "extruder_quality": ["[general]\\nversion = 4\\nname = Standar
;SETTING_3 d Quality #2\\ndefinition = creality_ender5\\n\\n[metadata]\\ntype = 
;SETTING_3 quality_changes\\nquality_type = standard\\nsetting_version = 26\\npo
;SETTING_3 sition = 0\\n\\n[values]\\ninfill_sparse_density = 30\\nwall_line_cou
;SETTING_3 nt = 5\\n\\n"]}
